---,分隔線,商店資訊---
申請編號,
公司名稱,全家便利商店股份有限公司
城市,臺北市
鄉鎮市區,中山區
詳細地址,中山北路二段61號7F
電話,02-25239588
介紹,全家就是你家
訂購備註,部分商品數量有限，請以現場供應為準。自備飲料杯省5元。
主分類,C
次分類,3
是否顯示,1
強制更新,0
版本,4

---,分隔線,商品分類代碼,---
商品分類編號,商品分類名稱
100,Let's Cafe
200,仿手沖單品
300,義式單品
400,Let's Tea



---,分隔線,共用選項代碼,---
選項編號,選項名稱,必選項目
1,冷熱飲,1
2,冷熱飲,1
3,冷熱飲,1
4,冷熱飲,1
5,附加選項,0
6,請選擇風味,0

---,分隔線,共用選項價格代碼,---
選項編號,名稱,價格
1,冰,0
1,熱,0
2,冰,0
3,熱,0
5,糖球,0
5,奶精,0
5,砂糖,0
6,火龍果,0
6,巨峰葡萄,0
6,野莓風味,0

---,分隔線,商品資料---
商品分類編號,選項,價格,名稱,簡單描述,詳細描述
100,2,L$75,經典咖啡凍拿鐵,,
100,1&5,M$60&L$80&XL$100,單品美式,,
100,1&5,M$70&L$90&XL$110,單品拿鐵,,
100,1&5,M$35&L$45&XL$60,經典美式,,
100,1&5,M$45&L$55&XL$70,經典拿鐵,,
100,1&5,L$55&XL$65,特濃美式,,
100,1&5,L$65&XL$80,特濃拿鐵,,
100,3,L$60,卡布奇諾,,
100,1,L$75,燕麥奶拿鐵(OATLY/愛之味),,
100,1&5,L$75,經典摩卡拿鐵,,
100,1&5,L$65,慢煮焦糖拿鐵,,
100,1&5,L$75,椰棗蜜拿鐵,,
100,2,L$65,椰棗蜜牛奶(冰),,
100,3,M$65,椰棗蜜牛奶(熱),,
100,5,L$70&XL$80,經典冰磚拿鐵,,
100,1&5,L$75,緞金龍金高拿鐵,,酒精濃度0.5%以下屬一般食品，懷孕、對酒精過敏者請斟酌飲用。
100,2,L$65,Cona's草莓白巧可可(冰),,
100,3,M$65,Cona's草莓白巧可可(熱),,
100,2,L$50,醇黑厚可可飲(冰),,
100,3,M$50,醇黑厚可可飲(熱),,
100,5,XL$75,卡曼橘美式,,
100,3,30ml$35,義式濃縮,,
100,3,一壺$280,美好分享壺,(12杯小熱美)
100,,L$75,鮮乳坊拿鐵,(A2β酪蛋白/嘉明),
100,,L$75,西西里咖啡,,

200,1,M$80,印尼曼特寧G1,半水洗|中深焙野梅、胡桃、巧克力,超強回甘，並在甘苦夾帶中散出天然水果香氣。
200,1,M$80,耶加雪菲,日曬|中深焙花香、柑橘、蜂蜜,活躍的柑橘酸與花香，甘甜絲綢口感。
200,1,M$80,宏都拉斯,水洗|中深焙濃郁苦甜可可香,柔和水果、温潤順口;焦糖甜、堅果巧克力、楓胞餘韻。
200,1,M$80,印度巴巴不丹,水洗|中深焙黃肉李、巧克力、焙茶,亞洲特有草本風味，溫和酸質，茶香尾韻。
200,1,M$80,烏干達月亮山,日曬|中深烘培熟芒果、桃子、阿薩姆红茶,具带水果成香氣核果香韻，口感實滑脂，甜感明顯。
200,1,M$80,墨西哥馬雅,水洗|中深焙李子、可可、楓糖,帶李子果香、可可甘醇成，楓糖香尾韻收尾。
200,1,M$150,台灣阿里山,水洗|中深焙麥香、烏龍茶、榛果、紅糖,優雅的麥香、紅糖香甜在口中慢慢擴散，餘韻帶有台灣烏龍茶微香。

300,1,M$90,義式拿鐵,,義式咖啡機沖煮，綿密奶泡、濃郁奶香、醇厚口感
300,3,M$90,義式卡布奇諾,,義式咖啡機沖煮，綿密奶泡、濃郁奶香、醇厚口感

400,2,XL$55,阿里山高冷烏龍,台灣(冰),
400,3,L$55,阿里山高冷烏龍,台灣(熱),
400,3,L$55,唐寧經典伯爵茶,肯亞、印度,
400,3,L$65,唐寧伯爵醇奶茶,肯亞、印度,
400,2,XL$40,四季春青茶,台灣(冰),
400,3,L$40,四季春青茶,台灣(熱),
400,2,XL$40,四季春冷泡茶,台灣(冰),
400,3,L$40,四季春冷泡茶,台灣(熱),
400,1,L$40,仙女紅茶,台灣、阿根廷、斯里蘭卡,
400,1,L$55,仙女醇奶茶,台灣、阿根廷、斯里蘭卡,
400,1,L$65,厚濃靜岡抹茶拿鐵,日本靜岡縣,
400,1,L$65,焙茶拿鐵,台灣、肯亞,
400,2,XL$55,好喝奶茶,台灣、肯亞,
400,2,XL$65,好喝蕎麥奶茶,台灣、肯亞,
400,2,XL$65,紅心芭樂牛奶,台灣,
400,2,XL$109,哈根達斯芒果果漾仙女紅,台灣、阿根廷、斯里蘭卡,
400,2,XL$109,哈根達斯蜜桃果漾仙女紅,台灣、阿根廷、斯里蘭卡,
400,2,XL$65,卡曼橘青茶,台灣,
400,2,XL$65,芭樂檸檬綠,台灣,
400,2,XL$65,4水果茶,台灣,
400,2,XL$65,柳橙香柚綠茶,台灣,
400,3,L$65,永豐餘生技杏仁國寶奶茶,,
400,3,L$65,燒燒仙草,,
400,2,XL$65,荔枝貴妃紅茶,斯里蘭卡、台灣,
400,2,XL$65,桃粿仙女紅茶,台灣、阿根廷、斯里蘭卡,
400,2,XL$65,夏芒粉角青茶,印度、台灣、日本,
400,2,XL$65,寒天甘蔗檸檬,,
400,1,XL$80,燕麥奶紅茶Oatly/愛之味,台灣、阿根廷、斯里蘭卡,
400,1&6,XL$105,能量仙女紅,台灣、阿根廷、斯里蘭卡,


---,分隔線,分公司基本資料,---
FamilyMart 全家新德店,02-2321-4351,台北市,中正區,八德路一段４３巷２號,25.040793,121.518534
FamilyMart 全家新惠安店,02-2303-6887,台北市,中正區,中華路二段３０７巷４６號,25.028401,121.505774
FamilyMart 全家高鐵一店,02-2361-9736,台北市,中正區,北平西路３號Ｂ１東側,25.047203,121.517044
FamilyMart 全家台鐵西店,02-2314-1492,台北市,中正區,臺北市中正區北平西路３號（西南站）,25.047203,121.517044
FamilyMart 全家台鐵二店,02-2314-7112,台北市,中正區,臺北市中正區北平西路３號Ｂ１,25.047203,121.517044
FamilyMart 全家台鐵東店,02-2389-3070,台北市,中正區,臺北市中正區北平西路３號（東北站）,25.047203,121.517044
FamilyMart 全家新龍口店,02-2304-7184,台北市,中正區,汀州路一段２４４號,25.025318,121.517592
FamilyMart 全家金門店,02-2364-2756,台北市,中正區,汀州路二段２１６號１樓,25.013659,121.534399
FamilyMart 全家文盛店,02-2368-1345,台北市,中正區,汀州路三段１７３號,25.012862,121.535183
FamilyMart 全家辛館店,02-2368-8257,台北市,中正區,辛亥路一段１３號,25.026387,121.518738
FamilyMart 全家郡王店,02-2371-9902,台北市,中正區,延平南路６８號,25.041885,121.509561
FamilyMart 全家和醫店,02-2312-2560,台北市,中正區,延平南路１５９號１樓,25.046308,121.515803
FamilyMart 全家凱撒店,02-2389-8803,台北市,中正區,忠孝西路一段３８號１樓（部份）,25.047165,121.512733
FamilyMart 全家崇聖店,02-2381-8610,台北市,中正區,忠孝西路一段４號,25.04691,121.516746
FamilyMart 全家北車捷運店,02-2314-0359,台北市,中正區,臺北市中正區忠孝西路一段４９號Ｂ１,25.04633,121.517916
FamilyMart 全家善導寺店,02-2396-4652,台北市,中正區,忠孝東路一段９號１樓,25.04314,121.530909
FamilyMart 全家忠孝新生店,02-2322-3385,台北市,中正區,忠孝東路二段１３４巷８號１樓及地下室,25.042543,121.526566
FamilyMart 全家文祥店,02-2391-4884,台北市,中正區,杭州南路一段１４７號,25.039944,121.522046
FamilyMart 全家北盛店,02-2361-2673,台北市,中正區,青島西路１３號,25.044774,121.516203
FamilyMart 全家東正店,02-2343-5271,台北市,中正區,信義路一段１號１樓,25.032433,121.517011
FamilyMart 全家正陽店,02-2361-3524,台北市,中正區,南陽街１號,25.043947,121.51306
FamilyMart 全家台六宿舍店,02-3322-6216,台北市,中正區,徐州路２之２號１Ｆ,25.045438,121.516757
FamilyMart 全家博愛店,02-2343-2173,台北市,中正區,博愛路６３號１Ｆ＋Ｂ１Ｆ,25.046144,121.512513
FamilyMart 全家嶺先店,02-2367-2038,台北市,中正區,廈門街１１３巷１７號１樓及地下室部分,25.035578,121.513569
FamilyMart 全家漢盛店,02-2311-7024,台北市,中正區,漢口街一段１８號,25.029407,121.519789
FamilyMart 全家機場捷運店,02-2331-1029,台北市,中正區,鄭州路８號Ｂ１樓,25.042355,121.511054
FamilyMart 全家衡慶店,02-2382-0271,台北市,中正區,衡陽路７號１樓部分（如附圖）,25.044561,121.514898
FamilyMart 全家齊東店,02-2394-2076,台北市,中正區,濟南路二段３－７號１樓,25.043519,121.515838
FamilyMart 全家西站店,02-2312-0577,台北市,中正區,懷寧街７之１號,25.02764,121.521717
FamilyMart 全家羅安店,02-2365-4518,台北市,中正區,羅斯福路二段１４０號１樓,25.023396,121.524883
FamilyMart 全家羅館店,02-2367-5612,台北市,中正區,羅斯福路三段２４４巷７號１樓,25.015748,121.5326
FamilyMart 全家大龍店,02-2598-0054,台北市,大同區,大龍街１３３號１樓,25.070586,121.515924
FamilyMart 全家泰元店,02-2559-2980,台北市,大同區,太原路８１號,25.055294,121.516696
FamilyMart 全家萬全店,02-2557-6965,台北市,大同區,民生西路６３號,25.062778,121.515817
FamilyMart 全家權澤店,02-2550-6916,台北市,大同區,民權西路１１０號１樓及夾層,25.060382,121.511226
FamilyMart 全家新橋店,02-2599-6171,台北市,大同區,臺北市大同區延平北路三段２５之３號,25.067306,121.510818
FamilyMart 全家龍泉店,02-8596-1664,台北市,大同區,延平北路四段６２號１樓,25.050731,121.517227
FamilyMart 全家日新店,02-2550-5051,台北市,大同區,承德路二段３９＆４１號１樓,25.050123,121.519855
FamilyMart 全家玉泉店,02-2552-2657,台北市,大同區,長安西路３４２號１樓,25.051645,121.513331
FamilyMart 全家福山店,02-2552-6380,台北市,大同區,長安西路２５號１樓全部,25.053915,121.513337
FamilyMart 全家京鋒店,02-2558-7692,台北市,大同區,南京西路６１號１樓,25.054903,121.50998
FamilyMart 全家迪化店,02-2550-9641,台北市,大同區,迪化街一段５０號１樓,25.062749,121.513745
FamilyMart 全家龍昌店,02-2591-9144,台北市,大同區,重慶北路三段３２７號１樓（如附圖）,25.072793,121.513584
FamilyMart 全家酒泉店,02-2592-9575,台北市,大同區,臺北市大同區庫倫街４８之４號,25.072254,121.511208
FamilyMart 全家寧夏店,02-2550-0930,台北市,大同區,寧夏路２８，３０，２８—１，２８—２號,25.058305,121.513038
FamilyMart 全家京江店,02-2567-8224,台北市,中山區,一江街２２號１樓,25.080829,121.546531
FamilyMart 全家大直店,02-2532-8875,台北市,中山區,大直街３３巷１號,25.04851,121.520695
FamilyMart 全家六條通店,02-2521-8716,台北市,中山區,中山北路一段１０５巷２２號１樓及地下層,25.052871,121.523174
FamilyMart 全家新國賓店,02-2581-8863,台北市,中山區,中山北路二段７５－１號１樓,25.056609,121.522565
FamilyMart 全家中賓店,02-2523-0023,台北市,中山區,中山里中山北路二段５９之３號１樓,25.061609,121.525065
FamilyMart 全家台鑫店,02-2511-8851,台北市,中山區,中山北路二段４４號１樓部份,25.081177,121.528828
FamilyMart 全家新吉原店,02-2511-3653,台北市,中山區,中原街１６號１樓,25.060968,121.529006
FamilyMart 全家五常店,02-2506-7078,台北市,中山區,五常街５３巷２３號１號,25.050165,121.523071
FamilyMart 全家美華店,02-8509-5070,台北市,中山區,北安路８１９之１號,25.082873,121.549469
FamilyMart 全家新北鄰店,02-2532-5010,台北市,中山區,北安路４５８巷４１弄４８號１樓,25.053789,121.532316
FamilyMart 全家雙全店,02-2521-7082,台北市,中山區,民生西路６２號１樓全部,25.057875,121.521051
FamilyMart 全家福泰店,02-2541-3026,台北市,中山區,民生東路一段３６號１樓,25.058711,121.525095
FamilyMart 全家民佳店,02-2503-8763,台北市,中山區,民生東路二段１５５號１樓,25.066772,121.539542
FamilyMart 全家中山民權店,02-2511-3070,台北市,中山區,民權西路３８之１號１樓,25.063023,121.521138
FamilyMart 全家新吉林店,02-2563-9757,台北市,中山區,民權東路二段４６號１樓,25.061138,121.534897
FamilyMart 全家江寧店,02-2517-1595,台北市,中山區,民權東路三段６４號１樓,25.054092,121.534701
FamilyMart 全家金通店,02-2518-1554,台北市,中山區,伊通街５８號,25.066734,121.530302
FamilyMart 全家合江店,02-2518-5276,台北市,中山區,合江街８７號一樓,25.050058,121.542348
FamilyMart 全家明水店,02-8509-7543,台北市,中山區,明水路５８１巷１１號１樓,25.05154,121.525374
FamilyMart 全家金林店,02-2562-9847,台北市,中山區,林森北路１０９號１樓,25.049799,121.526742
FamilyMart 全家林慶店,02-2567-2790,台北市,中山區,林森北路３７６號１樓,25.060015,121.525412
FamilyMart 全家新林森店,02-2597-7209,台北市,中山區,林森北路６３０號１樓,25.056151,121.525358
FamilyMart 全家新錦林店,02-2627-1008,台北市,中山區,林森北路３９９巷２４號１樓,25.054139,121.525557
FamilyMart 全家新林森北路店,02-2511-4623,台北市,中山區,林森北路１１９巷５０號１樓,25.048275,121.532721
FamilyMart 全家松江南京店,02-2502-3193,台北市,中山區,臺北市中山區松江路１２６號Ｂ１,25.066763,121.533457
FamilyMart 全家松好店,02-2508-3831,台北市,中山區,松江路６１之１號１樓,25.05236,121.532796
FamilyMart 全家權勝店,02-2593-5820,台北市,中山區,松江路４００號１樓及地下室,25.053603,121.533337
FamilyMart 全家光華店,02-2567-0175,台北市,中山區,松江路２４之１號,25.048823,121.526468
FamilyMart 全家遼寧店,02-2740-5515,台北市,中山區,長安東路二段２１６號,25.048538,121.534908
FamilyMart 全家長賓店,02-2522-1603,台北市,中山區,長春路１５號１樓,25.054476,121.543757
FamilyMart 全家長春店,02-2581-7796,台北市,中山區,長春路４８號,25.054817,121.527918
FamilyMart 全家中山捷運站店,02-2550-7063,台北市,中山區,南京西路１６號Ｂ１,25.051889,121.530705
FamilyMart 全家鑫興亞店,02-2511-7690,台北市,中山區,南京東路二段２０號１樓,25.052193,121.538356
FamilyMart 全家建國北路店,02-2517-0327,台北市,中山區,建國北路一段１４６號１樓,25.0602,121.53732
FamilyMart 全家欣濱江店,02-2515-9357,台北市,中山區,建國北路三段１０９號１樓,25.083917,121.538093
FamilyMart 全家新復店,02-2509-7685,台北市,中山區,復興北路５１４巷３５號,25.049251,121.543749
FamilyMart 全家金復店,02-2892-4021,台北市,中山區,復興北路３５６號１樓,25.053173,121.543789
FamilyMart 全家復德店,02-8772-2605,台北市,中山區,復興南路一段４２號１樓,25.050605,121.527818
FamilyMart 全家美林店,02-2567-8382,台北市,中山區,新生北路二段６２巷３８－３號,25.064808,121.526198
FamilyMart 全家新晴店,02-2595-5820,台北市,中山區,農安街４－１號,25.064609,121.533959
FamilyMart 全家農安店,02-2504-2520,台北市,中山區,農安街２４９號,25.066585,121.526479
FamilyMart 全家新德城店,02-2599-5447,台北市,中山區,德惠街１６－７號,25.06668,121.531905
FamilyMart 全家撫順店,02-2592-7495,台北市,中山區,撫順街１２之２號１樓,25.079595,121.558474
FamilyMart 全家美麗店,02-8501-1290,台北市,中山區,樂群二路１４２號１樓,25.081236,121.560663
FamilyMart 全家興安店,02-2505-2013,台北市,中山區,興安街５７號,25.060419,121.532157
FamilyMart 全家新北大店,02-2517-2305,台北市,中山區,錦州街４２７號,25.060275,121.521667
FamilyMart 全家中興店,02-2501-2043,台北市,中山區,龍江路２０１號１Ｆ,25.065936,121.537996
FamilyMart 全家新南京店,02-8772-5827,台北市,中山區,龍江路９５號１樓,25.065891,121.540849
FamilyMart 全家龍京店,02-2508-2793,台北市,中山區,龍江路１０２號１樓,25.064541,121.524221
FamilyMart 全家雙林店,02-2599-2453,台北市,中山區,雙城街２之２號,25.065333,121.524514
FamilyMart 全家鑫德店,02-8771-7609,台北市,松山區,臺北市松山區八德路二段４００號,25.04811,121.551527
FamilyMart 全家鑫中崙店,02-2579-2721,台北市,松山區,八德路三段１２巷５１弄５０號１樓,25.049901,121.576343
FamilyMart 全家寶清店,02-2753-2857,台北市,松山區,八德路四段５９８號１樓,25.048254,121.559211
FamilyMart 全家三富店,02-2767-7510,台北市,松山區,三民路１４８號,25.052166,121.563917
FamilyMart 全家常興店,02-2546-4600,台北市,松山區,五常街３６４號１樓,25.045349,121.546099
FamilyMart 全家豐興店,02-2547-1001,台北市,松山區,民生東路三段１３０巷５弄２２號,25.056974,121.546337
FamilyMart 全家豐華店,02-2712-3226,台北市,松山區,民生東路三段１１３巷６弄１號一樓,25.059231,121.566063
FamilyMart 全家東豐店,02-2761-2771,台北市,松山區,民生東路五段３７號,25.058297,121.564708
FamilyMart 全家松民店,02-3765-2608,台北市,松山區,民生東路五段１５９號,25.057583,121.55312
FamilyMart 全家中央店,02-2546-0351,台北市,松山區,民生東路四段９５號,25.063435,121.545049
FamilyMart 全家新民有店,02-8712-9937,台北市,松山區,民權東路三段１６０巷１１號,25.061904,121.544806
FamilyMart 全家松指部店,02-2547-5302,台北市,松山區,臺北市松山區民權東路四段１２１號（松指部）,25.049846,121.559931
FamilyMart 全家新德光店,02-2578-0506,台北市,松山區,光復南路３２巷４６－４號,25.049455,121.562659
FamilyMart 全家成福店,02-8771-6553,台北市,松山區,台北市南港區成福路４４號１樓,25.05724,121.569051
FamilyMart 全家松壽店,02-2747-4015,台北市,松山區,自強里延壽街３３０巷７弄２２號一樓,25.048365,121.544824
FamilyMart 全家力晶店,02-2721-3487,台北市,松山區,南京東路三段２５８號,25.051994,121.547388
FamilyMart 全家新京吉店,02-2747-8279,台北市,松山區,南京東路五段１９４號,25.052267,121.566045
FamilyMart 全家新東光店,02-3765-2819,台北市,松山區,南京東路五段１２３巷１號１樓,25.050865,121.560515
FamilyMart 全家京盛店,02-2579-5737,台北市,松山區,南京東路四段５６－１號１樓,25.053172,121.555215
FamilyMart 全家京兆店,02-2712-1962,台北市,松山區,南京東路四段１３７號壹樓,25.051356,121.549954
FamilyMart 全家巨星超市店,02-2577-0670,台北市,松山區,南京東路四段２號（１６、１７號店舖）,25.051937,121.550849
FamilyMart 全家民康店,02-2745-7090,台北市,松山區,健康路２８５號１樓,25.054091,121.566094
FamilyMart 全家康柏店,02-2760-4612,台北市,松山區,健康路２２０號,25.053463,121.557897
FamilyMart 全家富錦店,02-2745-5196,台北市,松山區,新益里富錦街５２９號一樓,25.054321,121.546151
FamilyMart 全家宏大店,02-2718-3704,台北市,松山區,敦化北路１５５巷３號１樓,25.050078,121.547321
FamilyMart 全家宏勝店,02-2545-5887,台北市,松山區,敦化北路１５３號１樓,25.057857,121.566145
FamilyMart 全家大安店,02-2711-7896,台北市,大安區,大安路一段２０號,25.037197,121.546993
FamilyMart 全家明曜店,02-2778-0326,台北市,大安區,仁愛路四段１５１巷３４號．３６號,25.036529,121.55354
FamilyMart 全家忠愛店,02-2731-4580,台北市,大安區,仁愛路４段２７巷４３號,25.036986,121.549707
FamilyMart 全家吉泰店,02-2700-1566,台北市,大安區,仁愛路四段３００巷１１之１號,25.032471,121.553157
FamilyMart 全家安賢店,02-2707-4252,台北市,大安區,臺北市大安區四維路１７０巷４號,25.039227,121.557407
FamilyMart 全家華視店,02-2731-0238,台北市,大安區,光復南路１１６巷２６號,25.036554,121.557358
FamilyMart 全家敦安店,02-2701-9097,台北市,大安區,安和路一段１１２巷２７號,25.038461,121.551614
FamilyMart 全家和信店,02-2755-6391,台北市,大安區,安和路一段１０４號,25.03248,121.551667
FamilyMart 全家樂和店,02-2732-9745,台北市,大安區,安和路二段１６９號,25.019677,121.553268
FamilyMart 全家辛亥店,02-2377-8503,台北市,大安區,辛亥路二段１７１巷３號,25.013779,121.552988
FamilyMart 全家台師店,02-2368-2773,台北市,大安區,和平東路一段１６２號,25.025628,121.545014
FamilyMart 全家和東店,02-2732-4425,台北市,大安區,和平東路二段１０２之３號１樓,25.025652,121.536242
FamilyMart 全家和復店,02-2754-0370,台北市,大安區,和平東路二段２６１號，２６３號,25.024595,121.544659
FamilyMart 全家和茂店,02-2737-1408,台北市,大安區,和平東路三段５８號１樓,25.040117,121.554689
FamilyMart 全家延孝店,02-2740-5319,台北市,大安區,延吉街１３５號之三，一樓,25.04242,121.539794
FamilyMart 全家正興店,02-2731-6936,台北市,大安區,忠孝東路三段２４８巷６號,25.041184,121.55642
FamilyMart 全家忠孝延吉店,02-2775-4165,台北市,大安區,忠孝東路４段３１５號１樓,25.041848,121.550671
FamilyMart 全家統領店,02-2711-2125,台北市,大安區,忠孝東路四段１８１巷７弄２１號１樓部份,25.040777,121.550574
FamilyMart 全家延吉店,02-2741-2630,台北市,大安區,忠孝東路四段２１６巷３１號,25.041771,121.547055
FamilyMart 全家政大金華店,02-3343-2441,台北市,大安區,金華街１８７號１樓南側部分空間,25.01651,121.544954
FamilyMart 全家金信店,02-2358-7145,台北市,大安區,信義路二段１０４號１樓,25.033018,121.539331
FamilyMart 全家義興店,02-2704-8404,台北市,大安區,信義路４段１之１０．１之１１號,25.032959,121.547266
FamilyMart 全家義和店,02-2704-7661,台北市,大安區,信義路四段２６５巷８號,25.043196,121.536994
FamilyMart 全家建南店,02-2731-8185,台北市,大安區,建國南路１段１５６，１５８號,25.028687,121.539218
FamilyMart 全家師大店,02-2391-8196,台北市,大安區,師大路７９號,25.025327,121.531355
FamilyMart 全家台科店,02-2738-4936,台北市,大安區,基隆路４段４３號地下一樓第三餐廳,25.030322,121.553276
FamilyMart 全家復豪店,02-2709-8606,台北市,大安區,復興南路一段３６２號,25.039691,121.543479
FamilyMart 全家興仁店,02-8773-2350,台北市,大安區,復興南路一段２１７號,25.044151,121.543571
FamilyMart 全家復豐店,02-2755-5927,台北市,大安區,復興南路１段２５７號１樓,25.021905,121.543194
FamilyMart 全家興和店,02-2784-5780,台北市,大安區,復興南路二段１５３號,25.03291,121.543332
FamilyMart 全家新敦民店,02-2711-1320,台北市,大安區,臺北市大安區敦化南路一段１６１巷７號,25.042717,121.548158
FamilyMart 全家敦鼎店,02-2701-8593,台北市,大安區,敦化南路二段７７號１樓右側空間,25.02559,121.549089
FamilyMart 全家新生南路店,02-2703-5220,台北市,大安區,新生南路一段１６３號,25.04423,121.533139
FamilyMart 全家大森店,02-2700-5349,台北市,大安區,新生南路一段１６５巷３５號,25.018821,121.533496
FamilyMart 全家瑞和店,02-2704-9888,台北市,大安區,瑞安街１３５巷２８號１樓,25.029094,121.524341
FamilyMart 全家濟南二店,02-8773-4589,台北市,大安區,濟南路３段７號,25.02933,121.556974
FamilyMart 全家古亭店,02-2367-3372,台北市,大安區,羅斯福路２段１０３號,25.028126,121.521912
FamilyMart 全家羅騰店,02-2365-1801,台北市,大安區,羅斯福路三段２６９巷２號,25.017049,121.533648
FamilyMart 全家台大楓林店,02-2367-5017,台北市,大安區,羅斯福路四段１號（女九餐廳）,25.017049,121.533648
FamilyMart 全家民和店,02-2303-9216,台北市,萬華區,民和街９號１樓,25.042955,121.505574
FamilyMart 全家昌林店,02-2302-8932,台北市,萬華區,西昌街１７０號１樓,25.035019,121.499378
FamilyMart 全家金園店,02-2308-3402,台北市,萬華區,臺北市萬華區西園路二段１４０巷４２號,25.043553,121.506211
FamilyMart 全家西寧南路店,02-2546-9055,台北市,萬華區,西寧南路３１－１號,25.035114,121.494543
FamilyMart 全家昆明店,02-2370-5910,台北市,萬華區,昆明街１８６號１樓,25.042832,121.504662
FamilyMart 全家廣明店,02-2311-5442,台北市,萬華區,昆明街１７３號１樓,25.026087,121.496441
FamilyMart 全家萬東店,02-2307-7891,台北市,萬華區,東園街１７４號１樓,25.026846,121.495038
FamilyMart 全家長泰店,02-2303-4841,台北市,萬華區,壽德里長泰街２號２之１號一樓,25.025487,121.503943
FamilyMart 全家日祥店,02-2333-1039,台北市,萬華區,青年路１５４號、１６８巷２弄１４號１樓,25.026145,121.506166
FamilyMart 全家新峨嵋店,02-2371-1411,台北市,萬華區,峨眉街８２號１樓,25.043509,121.507367
FamilyMart 全家桂林店,02-2331-8161,台北市,萬華區,桂林路２３號１樓,25.040745,121.502188
FamilyMart 全家康陽店,02-2381-2716,台北市,萬華區,康定路９９號,25.042566,121.5023
FamilyMart 全家萬華車站店,02-2304-0630,台北市,萬華區,臺北市萬華區康定路３８２號,25.035447,121.501343
FamilyMart 全家新富民店,02-2307-0071,台北市,萬華區,富民路９１巷８號１樓,25.040123,121.500542
FamilyMart 全家新武成店,02-2332-6103,台北市,萬華區,萬大路４８６巷５９弄１號１樓,25.030998,121.500386
FamilyMart 全家萬武店,02-2307-2936,台北市,萬華區,萬大路４２４巷１１２之４號１樓,25.046114,121.50551
FamilyMart 全家萬中店,02-2388-7636,台北市,萬華區,漢口街二段２２號,25.041718,121.507281
FamilyMart 全家龍廣店,02-2302-6434,台北市,萬華區,廣州街２０３號１．２樓,25.036837,121.498563
FamilyMart 全家園寶店,02-2303-5528,台北市,萬華區,興義街５１號１樓,25.033876,121.490723
FamilyMart 全家綠堤店,02-2304-1210,台北市,萬華區,環河南路二段１７３號,25.031478,121.490648
FamilyMart 全家寶元店,02-2309-9925,台北市,萬華區,寶興街４０號,25.026085,121.494186
FamilyMart 全家大道店,02-2727-6692,台北市,信義區,大道路７９號１樓,25.044996,121.580781
FamilyMart 全家協和店,02-2759-0819,台北市,信義區,中坡南路３８號１Ｆ,25.040642,121.585062
FamilyMart 全家台北１０１店,02-8101-7976,台北市,信義區,市府路４５號Ｂ１（商場編號５３）,25.043129,121.568603
FamilyMart 全家永吉二店,02-2749-1648,台北市,信義區,永吉路２２３號,25.035201,121.557647
FamilyMart 全家復昌店,02-2345-9489,台北市,信義區,光復南路５０５號、５０７號及文昌街３２,25.043948,121.558136
FamilyMart 全家富興店,02-2732-6104,台北市,信義區,吳興街１５６巷１６弄１號１樓,25.020367,121.569823
FamilyMart 全家盛興店,02-2720-1400,台北市,信義區,吳興街３３４號,25.026992,121.56384
FamilyMart 全家三興店,02-2723-2796,台北市,信義區,吳興街７號,25.019886,121.55755
FamilyMart 全家忠信店,02-2742-2963,台北市,信義區,忠孝東路五段４２５號１樓及地下室,25.04098,121.578449
FamilyMart 全家新忠隆店,02-2749-3532,台北市,信義區,忠孝東路五段７１巷８號壹樓,25.041042,121.577093
FamilyMart 全家國館捷運站店,02-2749-1993,台北市,信義區,臺北市信義區忠孝東路４段４００號Ｂ１,25.042315,121.55953
FamilyMart 全家大巨蛋２店,02-2756-3663,台北市,信義區,忠孝東路四段５１５號Ｂ２樓Ｃ－Ｂ２１２,25.042342,121.563485
FamilyMart 全家松盛店,02-2760-6140,台北市,信義區,松山路１５３號,25.049183,121.578971
FamilyMart 全家松山車站店,02-2747-1585,台北市,信義區,松山路１１號,25.03446,121.568126
FamilyMart 全家新安興店,02-2720-4938,台北市,信義區,松仁路２４０巷２號,25.043596,121.572108
FamilyMart 全家建鑫店,02-2723-3205,台北市,信義區,松壽路２４號,25.03244,121.574732
FamilyMart 全家信安店,02-8789-5039,台北市,信義區,松德路２００巷１３號１樓,25.046286,121.577066
FamilyMart 全家欣富台店,02-2749-1525,台北市,信義區,虎林街１２０巷１６５號,25.039201,121.576493
FamilyMart 全家永林店,02-2747-0209,台北市,信義區,虎林街８２巷２３號,25.040292,121.574071
FamilyMart 全家祥和店,02-2729-1793,台北市,信義區,信義路五段１５０巷４０１弄３１號,25.028444,121.568813
FamilyMart 全家松友店,02-2346-0402,台北市,信義區,信義路六段７８號,25.033272,121.558895
FamilyMart 全家永隆店,02-2767-8120,台北市,信義區,基隆路１段１４７巷７號,25.028657,121.557184
FamilyMart 全家崇德店,02-2733-3493,台北市,信義區,崇德街２９號,25.028456,121.563374
FamilyMart 全家莊敬店,02-2720-1156,台北市,信義區,莊敬路３７４號,25.030796,121.56113
FamilyMart 全家逸鑫店,02-2720-6664,台北市,信義區,逸仙路４２巷２３號,25.038416,121.58132
FamilyMart 全家芝玉店,02-2834-3943,台北市,士林區,士東路２６６巷５弄１６號,25.112016,121.52881
FamilyMart 全家大東店,02-2883-4125,台北市,士林區,大東路６３號１樓,25.089102,121.517584
FamilyMart 全家大南店,02-2883-3976,台北市,士林區,大南路５２號,25.088416,121.520864
FamilyMart 全家金天玉店,02-2872-4513,台北市,士林區,中山北路七段８１巷８號１樓,25.097656,121.527119
FamilyMart 全家榮富店,02-2876-8631,台北市,士林區,中山北路六段７２６號北側,25.108973,121.525443
FamilyMart 全家仰德大樓店,02-2838-3850,台北市,士林區,中山北路六段８８號地下室,25.091758,121.518068
FamilyMart 全家福林店,02-8861-1682,台北市,士林區,福林里中正路２３３號，２３３之１號,25.118386,121.525882
FamilyMart 全家天山店,02-2876-9215,台北市,士林區,天母東路６９巷１１之９號１樓,25.117927,121.532665
FamilyMart 全家新光醫院店,02-2831-3525,台北市,士林區,文昌路９５號地下三層,25.090111,121.526974
FamilyMart 全家大北店,02-2881-9255,台北市,士林區,臺北市士林區文林路３２０號,25.131497,121.576274
FamilyMart 全家中影店,02-2883-9581,台北市,士林區,至善路二段３４號,25.100569,121.551115
FamilyMart 全家和豐店,02-2881-3084,台北市,士林區,福華里和豐街２號一樓,25.105874,121.483417
FamilyMart 全家新延店,02-2811-3485,台北市,士林區,延平北路五段２１７號１樓,25.085598,121.509472
FamilyMart 全家新天和店,02-2872-3753,台北市,士林區,忠誠路二段１６８號１樓,25.11085,121.53037
FamilyMart 全家誠德店,02-2834-4780,台北市,士林區,忠誠路二段５號１樓,25.087679,121.50795
FamilyMart 全家社中店,02-2813-2673,台北市,士林區,社中街３８６號,25.092141,121.506306
FamilyMart 全家社正店,02-8811-5530,台北市,士林區,社正路２６號１樓,25.102178,121.529165
FamilyMart 全家大港店,02-2883-2065,台北市,士林區,前港街３９號,25.085188,121.517764
FamilyMart 全家天文店,02-2831-9102,台北市,士林區,美崙街１１８號,25.084574,121.511961
FamilyMart 全家新格致店,02-2862-3855,台北市,士林區,格致路５３號１樓,25.088709,121.523101
FamilyMart 全家通河店,02-2885-8507,台北市,士林區,通河街１４５號,25.13753,121.54032
FamilyMart 全家美崙店,02-2834-6427,台北市,士林區,華榮街９７號,25.087199,121.517616
FamilyMart 全家芝興店,02-2834-1775,台北市,士林區,德行西路８９號１樓,25.109939,121.53576
FamilyMart 全家德忠店,02-2831-8420,台北市,士林區,德行東路１０９巷７５號壹樓,25.107915,121.528311
FamilyMart 全家三合店,02-2894-6764,台北市,北投區,三合街一段１１６號１樓,25.126239,121.501171
FamilyMart 全家大同店,02-2891-9974,台北市,北投區,大業路４５２巷３１號,25.129864,121.498376
FamilyMart 全家大心店,02-2894-2856,台北市,北投區,大興街８０之１號,25.128551,121.530717
FamilyMart 全家文化店,02-2897-6316,台北市,北投區,中央北路二段９７號１樓,25.138421,121.486556
FamilyMart 全家義忠店,02-2894-5003,台北市,北投區,中央北路四段２９８號,25.125814,121.500506
FamilyMart 全家新和店,02-2891-2821,台北市,北投區,中和街４８９號,25.141115,121.499661
FamilyMart 全家中永店,02-2894-9813,台北市,北投區,開明里中和街２５２號一樓,25.132687,121.503755
FamilyMart 全家永興店,02-2894-7414,台北市,北投區,中庸里永興路一段１號、３號一樓,25.112431,121.515116
FamilyMart 全家華勝店,02-2821-7248,台北市,北投區,石牌路２段８８之１號１樓,25.119211,121.519223
FamilyMart 全家關渡慈濟店,02-2382-0683,台北市,北投區,立德路８號（二樓部分）,25.132661,121.49916
FamilyMart 全家北投店,02-2894-1595,台北市,北投區,光明路２１８之１號,25.110778,121.515528
FamilyMart 全家東陽店,02-2821-2319,台北市,北投區,西安街一段２８３號,25.11974,121.510091
FamilyMart 全家唭哩店,02-2821-9568,台北市,北投區,臺北市北投區西安街二段２８３號,25.11648,121.505281
FamilyMart 全家明德店,02-2823-9507,台北市,北投區,石牌里明德路９３號,25.117609,121.521426
FamilyMart 全家東華店,02-2823-2256,台北市,北投區,東華街二段８８號,25.120354,121.466982
FamilyMart 全家行勝店,02-2858-6707,台北市,北投區,知行路２９８號１樓,25.11565,121.519941
FamilyMart 全家清江店,02-2897-0433,台北市,北投區,中央里清江路１號，中央南路一段６３號,25.117353,121.507184
FamilyMart 全家新實店,02-2823-6547,台北市,北投區,臺北市北投區實踐街５１號１樓,25.113667,121.523936
FamilyMart 全家麗山店,02-2627-9495,台北市,內湖區,內湖路一段７３７巷４９號,25.082946,121.566979
FamilyMart 全家碧湖店,02-2627-7149,台北市,內湖區,內湖路一段５９３號一樓及地下室,25.084823,121.561527
FamilyMart 全家湖濱店,02-2659-3051,台北市,內湖區,臺北市內湖區內湖路二段１０３巷１０４號,25.086887,121.562634
FamilyMart 全家湖茂店,02-2797-8682,台北市,內湖區,文湖街２１巷７號１樓,25.076852,121.57995
FamilyMart 全家紫陽店,02-8751-9703,台北市,內湖區,文德路２１２號,25.077207,121.582696
FamilyMart 全家民善店,02-8792-2468,台北市,內湖區,民善街１號１樓,25.068786,121.586051
FamilyMart 全家內華店,02-2791-1354,台北市,內湖區,民權東路六段１６２號,25.070215,121.608901
FamilyMart 全家金莊店,02-2794-1829,台北市,內湖區,石潭路６７號１樓,25.067835,121.615747
FamilyMart 全家新內湖店,02-2794-8239,台北市,內湖區,臺北市內湖區成功路２段４２０號,25.067552,121.589281
FamilyMart 全家興三總店,02-8791-7684,台北市,內湖區,成功路二段３２５號Ｂ１Ｆ,25.081164,121.590487
FamilyMart 全家湖捷店,02-2794-6716,台北市,內湖區,成功路四段１７８號１樓,25.08276,121.592489
FamilyMart 全家行善公宅店,02-8792-6725,台北市,內湖區,行善路２６２號１樓,25.061544,121.58419
FamilyMart 全家新東湖店,02-2631-7679,台北市,內湖區,臺北市內湖區東湖路４３巷４號,25.06351,121.58718
FamilyMart 全家金瑞店,02-2793-4276,台北市,內湖區,臺北市內湖區金龍路２２４號,25.059301,121.586806
FamilyMart 全家星湖店,02-2790-6271,台北市,內湖區,星雲街１６１巷１號,25.079526,121.572918
FamilyMart 全家紫新店,02-2794-0091,台北市,內湖區,康寧路ㄧ段３７號ㄧ樓,25.079502,121.593357
FamilyMart 全家護校店,02-2634-2271,台北市,內湖區,康寧路三段７５巷１３７號,25.070208,121.612455
FamilyMart 全家湖東店,02-2631-6023,台北市,內湖區,康樂街１１０巷１５號,25.069632,121.618828
FamilyMart 全家新瑞店,02-2659-2842,台北市,內湖區,堤頂大道２段４０７巷２６號一樓,25.07824,121.566762
FamilyMart 全家港華店,02-8797-5015,台北市,內湖區,港華街４０號１樓,25.073032,121.577346
FamilyMart 全家行美店,02-2794-5755,台北市,內湖區,新明路３７６號,25.057641,121.585828
FamilyMart 全家新湖店,02-2793-7065,台北市,內湖區,新湖二路２５０巷８號１樓,25.079464,121.567655
FamilyMart 全家瑞湖店,02-8752-4016,台北市,內湖區,港墘里瑞光路５１３巷３９號１樓,25.075921,121.575867
FamilyMart 全家瑞豐店,02-8751-4934,台北市,內湖區,瑞光路２２０號,25.069626,121.580852
FamilyMart 全家瑞亞店,02-2657-3023,台北市,內湖區,瑞光路３０２號１樓,25.078312,121.571169
FamilyMart 全家陽鑫店,02-2659-3732,台北市,內湖區,瑞湖街８０號１樓Ｒ３、Ｒ４,25.082928,121.565702
FamilyMart 全家新德明店,02-2799-6853,台北市,內湖區,臺北市內湖區環山路一段１１０號,25.072758,121.573978
FamilyMart 全家德民店,02-2653-6783,台北市,南港區,八德路四段７６８巷９號１樓,25.057471,121.614762
FamilyMart 全家工業一店,02-2655-0313,台北市,南港區,三重路１９－７號內之一部份,25.057265,121.614382
FamilyMart 全家新成鑫店,02-2785-3529,台北市,南港區,玉成街１７６巷１號,25.047758,121.581397
FamilyMart 全家小彎公宅店,02-2783-6507,台北市,南港區,向陽路２５６號１樓,25.052193,121.609965
FamilyMart 全家港忠店,02-2651-1449,台北市,南港區,忠孝東路七段６３５號１樓,25.05259,121.607455
FamilyMart 全家新昆陽店,02-2788-3495,台北市,南港區,昆陽街１４５號,25.054765,121.60478
FamilyMart 全家港成店,02-2654-8729,台北市,南港區,南港路三段２號,25.04766,121.613847
FamilyMart 全家研究院店,02-2651-5140,台北市,南港區,研究院路２段７０巷１號,25.056667,121.598746
FamilyMart 全家向陽店,02-2788-7390,台北市,南港區,東新里重陽路１６號一樓,25.051969,121.616919
FamilyMart 全家工業二店,02-2655-8763,台北市,南港區,園區街３號２樓之７,25.057825,121.618407
FamilyMart 全家京石店,02-2783-1176,台北市,南港區,經貿二路２３５巷３８號１樓,25.060685,121.616129
FamilyMart 全家港福店,02-2654-3532,台北市,南港區,福德街３７３巷６３號１樓,25.0562,121.601501
FamilyMart 全家興華店,02-2783-4076,台北市,南港區,興華路８６號,25.043166,121.618948
FamilyMart 全家新莊研店,02-2785-3487,台北市,南港區,舊莊街一段１６９號,25.042341,121.618172
FamilyMart 全家試院店,02-2236-9520,台北市,文山區,木柵路一段９１號９３號一樓,24.988629,121.558935
FamilyMart 全家明興店,02-8661-8412,台北市,文山區,木柵路２段１０９巷２５弄２號．２－１號,24.988837,121.568577
FamilyMart 全家欣榮店,02-2234-3591,台北市,文山區,木新路三段９３號,24.980352,121.555923
FamilyMart 全家仙岩店,02-8663-1305,台北市,文山區,仙岩路２號,25.008084,121.537456
FamilyMart 全家順輝店,02-2938-8216,台北市,文山區,光輝路７號,25.006671,121.558973
FamilyMart 全家名門店,02-2230-1700,台北市,文山區,臺北市文山區和平東路四段９５、９７號１樓,24.984431,121.560481
FamilyMart 全家鑫順店,02-2937-0174,台北市,文山區,忠順街二段１６號、１８號,24.987358,121.568439
FamilyMart 全家恆光店,02-2937-5738,台北市,文山區,恆光街２１號１樓,24.987878,121.575131
FamilyMart 全家政富店,02-8661-3075,台北市,文山區,指南路二段１４５號１樓,24.983825,121.579682
FamilyMart 全家景中店,02-2933-4768,台北市,文山區,景中街５號，七號一樓,24.99118,121.54139
FamilyMart 全家景後店,02-2934-2042,台北市,文山區,景後街９５號,24.995174,121.541577
FamilyMart 全家華德店,02-2935-6335,台北市,文山區,景華街７５號,24.999095,121.538273
FamilyMart 全家萬慶店,02-8663-1281,台北市,文山區,景福街２３０巷１號一樓,24.989703,121.542229
FamilyMart 全家興萬店,02-8230-1508,台北市,文山區,萬安街２９號一樓,25.003657,121.549836
FamilyMart 全家萬興店,02-2930-4220,台北市,文山區,臺北市文山區興隆路一段５５巷２７弄１－４號,24.999584,121.54418
FamilyMart 全家興園店,02-2933-4696,台北市,文山區,興業里興隆路二段２２０巷３３號,25.001671,121.552696
FamilyMart 全家靜興店,02-2935-6712,台北市,文山區,興隆路二段７５號壹樓,25.001242,121.549596
FamilyMart 全家萬芳店,02-2934-8650,台北市,文山區,興隆路三段１１２巷２弄１號１樓,24.999848,121.555598
FamilyMart 全家再興店,02-2230-2780,台北市,文山區,興隆路３段２０７巷１１弄２號,24.986565,121.560769
FamilyMart 全家文山公宅店,02-8661-9874,台北市,文山區,興隆路四段１０５巷４２號木柵大樓１樓,25.002202,121.536862
FamilyMart 全家萬福店,02-2931-5696,台北市,文山區,羅斯福路五段２６９巷１１號,24.995701,121.540953
FamilyMart 全家基隆車站店,02-2425-9160,基隆市,仁愛區,中山一路１６之１號,25.128818,121.744854
FamilyMart 全家基隆仁三店,02-2428-6905,基隆市,仁愛區,仁三路５９號壹樓,25.128415,121.742868
FamilyMart 全家基隆仁四店,02-2426-5932,基隆市,仁愛區,仁四路５２號１樓,25.130108,121.739341
FamilyMart 全家基隆新站前店,02-2427-3646,基隆市,仁愛區,忠一路１９號,25.130023,121.739992
FamilyMart 全家基隆仁愛店,02-2425-9270,基隆市,仁愛區,愛四路５６號１樓及夾層,25.125948,121.741068
FamilyMart 全家基隆新正信店,02-2466-5413,基隆市,信義區,正信路１８１號,25.127675,121.767724
FamilyMart 全家基隆信一店,02-2424-1255,基隆市,信義區,信一路１４８號,25.129659,121.751548
FamilyMart 全家基隆深美店,02-2468-5554,基隆市,信義區,教忠街１０８號壹樓,25.132781,121.782039
FamilyMart 全家基隆新祥豐店,02-2462-7260,基隆市,中正區,中正路６２３號壹樓,25.151033,121.766893
FamilyMart 全家基隆鑫港店,02-2427-5332,基隆市,中正區,中正路１８號壹樓,25.137445,121.751056
FamilyMart 全家基隆富港店,02-2469-9625,基隆市,中正區,北寧路２５０－８號１．２樓,25.150867,121.772389
FamilyMart 全家基隆二信店,02-2463-4966,基隆市,中正區,立德路２４３號壹樓,25.155053,121.765795
FamilyMart 全家基隆欣豐店,02-2469-9472,基隆市,中正區,新豐街３８１號,25.131062,121.745424
FamilyMart 全家基隆觀海店,02-2460-6545,基隆市,中正區,砂子里觀海街１３６號１３８號一樓,25.138375,121.793451
FamilyMart 全家基隆中山店,02-2428-5091,基隆市,中山區,中山二路５３號．５３－１號,25.148235,121.720787
FamilyMart 全家基隆鑫大慶店,02-2437-1195,基隆市,中山區,中和路１６８巷２弄１７號,25.145476,121.738675
FamilyMart 全家基隆樂華店,02-2428-5782,基隆市,中山區,西康里西定路４６７號１樓,25.150676,121.727983
FamilyMart 全家基隆新復興店,02-2436-6769,基隆市,中山區,復興路２０４－１號,25.148135,121.725005
FamilyMart 全家基隆新安和店,02-2434-1775,基隆市,安樂區,安和一街１２４號,25.127989,121.73248
FamilyMart 全家基隆長庚店,02-2432-6001,基隆市,安樂區,安樂路二段１５７號,25.148534,121.699493
FamilyMart 全家基隆武嶺店,02-2433-5573,基隆市,安樂區,武嶺街１８１－６號１樓,25.149254,121.707775
FamilyMart 全家基隆新國揚店,02-3401-2842,基隆市,安樂區,基金一路１２１巷１４號,25.140588,121.71172
FamilyMart 全家基隆新崙店,02-2431-3410,基隆市,安樂區,基金一路２０８巷９２之６號一樓,25.156583,121.695374
FamilyMart 全家基隆金城店,02-3401-2667,基隆市,安樂區,麥金路２３１－１號,25.12091,121.722356
FamilyMart 全家基隆鑫樂富店,02-2434-9184,基隆市,安樂區,樂利二街６２巷２２５號,25.129359,121.718614
FamilyMart 全家基隆新樂群店,02-2433-7917,基隆市,安樂區,樂利三街１２８號,25.126775,121.71245
FamilyMart 全家八堵車站店,02-2456-7770,基隆市,暖暖區,八堵路１４２號,25.098533,121.734792
FamilyMart 全家基隆暖東店,02-2458-2882,基隆市,暖暖區,暖暖街１６３號,25.092936,121.736925
FamilyMart 全家基隆暖錠店,02-2459-4800,基隆市,暖暖區,源遠路１８９號,25.099109,121.755727
FamilyMart 全家基隆暖港店,02-2457-4786,基隆市,暖暖區,過港路２５４號,25.092035,121.754144
FamilyMart 全家七堵工明店,02-2451-9520,基隆市,七堵區,工建路１－１５號壹樓,25.099258,121.713875
FamilyMart 全家七堵自治店,02-2455-4377,基隆市,七堵區,自治街６號,25.08838,121.705335
FamilyMart 全家七堵東新店,02-2767-8206,基隆市,七堵區,東新街６７號壹樓,25.074853,121.695965
FamilyMart 全家七堵大興店,02-2456-0059,基隆市,七堵區,南興路３０號１樓,25.089208,121.708735
FamilyMart 全家萬里頂社店,02-2408-1473,新北市,萬里區,大鵬里頂社１號,25.19485646,121.68676806
FamilyMart 全家金山中山店,02-2408-1325,新北市,金山區,中山路２０５號,25.22394682,121.63573401
FamilyMart 全家金山金中店,02-2408-1427,新北市,金山區,中山路１０１號,25.22119393,121.63162086
FamilyMart 全家板橋振興店,02-8961-2085,新北市,板橋區,三民路一段３１巷８９弄３號,25.02167,121.47921
FamilyMart 全家板橋長壽店,02-2957-2584,新北市,板橋區,三民路二段８３號,25.013589,121.477198
FamilyMart 全家板橋樂福店,02-2963-6100,新北市,板橋區,三民路二段２１巷６號１樓,25.015044,121.479558
FamilyMart 全家板橋天和店,02-2955-6108,新北市,板橋區,三民路二段１４０號１樓,25.012618,121.479102
FamilyMart 全家板橋大勇店,02-2272-0109,新北市,板橋區,大仁街３６號,25.016015,121.453013
FamilyMart 全家板橋興安店,02-2967-2852,新北市,板橋區,大觀路二段３７巷３８號１樓,24.998472,121.442733
FamilyMart 全家板橋新光店,02-2955-0932,新北市,板橋區,中山路一段１４１－２號１樓,25.012042,121.466148
FamilyMart 全家板橋興隆店,02-8951-0091,新北市,板橋區,中山路二段９０巷１０號,25.015313,121.472534
FamilyMart 全家板橋光復店,02-2964-3847,新北市,板橋區,中山路二段５０３號１樓,25.017008,121.456335
FamilyMart 全家板橋瑞安店,02-2967-7282,新北市,板橋區,中正路３９５號１樓,25.018641,121.456648
FamilyMart 全家板橋新花園店,02-2967-5960,新北市,板橋區,中正路１巷１２號,25.019628,121.454079
FamilyMart 全家板橋福德店,02-8969-7916,新北市,板橋區,中正路２５４號１樓,25.031672,121.475206
FamilyMart 全家板橋文心店,02-2256-2587,新北市,板橋區,介壽街２０號１樓,25.01824,121.468186
FamilyMart 全家板橋致科店,02-2256-9453,新北市,板橋區,文化路一段３１３號１樓,25.022844,121.467302
FamilyMart 全家板橋文化店,02-2254-4632,新北市,板橋區,文化路一段２８０號,25.018977,121.466741
FamilyMart 全家板橋龍江店,02-8253-5436,新北市,板橋區,文化路二段１８２巷３弄９１，９３號１樓,25.029075,121.471268
FamilyMart 全家板橋國翠店,02-8252-7477,新北市,板橋區,文化路二段３９６號,25.02746,121.478933
FamilyMart 全家板橋川府店,02-2951-1412,新北市,板橋區,四川路一段６５號１樓,24.999591,121.458305
FamilyMart 全家板橋華德店,02-8967-6847,新北市,板橋區,四川路二段４７巷３弄４號１樓,24.993418,121.450742
FamilyMart 全家板橋互維店,02-2258-6320,新北市,板橋區,四維路２９３號１樓,25.030104,121.462365
FamilyMart 全家板橋宏翠店,02-8257-2973,新北市,板橋區,四維路１００號１樓,25.026683,121.464429
FamilyMart 全家板橋廣榮店,02-2964-8983,新北市,板橋區,民生路一段３３號１樓之１,25.016537,121.473216
FamilyMart 全家板橋文興店,02-2257-9434,新北市,板橋區,民生路二段２３０號１樓,25.023293,121.468481
FamilyMart 全家板橋新金富店,02-8257-0768,新北市,板橋區,民生路三段８５號,25.031069,121.47834
FamilyMart 全家板橋民族店,02-8951-0850,新北市,板橋區,民族路６１號,25.014739,121.460002
FamilyMart 全家板橋聯翠店,02-2255-9113,新北市,板橋區,光武街２２號壹樓,24.998948,121.447333
FamilyMart 全家板橋祝山店,02-2255-4105,新北市,板橋區,吳鳳路２１巷２號１樓,24.99476,121.462123
FamilyMart 全家板橋大東店,02-8969-8004,新北市,板橋區,府中路１２７號１樓,25.008431,121.458585
FamilyMart 全家板橋大隆店,02-2953-3231,新北市,板橋區,福星里忠孝路５０號一樓,25.00934,121.454168
FamilyMart 全家板橋板長店,02-2954-5602,新北市,板橋區,板新路９７＆９９號１樓,25.026746,121.468683
FamilyMart 全家板橋松柏店,02-8252-0901,新北市,板橋區,松柏街１３號,24.994125,121.433468
FamilyMart 全家板橋公園店,02-2675-3572,新北市,板橋區,金門街２０６＆２０８號１樓,24.98621,121.42977
FamilyMart 全家板橋金園店,02-2683-7125,新北市,板橋區,金門街１２９號一樓,24.984024,121.427306
FamilyMart 全家板橋金市店,02-2675-7155,新北市,板橋區,金門街８６號１樓（如附圖）,25.020382,121.460107
FamilyMart 全家板橋安東店,02-2951-4997,新北市,板橋區,長安街１３８巷１弄５０號１樓,25.012826,121.471958
FamilyMart 全家板橋新安店,02-2951-3527,新北市,板橋區,長安街２９７號,25.03109,121.463064
FamilyMart 全家板橋富安店,02-8257-1724,新北市,板橋區,長江路一段１００號１樓,25.03346,121.471063
FamilyMart 全家板橋漢江店,02-2259-3499,新北市,板橋區,長江路二段１２０號１樓,24.991098,121.460114
FamilyMart 全家板橋信義店,02-2953-6686,新北市,板橋區,信義路７１號１樓,24.993454,121.457356
FamilyMart 全家板橋新雅店,02-2965-5750,新北市,板橋區,南雅東路８號（代表號）１樓,25.002897,121.4545
FamilyMart 全家板橋湳雅店,02-2964-7980,新北市,板橋區,南雅南路二段９４號,24.995758,121.450711
FamilyMart 全家板橋英仕店,02-2259-9823,新北市,板橋區,英士路５４號１樓,24.99951,121.463053
FamilyMart 全家板橋擎天店,02-2955-8982,新北市,板橋區,重慶路２４３號１樓,25.007008,121.461705
FamilyMart 全家板橋板慶店,02-8953-9805,新北市,板橋區,重慶路２９０巷３號１樓,25.009206,121.467399
FamilyMart 全家板橋國泰店,02-2959-6571,新北市,板橋區,國泰街３７號１樓,25.024102,121.472921
FamilyMart 全家板橋莒光店,02-2259-3060,新北市,板橋區,莒光路２２５，２２７號,25.024471,121.470273
FamilyMart 全家板橋禾原店,02-2258-7428,新北市,板橋區,莒光路２８巷１３號,25.026409,121.472748
FamilyMart 全家板橋萬板店,02-2254-6290,新北市,板橋區,莊敬路２２０巷１號１樓,25.018134,121.461018
FamilyMart 全家板橋華利店,02-2254-1201,新北市,板橋區,華江一路１５６號,25.005314,121.456766
FamilyMart 全家板橋華興店,02-2952-4563,新北市,板橋區,華興街４１．４３號,25.003342,121.457381
FamilyMart 全家板橋華陽店,02-2258-5156,新北市,板橋區,陽明里陽明街８８、９０號一樓,25.010726,121.463932
FamilyMart 全家板橋新甫華店,02-2272-5443,新北市,板橋區,新生街２２號,25.02845,121.4577
FamilyMart 全家板橋新農店,02-2253-8884,新北市,板橋區,新海路３２８，３３０號１樓,25.007196,121.456157
FamilyMart 全家板橋板崑店,02-2686-5706,新北市,板橋區,溪崑二街１６號,24.987767,121.425816
FamilyMart 全家板橋裕盛店,02-2258-1579,新北市,板橋區,裕民街９５號,25.027438,121.458885
FamilyMart 全家板橋富裕店,02-8252-9995,新北市,板橋區,裕民街１１號１樓,25.012674,121.445857
FamilyMart 全家板橋僑二店,02-8969-9174,新北市,板橋區,僑中二街１１６巷１號１樓,25.002726,121.46438
FamilyMart 全家板橋都鑫店,02-2958-0076,新北市,板橋區,實踐路８９號一樓,25.020853,121.465214
FamilyMart 全家板橋新都店,02-2964-9535,新北市,板橋區,漢生東路１５９號１樓,24.9989463,121.45748835
FamilyMart 全家板橋廣和店,02-8951-8657,新北市,板橋區,廣福里廣和街７９號１樓,24.997244,121.445386
FamilyMart 全家板橋堂春店,02-2683-5266,新北市,板橋區,篤行路三段１號１樓,25.01534,121.467056
FamilyMart 全家板橋北站店,02-2965-7973,新北市,板橋區,縣民大道二段７號,25.014361,121.463614
FamilyMart 全家板橋車站店,02-8969-3201,新北市,板橋區,縣民大道二段７號Ｂ１,25.017063,121.469339
FamilyMart 全家板橋麗寶店,02-8968-2022,新北市,板橋區,縣民大道二段３號,25.012299,121.463248
FamilyMart 全家板橋市民店,02-2964-1484,新北市,板橋區,縣民大道二段２２號Ｂ１,25.007195,121.459213
FamilyMart 全家板橋館西店,02-2965-5570,新北市,板橋區,館前西路１２８號,25.024133,121.457114
FamilyMart 全家板橋德翠店,02-8257-3511,新北市,板橋區,龍泉街７８號,25.001845,121.44369
FamilyMart 全家板橋新月店,02-2968-6480,新北市,板橋區,環河西路五段２１７號,25.026403,121.476782
FamilyMart 全家板橋華江店,02-2255-4256,新北市,板橋區,雙十路三段５４號,25.030925,121.478897
FamilyMart 全家板橋懷聖店,02-2250-5214,新北市,板橋區,懷德街２０１巷２號,25.031718,121.479298
FamilyMart 全家汐止力行店,02-2640-1386,新北市,汐止區,力行街１號,25.057689,121.634109
FamilyMart 全家汐止智興店,02-2649-0742,新北市,汐止區,大同路二段２００號,25.069096,121.661428
FamilyMart 全家汐止龍安店,02-2649-0723,新北市,汐止區,大同路二段１８４巷１１號,25.066262,121.65373
FamilyMart 全家汐止大同店,02-8648-6545,新北市,汐止區,大同路三段２６９，２７１號,25.073542,121.674639
FamilyMart 全家汐止摩天店,02-2690-5548,新北市,汐止區,大同路三段６１１之３號壹樓,25.069536,121.660915
FamilyMart 全家汐止興中店,02-8693-3681,新北市,汐止區,中興路１５８號,25.064703,121.663603
FamilyMart 全家汐止桂冠店,02-2647-4855,新北市,汐止區,水源路二段３４號,25.048457,121.61912
FamilyMart 全家汐止興萬店,02-2646-4086,新北市,汐止區,汐萬路一段３５５號壹樓,25.080577,121.638302
FamilyMart 全家汐止勤進店,02-2649-4650,新北市,汐止區,秀峰路１１９號,25.070905,121.662345
FamilyMart 全家汐止鑫宜興店,02-2660-6803,新北市,汐止區,宜興街１６號,25.071017,121.665911
FamilyMart 全家汐止新忠孝店,02-2691-9701,新北市,汐止區,忠孝東路２５８號,25.066814,121.662365
FamilyMart 全家汐止鑫峰店,02-2695-3467,新北市,汐止區,明峰街１６２號,25.068613,121.661965
FamilyMart 全家汐止保興店,02-8648-9793,新北市,汐止區,保一街３９號,25.068374,121.662969
FamilyMart 全家汐止建安店,02-2641-8761,新北市,汐止區,建成路５９巷９號．１５號,25.07291,121.661074
FamilyMart 全家汐止康寧店,02-2695-9946,新北市,汐止區,康寧街１６９巷２３號１樓,25.07332,121.638188
FamilyMart 全家汐止東城店,02-8695-1885,新北市,汐止區,康寧街４５９巷１０號１樓,25.089709,121.645745
FamilyMart 全家汐止興莊店,02-8642-4336,新北市,汐止區,莊敬街３２號壹樓全部,25.060758,121.654398
FamilyMart 全家汐止新水蓮店,02-2690-9465,新北市,汐止區,湖前街１１０巷９７弄２４號Ｂ１之１之２,25.070133,121.63189
FamilyMart 全家汐止鄉長店,02-2691-9409,新北市,汐止區,鄉長路一段２７號壹樓及貳樓,25.0624,121.653501
FamilyMart 全家汐止青山店,02-2648-9817,新北市,汐止區,新台五路一段２１２號；２１２之１號,25.060325,121.647221
FamilyMart 全家汐止東科店,02-2696-9769,新北市,汐止區,新台五路一段９６號Ｃ棟,25.06159322,121.64778112
FamilyMart 全家新遠雄二店,02-2697-5513,新北市,汐止區,新台五路一段９７號地下一層之６,25.0645923944472,121.656541738212
FamilyMart 全家汐止福旺店,02-8693-3934,新北市,汐止區,福德一路１０９號,25.065912,121.633941
FamilyMart 全家汐止興福店,02-8693-2048,新北市,汐止區,福德二路１３４號,25.069542,121.63737
FamilyMart 全家汐止忠厚店,02-2691-7067,新北市,汐止區,樟樹一路１３５巷２７號１樓,25.064296,121.640421
FamilyMart 全家汐止樟興店,02-2690-4033,新北市,汐止區,樟樹一路１６號，１８號,25.064898,121.642005
FamilyMart 全家汐止樟福店,02-8692-3181,新北市,汐止區,樟樹一路２２０號,25.068947,121.640844
FamilyMart 全家汐止導航店,02-2654-8039,新北市,汐止區,樟樹二路６８號,25.063862,121.654568
FamilyMart 全家深坑紅葉店,02-2664-3929,新北市,深坑區,北深路１段１０６號,25.003746,121.618291
FamilyMart 全家深坑北福店,02-2662-9753,新北市,深坑區,北深路三段２３９號,25.003565,121.601592
FamilyMart 全家深坑埔新店,02-2664-1876,新北市,深坑區,埔新里埔新街９３號１樓,25.002456,121.620397
FamilyMart 全家石碇雙溪店,02-2663-3324,新北市,石碇區,隆盛里雙溪５８號,25.00892197,121.6453963
FamilyMart 全家瑞芳龍川店,02-2406-1884,新北市,瑞芳區,一坑路１１之１號,25.107444,121.80574400000002
FamilyMart 全家瑞芳前站店,02-2497-1401,新北市,瑞芳區,明燈路三段８４號１．２樓,25.108674,121.857263
FamilyMart 全家瑞芳傑魚坑店,02-2496-9517,新北市,瑞芳區,傑魚坑路６２號,25.110234,121.845208
FamilyMart 全家平溪平安店,02-2495-1706,新北市,平溪區,石底街５３號,25.044768,121.779382
FamilyMart 全家貢寮澳底一店,02-2490-3521,新北市,貢寮區,大澳街１之１、３號１樓,25.01680529,121.94472979
FamilyMart 全家新店慶民店,02-8919-3666,新北市,新店區,二十張路３號,24.971574,121.535797
FamilyMart 全家新店三富店,02-8665-9629,新北市,新店區,三民路１４１號１樓,24.980433,121.541243
FamilyMart 全家新店福民店,02-2219-4351,新北市,新店區,中央路１４５號,24.977077,121.532635
FamilyMart 全家新店大鵬店,02-2218-4729,新北市,新店區,中正路６９８號,24.985192,121.533441
FamilyMart 全家新店新百合店,02-2219-9017,新北市,新店區,中正路４０４號,24.976207,121.535277
FamilyMart 全家新店正民店,02-2913-7185,新北市,新店區,中正路２２４號,24.971545,121.541517
FamilyMart 全家新店五豐店,02-8914-5746,新北市,新店區,中正路５９號,24.982916,121.533609
FamilyMart 全家新店中華店,02-8665-8913,新北市,新店區,中華路５０號,24.968451,121.545684
FamilyMart 全家新店新寶安店,02-2915-7211,新北市,新店區,中興路三段２０９號,24.979534,121.543076
FamilyMart 全家新店總站店,02-2918-3917,新北市,新店區,北宜路一段２號,24.957793,121.537924
FamilyMart 全家新店長春店,02-8217-1585,新北市,新店區,北宜路二段１４９號１樓,24.954607,121.560158
FamilyMart 全家新店北宜店,02-2217-1961,新北市,新店區,北宜路二段１８號１樓＋地下室,24.96729842,121.54209263
FamilyMart 全家新店新華店,02-2912-4931,新北市,新店區,北新路一段２８７號１樓＋２樓,24.975196,121.543132
FamilyMart 全家新店忠誠店,02-2915-8815,新北市,新店區,北新路二段１１９號１樓,24.98541,121.540193
FamilyMart 全家新店公宅店,02-2218-7268,新北市,新店區,央北二路３９８號,24.980059,121.526079
FamilyMart 全家新店民德店,02-8911-3923,新北市,新店區,民族路６號,24.977542,121.538639
FamilyMart 全家新店復興店,02-2218-4982,新北市,新店區,民權路１３２號１樓,24.982803,121.542061
FamilyMart 全家新店民權店,02-8667-3437,新北市,新店區,民權路１０５號１樓,24.983073,121.538182
FamilyMart 全家新北捷十四張店,02-2218-5671,新北市,新店區,民權路２８２號２樓,24.983491,121.516811
FamilyMart 全家新店安和店,02-2947-5039,新北市,新店區,永平街８９號１樓,24.986719,121.519839
FamilyMart 全家新店永業店,02-2913-1378,新北市,新店區,永業路８１巷１弄１號,24.961282,121.539266
FamilyMart 全家新店光盛店,02-8914-7282,新北市,新店區,光明街１８１號１樓,24.948182,121.494129
FamilyMart 全家新店安民店,02-8666-2484,新北市,新店區,安民街１號１樓,24.971245,121.517069
FamilyMart 全家新店鑫景大店,02-2212-3445,新北市,新店區,安忠路９９號（Ｃ１０４）,24.959181,121.513308
FamilyMart 全家新店永安店,02-8666-1942,新北市,新店區,安康路二段１５７號,24.957356,121.502196
FamilyMart 全家新店康橋店,02-2214-0466,新北市,新店區,安康路３段７３８號、７４０號１樓,24.951495,121.485655
FamilyMart 全家新店襄陽店,02-8215-1522,新北市,新店區,安祥路１０４－１０號,24.956779,121.475208
FamilyMart 全家新店德順店,02-2212-1692,新北市,新店區,安德街１２０巷６號,24.961509,121.510286
FamilyMart 全家新店健民店,02-2916-2699,新北市,新店區,明德路６９巷２８號,24.946516,121.495433
FamilyMart 全家新店新陽店,02-2666-9640,新北市,新店區,粗坑里花園一路一段２號一樓,24.985784,121.535796
FamilyMart 全家新店江陵店,02-2219-0529,新北市,新店區,建國路２１９號,24.986306,121.540703
FamilyMart 全家新店新安店,02-2940-3474,新北市,新店區,新和街６０號１樓,24.956929,121.537079
FamilyMart 全家新店龜山店,02-2666-6253,新北市,新店區,新烏路三段１４４號１樓,24.979195,121.523447
FamilyMart 全家新店鑫泉店,02-8667-7615,新北市,新店區,溪園路４０１號,24.952376,121.499621
FamilyMart 全家新店涵碧店,02-2212-4064,新北市,新店區,碧潭路３７號,24.971471,121.544504
FamilyMart 全家新店中政店,02-2911-7516,新北市,新店區,檳榔路１３－２號１樓,24.980729,121.547543
FamilyMart 全家新店保高店,02-8914-5842,新北市,新店區,寶高路２８－１號,24.97429,121.547148
FamilyMart 全家新店寶興店,02-8665-4892,新北市,新店區,寶橋里寶橋路８０號一樓,24.983676,121.551349
FamilyMart 全家新店新寶橋店,02-2912-2431,新北市,新店區,寶橋路５１號１，２樓,24.980219,121.551783
FamilyMart 全家烏來溫泉店,02-2661-8084,新北市,烏來區,烏來街７９號１樓,24.864482,121.548146
FamilyMart 全家永和新樂新店,02-8660-7125,新北市,永和區,大新街３號１樓,24.998809,121.516947
FamilyMart 全家永和大福店,02-2925-4322,新北市,永和區,中正路６０８．６１０．６１０之１號,25.000326,121.517809
FamilyMart 全家永和耕莘店,02-2924-0539,新北市,永和區,中興街９５號１樓,25.012091,121.515669
FamilyMart 全家永和新仁愛店,02-8660-9734,新北市,永和區,仁愛路１０３號１樓,25.007991,121.50103222
FamilyMart 全家永和仁和店,02-3233-0262,新北市,永和區,仁愛路３３號,25.008754,121.503079
FamilyMart 全家永和文化店,02-8660-4492,新北市,永和區,文化路１８，２０，２２號１樓,25.004235,121.510299
FamilyMart 全家永和教室店,02-8941-8262,新北市,永和區,民生路６５號１樓及地下室,24.995908,121.517777
FamilyMart 全家永和國艷店,02-2923-2783,新北市,永和區,民樂街３９巷２號１樓,24.996832,121.520006
FamilyMart 全家永和永平店,02-8660-3548,新北市,永和區,永平路２３２號,25.00615,121.520604
FamilyMart 全家永和永福店,02-2923-4354,新北市,永和區,永和路一段９３號,25.016294,121.516329
FamilyMart 全家永和保安店,02-2920-7792,新北市,永和區,永貞路３８７號,25.006522,121.510288
FamilyMart 全家永和秀成店,02-2921-5822,新北市,永和區,成功路一段１３７，１３９號,24.997455,121.526686
FamilyMart 全家永和御林店,02-8925-0327,新北市,永和區,竹林路２１３巷４４號１樓,25.01428,121.517817
FamilyMart 全家永和竹勝店,02-8925-8511,新北市,永和區,竹林路２１５號１樓,25.003178,121.519183
FamilyMart 全家永和秀和店,02-2928-0903,新北市,永和區,秀朗路一段７６、７８號,25.008033,121.512135
FamilyMart 全家永和羅鄰店,02-2929-3596,新北市,永和區,保平路２６８巷２５號１樓,25.013257,121.510296
FamilyMart 全家永和國和店,02-2928-1175,新北市,永和區,國中路８６巷２號,25.000354,121.525006
FamilyMart 全家永和得和店,02-2941-6037,新北市,永和區,得和路３７２號,25.012997,121.515714
FamilyMart 全家永和新富店,02-8921-5154,新北市,永和區,福和路５７巷１４弄２號１樓,25.007376,121.515668
FamilyMart 全家永和福和店,02-2921-3528,新北市,永和區,福和路１７３．１７５號,25.018027,121.512769
FamilyMart 全家永和環河店,02-3233-9160,新北市,永和區,環河西路二段２１９號，２２１號,25.015373,121.520544
FamilyMart 全家中和仁勇店,02-2940-0962,新北市,中和區,大勇街２０號１樓,25.002227,121.496126
FamilyMart 全家中和佳和店,02-2245-0773,新北市,中和區,佳和里中山路二段１３２號、１３４號１樓,25.006899,121.502347
FamilyMart 全家中和中漢店,02-2223-9355,新北市,中和區,中山路三段１４６－２號,25.005929,121.474713
FamilyMart 全家中和漢陽店,02-2223-0343,新北市,中和區,瑞穗里中山路三段１７２號１樓,25.008954,121.474488
FamilyMart 全家中和元氣店,02-2225-6901,新北市,中和區,中山路３段３９號２樓,24.99338,121.502992
FamilyMart 全家中和廣場店,02-8227-8301,新北市,中和區,平河里中正路７１２號一樓,25.005519,121.484786
FamilyMart 全家中和力行店,02-2243-5392,新北市,中和區,中正路２４２號,25.000469,121.484728
FamilyMart 全家中和鎮順店,02-2242-7811,新北市,中和區,中正路１６７巷１６號、１８號１樓,25.01029,121.480731
FamilyMart 全家中和中鼎店,02-2929-4187,新北市,中和區,中安里中安街８０號一樓,24.999189,121.511399
FamilyMart 全家中和中和店,02-3233-8551,新北市,中和區,中和路４８０號１Ｆ,25.010024,121.487562
FamilyMart 全家中和金原店,02-8221-1769,新北市,中和區,中原街１２６號１樓,24.989626,121.500737
FamilyMart 全家中和中興店,02-8242-3542,新北市,中和區,復興里中興街１１１號，１１３號,24.988381,121.510885
FamilyMart 全家中和光明店,02-8953-5241,新北市,中和區,民生街８５巷２弄１號１樓,25.0,121.479536
FamilyMart 全家中和嘉穗店,02-2222-1242,新北市,中和區,民利街９１號１樓,25.005234,121.49774
FamilyMart 全家中和永貞店,02-2928-8350,新北市,中和區,永貞路２４４號,24.994188,121.52006
FamilyMart 全家中和建業店,02-2222-4223,新北市,中和區,立德街１８９號１樓,25.008689,121.486208
FamilyMart 全家中和萊陽店,02-8245-6393,新北市,中和區,瓦嗂里光華街１號３號一樓,24.994367,121.512766
FamilyMart 全家中和秀吉店,02-2941-2382,新北市,中和區,自立路１７號,24.992719,121.522694
FamilyMart 全家中和新秀店,02-2942-6524,新北市,中和區,秀朗路三段４４號１樓,24.990202,121.509849
FamilyMart 全家中和和平店,02-2944-4304,新北市,中和區,和平街５６號１樓；５４巷１弄１號１樓,24.996717,121.511753
FamilyMart 全家中和鑫發店,02-2943-4443,新北市,中和區,忠孝街１０５號,24.983009,121.510389
FamilyMart 全家中和水源店,02-8245-9519,新北市,中和區,保平路３２０號、３２２號,24.998255,121.508051
FamilyMart 全家中和南勢角店,02-8941-2772,新北市,中和區,南山路３９９巷１０號１樓,24.997404,121.504669
FamilyMart 全家中和遠建店,02-8227-2991,新北市,中和區,建一路１７６號１樓,25.000772,121.488252
FamilyMart 全家中和建新店,02-8226-3686,新北市,中和區,建八路２８號１樓,24.994024,121.480751
FamilyMart 全家中和員科店,02-2222-1264,新北市,中和區,員山路５０４之１號１樓,24.996027,121.48091
FamilyMart 全家中和員山店,02-2226-7296,新北市,中和區,員山路３２５之４號、之５號１樓,25.00009,121.499177
FamilyMart 全家中和興國店,02-2963-5114,新北市,中和區,國光街１０４號１樓,24.99917,121.472726
FamilyMart 全家中和自強店,02-3234-6883,新北市,中和區,莒光路１３１號,24.997415,121.494057
FamilyMart 全家中和連福店,02-3234-7896,新北市,中和區,連城路３９１號，３９３號,24.996491,121.486862
FamilyMart 全家中和和連店,02-8245-7861,新北市,中和區,建和里連城路２６５巷１號一樓,24.995243,121.481911
FamilyMart 全家中和新后店,02-2221-6706,新北市,中和區,連城路４６９巷２３號１樓,24.997088,121.497633
FamilyMart 全家中和秀欣店,02-2243-2645,新北市,中和區,復興路２６７號１樓及地下室,24.992555,121.514899
FamilyMart 全家中和福中店,02-2246-0574,新北市,中和區,景平路７１０號１號,24.995722,121.500961
FamilyMart 全家中和勝平店,02-2247-4417,新北市,中和區,景平路５１７、５１９號１樓,25.003492,121.49643
FamilyMart 全家中和摩天店,02-8942-3447,新北市,中和區,景平路１８２號１樓,24.993705,121.505213
FamilyMart 全家中和景秀店,02-8668-0018,新北市,中和區,景平路７１—２號,24.994598,121.505128
FamilyMart 全家中和雙捷店,02-8941-7765,新北市,中和區,景新街４６８號,24.995178,121.506997
FamilyMart 全家中和新平店,02-8941-1655,新北市,中和區,景新街２６５、２６７號,24.990252,121.512419
FamilyMart 全家中和朕新店,02-2942-6294,新北市,中和區,景德街１２４號１樓,24.998444,121.466323
FamilyMart 全家中和華福店,02-2950-6983,新北市,中和區,華順街１１７號，１１９號,24.981988,121.506682
FamilyMart 全家中和華隆店,02-2941-4221,新北市,中和區,華新街１０９巷１－３號,24.984435,121.507928
FamilyMart 全家中和圓峰店,02-2243-3191,新北市,中和區,圓通路２２６號１樓,24.989114,121.489494
FamilyMart 全家中和凌雲店,02-2242-7725,新北市,中和區,圓通路３６７巷２號,24.995336,121.49766
FamilyMart 全家中和圓通店,02-2245-4902,新北市,中和區,圓通路３０７之５號,25.001065,121.483518
FamilyMart 全家中和新正店,02-2226-3432,新北市,中和區,新生街１９０號１樓,25.004594,121.483048
FamilyMart 全家中和民德店,02-2964-0401,新北市,中和區,壽德里壽德街２６號１樓,25.003992,121.499478
FamilyMart 全家中和南中店,02-2246-4585,新北市,中和區,廣福路６２號１樓,25.004493,121.47085
FamilyMart 全家中和橋安店,02-2242-4182,新北市,中和區,橋和路１２０號,25.006138,121.494007
FamilyMart 全家中和新興店,02-2942-7198,新北市,中和區,興南路二段３６號,24.986204,121.508148
FamilyMart 全家中和烘爐店,02-2946-8782,新北市,中和區,興南路２段１２０號１樓,24.995614,121.490086
FamilyMart 全家土城工業店,02-2267-8853,新北市,土城區,中山路６１號１樓,24.970144,121.432336
FamilyMart 全家土城德興店,02-2270-3829,新北市,土城區,中央路一段４３號,24.984739,121.444425
FamilyMart 全家土城員仁店,02-8262-3135,新北市,土城區,中央路二段３０８號,24.974595,121.441494
FamilyMart 全家土城中央店,02-2274-1563,新北市,土城區,員林里中央路二段８９號,24.976799,121.441856
FamilyMart 全家土城永寧店,02-2269-4365,新北市,土城區,中央路三段７４－１號＆７４號１樓,24.964942,121.430995
FamilyMart 全家土城欣隆店,02-2268-3967,新北市,土城區,中央路三段２８３號１樓,24.958996,121.419208
FamilyMart 全家土城頂埔店,02-2267-4416,新北市,土城區,中央路四段２６２號１樓,24.9536328,121.41251426
FamilyMart 全家土城頂運店,02-2267-1054,新北市,土城區,中央路四段７０號１樓,24.98882,121.446287
FamilyMart 全家土城永豐店,02-8273-2850,新北市,土城區,永豐路１９５號,24.96613771,121.42098509
FamilyMart 全家土城新亞店,02-2269-7840,新北市,土城區,亞洲路５７號,24.974177,121.442684
FamilyMart 全家土城吉城店,02-2270-0166,新北市,土城區,延吉街８０號１樓,24.984992,121.467877
FamilyMart 全家土城峰吉店,02-2262-8864,新北市,土城區,延吉街１５９號１樓,24.990366,121.467808
FamilyMart 全家土城明城店,02-2270-5842,新北市,土城區,明（上山＋下夆）街２０號１樓＋Ｂ１,24.977074,121.459568
FamilyMart 全家土城德清店,02-2262-8154,新北市,土城區,明德路一段１０３號１樓,24.983367,121.457355
FamilyMart 全家土城香榭店,02-2264-5031,新北市,土城區,金城路三段１０號１樓,24.988261,121.468253
FamilyMart 全家土城青水店,02-2270-7634,新北市,土城區,青仁路３２號１樓,24.982586,121.459302
FamilyMart 全家土城寬樺店,02-8273-3720,新北市,土城區,清和里青雲路３８２號、３８４號,24.988294,121.459756
FamilyMart 全家土城承天店,02-2269-5901,新北市,土城區,南天母路４７號（地下層）,24.981573,121.459918
FamilyMart 全家土城莊園店,02-8273-3441,新北市,土城區,莊園街１００號＋１０２號１樓（配送用）,24.984501,121.453316
FamilyMart 全家土城學富店,02-2264-1614,新北市,土城區,裕民路６９號１樓,24.986367,121.449456
FamilyMart 全家土城御昇店,02-2262-9626,新北市,土城區,裕生路１２號１樓,24.986356,121.447793
FamilyMart 全家土城城堡店,02-2274-3213,新北市,土城區,福仁街５０巷１號,24.96511,121.420307
FamilyMart 全家土城福祥店,02-8261-5458,新北市,土城區,福祥街４６號一樓,24.99333,121.455146
FamilyMart 全家土城學士店,02-8273-1487,新北市,土城區,學士路２６號一樓,24.980197,121.451007
FamilyMart 全家土城學林店,02-8262-0694,新北市,土城區,學成路３６號１樓,24.985021,121.452197
FamilyMart 全家土城廣興店,02-2264-7450,新北市,土城區,廣興里學府路一段１００號,24.982617,121.449561
FamilyMart 全家土城廣福店,02-2273-8441,新北市,土城區,學府路一段１６２號,24.981776,121.449213
FamilyMart 全家土城日月光店,02-2270-9239,新北市,土城區,學府路二段２１６號一樓,24.97689942,121.44745063
FamilyMart 全家三峽新莉雅店,02-2674-1580,新北市,三峽區,二鬮路５９之１號１樓,24.94312,121.378829
FamilyMart 全家三峽金同店,02-8672-1784,新北市,三峽區,大同路１９６之１號１樓,24.929081,121.37774
FamilyMart 全家三峽大德店,02-3501-2620,新北市,三峽區,大德路４８３號１樓,24.941536,121.376008
FamilyMart 全家三峽心湖店,02-3501-2534,新北市,三峽區,大學路１５１號１樓（心湖會館）,24.946284,121.374186
FamilyMart 全家三峽峇里店,02-2673-6076,新北市,三峽區,鳶山里中山路３０３號一樓,24.937505,121.362416
FamilyMart 全家三峽新介壽店,02-8676-6209,新北市,三峽區,介壽路三段１７６號１樓,24.93602,121.37013159
FamilyMart 全家三峽大勇店,02-2673-4590,新北市,三峽區,文化路２５４號１樓,24.931202,121.373001
FamilyMart 全家三峽大同店,02-8674-2229,新北市,三峽區,光明路１００之６號,24.936621,121.375602
FamilyMart 全家三峽國光店,02-3501-2046,新北市,三峽區,國光街４２號,24.939987,121.375861
FamilyMart 全家三峽國寧店,02-8672-1143,新北市,三峽區,國學街３１．３３號,24.938236,121.370618
FamilyMart 全家三峽恩主店,02-2671-4305,新北市,三峽區,復興路３７３、３７５號１樓,24.937176,121.373531
FamilyMart 全家三峽學勝店,02-8671-6146,新北市,三峽區,學勤路１６２號１樓,24.94570742,121.37335363
FamilyMart 全家樹林德園店,02-2680-7279,新北市,樹林區,八德街６００及６０２號,25.015644,121.418046
FamilyMart 全家樹林新三俊店,02-2676-1569,新北市,樹林區,三俊街１１２號,25.016544,121.408201
FamilyMart 全家樹林圳福店,02-2686-8521,新北市,樹林區,千歲街６１巷２號１樓,24.986277,121.414211
FamilyMart 全家樹林金安店,02-2687-5845,新北市,樹林區,大安路５８５號１樓,24.944974,121.382684
FamilyMart 全家樹林藝術店,02-2668-7483,新北市,樹林區,大雅路２８７號１樓,24.949962,121.378641
FamilyMart 全家樹林學誠店,02-3501-7864,新北市,樹林區,大義路１９６＆１９８號,24.991331,121.4221
FamilyMart 全家樹林新中店,02-2668-5755,新北市,樹林區,中山路三段１０７號及１０７－１號,25.012943,121.412623
FamilyMart 全家樹林新全球店,02-8686-2215,新北市,樹林區,中華路２９１號,24.981784,121.420585
FamilyMart 全家樹林太平店,02-8684-5773,新北市,樹林區,太元街５８號,24.987386,121.419976
FamilyMart 全家樹林日新店,02-2687-6139,新北市,樹林區,日新街５０號１樓,24.989219,121.420819
FamilyMart 全家樹林新育園店,02-2668-5274,新北市,樹林區,佳園路一段４５號,24.980973,121.424422
FamilyMart 全家樹林欣榮店,02-8685-7876,新北市,樹林區,東榮街１０７號１樓,24.977829,121.410326
FamilyMart 全家樹林東豐店,02-8684-9952,新北市,樹林區,東豐街５１號,25.00063,121.416234
FamilyMart 全家樹林武林店,02-2688-8778,新北市,樹林區,保安街二段１０９號,25.004202,121.413233
FamilyMart 全家樹林俊霖店,02-2676-5503,新北市,樹林區,俊英街１５５巷１號１樓,25.005665,121.427418
FamilyMart 全家樹林俊英店,02-2689-9787,新北市,樹林區,俊英街１１３號,25.018301,121.418475
FamilyMart 全家樹林車站店,02-2681-3492,新北市,樹林區,後站街８號,24.956141,121.388615
FamilyMart 全家樹林國凱店,02-8686-0727,新北市,樹林區,國凱街８２號,24.990988,121.426017
FamilyMart 全家樹林佳瑪店,02-2687-8166,新北市,樹林區,博愛街８９號１樓,24.984908,121.423325
FamilyMart 全家樹林復興店,02-2687-3547,新北市,樹林區,復興路２７２號，２７４號,24.999041,121.425209
FamilyMart 全家樹林學園店,02-3501-9721,新北市,樹林區,學成路６０１號１樓,24.948324,121.384045
FamilyMart 全家樹林龍興店,02-2688-9613,新北市,樹林區,龍興街１５號,24.991221,121.424806
FamilyMart 全家鶯歌行政店,02-2678-1963,新北市,鶯歌區,中正一路１５４號,24.957137,121.358182
FamilyMart 全家鶯歌車站店,02-8677-7836,新北市,鶯歌區,文化路６８號之１,24.969164,121.334417
FamilyMart 全家鶯歌永明店,02-2670-3617,新北市,鶯歌區,永明街７８號１樓,24.95572,121.343707
FamilyMart 全家鶯歌尖峰店,02-8677-4110,新北市,鶯歌區,尖山路１２６號１樓,24.953952,121.346144
FamilyMart 全家鶯歌國慶店,02-2677-6756,新北市,鶯歌區,建國路１２２號１樓,24.955117,121.35509
FamilyMart 全家鶯歌尖山店,02-2679-7270,新北市,鶯歌區,國中街１－３號,24.951592,121.342094
FamilyMart 全家三重力行店,02-2980-8615,新北市,三重區,力行路一段４０號,25.07198,121.481841
FamilyMart 全家三重三民店,02-2984-3629,新北市,三重區,三民街１１２號,25.068121,121.479007
FamilyMart 全家三重三安店,02-2981-9584,新北市,三重區,三和路三段４０號,25.073458,121.492097
FamilyMart 全家三重龍和店,02-2976-2428,新北市,三重區,三和路三段５９號,25.076841,121.486031
FamilyMart 全家三重銀和店,02-2287-0339,新北市,三重區,三和路四段３９４號１樓,25.069864,121.487541
FamilyMart 全家三重新三陽店,02-2971-8178,新北市,三重區,三陽路１３巷２號１樓,25.058752,121.483222
FamilyMart 全家三重富貴店,02-8287-6954,新北市,三重區,三賢街２０１號,25.061999,121.49538
FamilyMart 全家三重車勇店,02-2986-8439,新北市,三重區,大勇街１號１樓,25.066271,121.493451
FamilyMart 全家三重致學店,02-2986-9646,新北市,三重區,大智街１９７號１樓,25.065549,121.500477
FamilyMart 全家三重中央店,02-2974-4057,新北市,三重區,中央南路５１號１樓,25.063018,121.501377
FamilyMart 全家三重金勇店,02-2985-0689,新北市,三重區,中正北路３７８號１樓,25.056417,121.494065
FamilyMart 全家三重華泰店,02-2987-4587,新北市,三重區,中華路５３號１樓,25.061114,121.483338
FamilyMart 全家三重谷王店,02-2999-5146,新北市,三重區,五谷王北街１７１號１樓,25.081191,121.494424
FamilyMart 全家三重新五華店,02-2988-9750,新北市,三重區,五華街８３號１樓,25.08063,121.485602
FamilyMart 全家三重新仁義店,02-8985-9488,新北市,三重區,仁義街１６４號１樓,25.085526,121.494134
FamilyMart 全家三重通華店,02-8287-5919,新北市,三重區,仁義街３１７號,25.076087,121.50001
FamilyMart 全家三重大榮店,02-2976-1842,新北市,三重區,文化北路１５號１樓,25.061618,121.500258
FamilyMart 全家三重正義北店,02-2986-3442,新北市,三重區,正義北路２５３號１樓,25.068267,121.492489
FamilyMart 全家三重永安店,02-2857-9121,新北市,三重區,永安北路二段１１號１樓,25.077093,121.478996
FamilyMart 全家三重新永福店,02-2280-0071,新北市,三重區,永福街１２４號、１２６號１樓,25.04946,121.471884
FamilyMart 全家三重群光店,02-2999-9287,新北市,三重區,光復路二段６９號１樓,25.050666,121.488902
FamilyMart 全家三重成功店,02-2974-2342,新北市,三重區,福德里成功路１４５巷４５號４７號一樓,25.069177,121.489558
FamilyMart 全家三重自立店,02-2986-3917,新北市,三重區,自強路三段１５號１樓,25.075728,121.483984
FamilyMart 全家三重田心店,02-2984-4120,新北市,三重區,田心里忠孝路三段５０巷８２號一樓,25.067712,121.498042
FamilyMart 全家三重新光榮店,02-2976-7953,新北市,三重區,長興街５７號１樓,25.05892773,121.48687773
FamilyMart 全家三重九陽店,02-2984-5805,新北市,三重區,重陽路二段３０號１樓,25.065315,121.491398
FamilyMart 全家三重新陽店,02-2986-3297,新北市,三重區,重陽路三段１３２號,25.070289,121.492033
FamilyMart 全家三重天台店,02-2974-4755,新北市,三重區,重新路二段７８號,25.060109,121.492107
FamilyMart 全家三重重光店,02-2974-6074,新北市,三重區,重新路三段１７６號１樓,25.046149,121.467362
FamilyMart 全家三重中興店,02-2999-2889,新北市,三重區,重新路五段５９５，５９７號,25.055587,121.48612
FamilyMart 全家三重新運店,02-2987-9457,新北市,三重區,捷運路１９巷６弄２０號１樓,25.067393,121.477141
FamilyMart 全家三重頂崁店,02-2980-9001,新北市,三重區,博愛里２２鄰頂崁街２１０巷３１號１樓,25.085295,121.484881
FamilyMart 全家三重集美店,02-2974-2761,新北市,三重區,集美街１４９號１樓,25.053771,121.488804
FamilyMart 全家三重重運店,02-2974-2683,新北市,三重區,集美街４９號１樓,25.060892,121.490811
FamilyMart 全家三重溪尾店,02-2286-7450,新北市,三重區,溪尾街１６０號１樓,25.077631,121.490478
FamilyMart 全家三重過圳店,02-2986-8554,新北市,三重區,過圳街３號１樓,25.06351,121.502806
FamilyMart 全家三重興德店,02-8512-4015,新北市,三重區,興德路１２３號,25.074173,121.501744
FamilyMart 全家三重龍美店,02-2978-5611,新北市,三重區,龍濱路１２０號１樓,25.072557,121.501324
FamilyMart 全家新莊八德店,02-2201-4759,新北市,新莊區,八德街１５巷２號，１７號,25.020263,121.423837
FamilyMart 全家新莊副都店,02-8521-8124,新北市,新莊區,中央路４３７號１樓,25.058923,121.448843
FamilyMart 全家新莊中悅店,02-8521-5084,新北市,新莊區,中平路４００號１樓,25.051394,121.444822
FamilyMart 全家新莊忠承店,02-2990-6231,新北市,新莊區,中平路３７７巷２號１樓,25.048392,121.44546
FamilyMart 全家新莊狀元店,02-2998-4996,新北市,新莊區,中平路２６８號,25.044461,121.44484
FamilyMart 全家新莊安和店,02-2903-6055,新北市,新莊區,中正路８２９巷２２弄１號,25.034471,121.445249
FamilyMart 全家新莊龍鳳店,02-2901-7635,新北市,新莊區,中正路７２９號,25.02194,121.412223
FamilyMart 全家新莊新建店,02-2901-3769,新北市,新莊區,中正路新建巷４０號１樓,25.035461,121.449793
FamilyMart 全家新莊中環店,02-2990-6924,新北市,新莊區,中和街１５５巷２號１樓＋２樓部分,25.043562,121.448123
FamilyMart 全家新莊新中信店,02-8992-7949,新北市,新莊區,中信街４１號１樓,25.054633,121.463918
FamilyMart 全家新莊中原店,02-8992-0047,新北市,新莊區,中原路２９７號,25.054244,121.458108
FamilyMart 全家新莊新和港店,02-2993-8945,新北市,新莊區,中港一街１４３號,25.040356,121.455333
FamilyMart 全家新莊中美店,02-2279-6927,新北市,新莊區,中港路４１３＆４１５號１樓,25.036709,121.452151
FamilyMart 全家新莊華運店,02-8992-1279,新北市,新莊區,中華路一段６７號１樓＋地下室,25.045269,121.453491
FamilyMart 全家新莊中榮店,02-2998-3442,新北市,新莊區,中榮街８４號,25.066227,121.459812
FamilyMart 全家新莊五工店,02-2298-8045,新北市,新莊區,五工路７０號１樓＋Ｂ１,25.065361,121.457525
FamilyMart 全家新莊泰園店,02-2975-7564,新北市,新莊區,公園一路１０３號１樓,25.057443,121.465638
FamilyMart 全家新莊福成店,02-2994-8672,新北市,新莊區,化成路５５２號１樓及地下室,25.059739,121.462614
FamilyMart 全家新莊新雙鳳店,02-2901-1246,新北市,新莊區,天祥街２號,25.028898,121.416832
FamilyMart 全家新莊天祥店,02-2901-3468,新北市,新莊區,天祥街２９號１樓,25.022183,121.422718
FamilyMart 全家新莊德祐店,02-2208-3680,新北市,新莊區,四維路１５０巷９號１樓,25.019704,121.428379
FamilyMart 全家新莊民和店,02-2204-9299,新北市,新莊區,民安西路２４７號１樓,25.011175,121.427536
FamilyMart 全家新莊光明店,02-2206-2208,新北市,新莊區,民安西路１９２號１樓,25.022414,121.428851
FamilyMart 全家新莊立信店,02-2998-2115,新北市,新莊區,立信一街１２號,25.048182,121.453296
FamilyMart 全家新莊自強店,02-8991-6578,新北市,新莊區,自強街２號,25.012805,121.427653
FamilyMart 全家新莊盛寧店,02-2203-0264,新北市,新莊區,西盛街１５１號１樓,25.016466,121.427987
FamilyMart 全家新莊昌平店,02-2990-6374,新北市,新莊區,昌平街５０號,25.05003,121.454936
FamilyMart 全家新莊新明中店,02-2998-5116,新北市,新莊區,明中街１８號１樓,25.029141,121.420008
FamilyMart 全家新莊建中店,02-2277-9137,新北市,新莊區,建中街１１８號、１２０號、１２２號,25.025033,121.427554
FamilyMart 全家新莊建興店,02-2201-5482,新北市,新莊區,建安街１８號１樓,25.030748,121.434402
FamilyMart 全家新莊學輔店,02-2901-8239,新北市,新莊區,建國一路２號,25.039558,121.449688
FamilyMart 全家新莊新建明店,02-2204-8981,新北市,新莊區,後港一路４８號１樓,25.043258,121.459594
FamilyMart 全家新莊宏匯店,02-8521-3845,新北市,新莊區,思源路５５５號１樓,25.059883,121.459557
FamilyMart 全家新莊超級店,02-2204-5567,新北市,新莊區,莊崑路２５號１樓,25.024102,121.424269
FamilyMart 全家新莊景德店,02-2206-4530,新北市,新莊區,景德路３８２號,25.030111,121.41367
FamilyMart 全家新莊城邦店,02-8521-6513,新北市,新莊區,新北大道三段７號１樓,25.032208,121.449626
FamilyMart 全家新莊金泰店,02-2990-2069,新北市,新莊區,新泰路３０５巷１號１樓,25.037271,121.44783
FamilyMart 全家新莊新立店,02-2992-2460,新北市,新莊區,新泰路２２５巷１號１樓,25.03359,121.450128
FamilyMart 全家新莊海山店,02-2204-2064,新北市,新莊區,新莊路７４１號１樓,25.012428,121.432452
FamilyMart 全家新莊新樹店,02-2207-5970,新北市,新莊區,新樹路６１３號１樓,25.034424,121.448557
FamilyMart 全家新莊萬安店,02-2203-7583,新北市,新莊區,萬安街８０號,25.023346,121.418386
FamilyMart 全家新莊福美店,02-8521-6435,新北市,新莊區,福美街１２６號１樓,25.050029,121.458088
FamilyMart 全家新莊仁義店,02-2996-2848,新北市,新莊區,福壽街３８號１Ｆ,25.051684,121.457735
FamilyMart 全家新莊福樂店,02-8992-3468,新北市,新莊區,福樂街３０號１樓,25.022597,121.414656
FamilyMart 全家新莊金豐店,02-2206-9828,新北市,新莊區,豐年街６６號１樓,25.000394,121.432361
FamilyMart 全家新莊祥鳳店,02-2902-2674,新北市,新莊區,雙鳳路１０６號,25.028144,121.413109
FamilyMart 全家泰山白金店,02-2297-9409,新北市,泰山區,仁愛路１０８號１樓,25.0538853,121.43286101
FamilyMart 全家泰山新民權店,02-8531-3299,新北市,泰山區,民權街３３號１樓,25.057806,121.430663
FamilyMart 全家泰山明豐店,02-2904-8829,新北市,泰山區,明志路二段３８３號１樓,25.04810542,121.42703663
FamilyMart 全家泰山新義學店,02-2909-7397,新北市,泰山區,明志路二段５３號１樓,25.039171,121.42425
FamilyMart 全家泰山明日城店,02-2297-2309,新北市,泰山區,信華一街３５號１樓,25.045297,121.413369
FamilyMart 全家泰山新泰林店,02-2900-0777,新北市,泰山區,泰林路二段１０７號１樓,25.063967,121.42414
FamilyMart 全家泰山黎明店,02-2297-9445,新北市,泰山區,泰林路二段５７５號、５７７號１樓,25.063843,121.42865
FamilyMart 全家泰山新貴子店,02-2903-6660,新北市,泰山區,貴子路３８號１樓,25.039455,121.431059
FamilyMart 全家林口洪福店,02-2606-1202,新北市,林口區,下福里１１鄰１４７號之１,25.077141,121.400334
FamilyMart 全家林口麗林店,02-2602-4790,新北市,林口區,中山路５２２號１樓,25.081681,121.380987
FamilyMart 全家林口中正店,02-2601-5562,新北市,林口區,中正路２６６號,25.077419,121.395494
FamilyMart 全家林口中菁店,02-2601-2057,新北市,林口區,新北巿林口區中正路２０１號１樓,25.076291,121.392626
FamilyMart 全家林口新高中店,02-8601-2624,新北市,林口區,仁愛路二段１５６號１樓,25.075792,121.37633
FamilyMart 全家林口文園店,02-2609-0261,新北市,林口區,公園路１７８號１樓,25.073285,121.37736
FamilyMart 全家林口樂活店,02-2608-9613,新北市,林口區,文化二路１段２６９號１樓,25.068957,121.366055
FamilyMart 全家林口隆林店,02-2602-2405,新北市,林口區,文化二路二段９０．９２號,25.076114,121.370031
FamilyMart 全家林口幸福店,02-2609-8325,新北市,林口區,文化三路一段３５號１樓,25.06879,121.361485
FamilyMart 全家林口影城店,02-2609-0534,新北市,林口區,文化三路一段４０６號１樓,25.070762,121.362469
FamilyMart 全家林口采都店,02-2600-5775,新北市,林口區,民族路８６號１樓,25.073343165817434,121.36338534589386
FamilyMart 全家林口忠孝店,02-2608-5421,新北市,林口區,忠孝路６０１號,25.081692,121.388479
FamilyMart 全家林口文義店,02-2609-0866,新北市,林口區,湖南里信義路２８９號,25.075255,121.35944
FamilyMart 全家林口醒吾店,02-2603-1858,新北市,林口區,東林村粉寮路１段６６號１樓,25.071148,121.37616
FamilyMart 全家蘆洲恆德店,02-8281-4638,新北市,蘆洲區,三民路２６巷２２號，２４號,25.09221081,121.46415039
FamilyMart 全家蘆洲徐匯店,02-8281-1345,新北市,蘆洲區,中山一路２５號１樓,25.080484,121.480444
FamilyMart 全家蘆洲中央店,02-8285-0698,新北市,蘆洲區,仁復里５鄰中央路５６號,25.084824,121.467404
FamilyMart 全家蘆洲保正店,02-8281-1438,新北市,蘆洲區,中正路１８１－１號部份及２樓全部,25.083469,121.461455
FamilyMart 全家蘆洲新福原店,02-2289-2264,新北市,蘆洲區,中原路７０號,25.082737,121.462399
FamilyMart 全家蘆洲興賢店,02-8286-6445,新北市,蘆洲區,中興街６０號１樓,25.093851,121.471273
FamilyMart 全家蘆洲新民生店,02-2285-2487,新北市,蘆洲區,民生街１２３號１樓,25.089231,121.468189
FamilyMart 全家蘆洲仁德店,02-8281-2279,新北市,蘆洲區,民族路７４號１樓,25.086752,121.479882
FamilyMart 全家蘆洲民華店,02-8283-1441,新北市,蘆洲區,民族路４２２巷８２弄１４，１６號,25.092044,121.472509
FamilyMart 全家蘆洲名族店,02-8285-2406,新北市,蘆洲區,民族路２５１號１樓,25.09052,121.469617
FamilyMart 全家蘆洲義興店,02-2848-4834,新北市,蘆洲區,民義街６８巷２、６號１樓,25.088129,121.471654
FamilyMart 全家蘆洲新鷺江店,02-8285-1197,新北市,蘆洲區,民權路３５號１樓,25.087259,121.475124
FamilyMart 全家蘆洲永萍店,02-2848-1736,新北市,蘆洲區,永平街３２巷１７號１樓,25.088734,121.455888
FamilyMart 全家蘆洲永樂店,02-2847-0014,新北市,蘆洲區,永樂街３８巷５７弄１號１Ｆ,25.082578,121.466238
FamilyMart 全家蘆洲金華店,02-2282-7493,新北市,蘆洲區,光華路１５０巷３８號１樓,25.081537,121.47281
FamilyMart 全家蘆洲中華店,02-8281-4768,新北市,蘆洲區,和平路１２２，１２４號,25.086218,121.457617
FamilyMart 全家蘆洲長興店,02-2848-1192,新北市,蘆洲區,長安街１６８號１樓,25.078957,121.464113
FamilyMart 全家蘆洲新安店,02-8286-8249,新北市,蘆洲區,長安街３０１號１樓,25.07995466,121.46264652
FamilyMart 全家蘆洲正榮店,02-8286-3084,新北市,蘆洲區,長榮路２０９號１樓,25.091204,121.462759
FamilyMart 全家蘆洲信義店,02-8285-4161,新北市,蘆洲區,信義路２２０號１樓,25.087752,121.477153
FamilyMart 全家蘆洲復興店,02-8285-2663,新北市,蘆洲區,復興路１１號１樓,25.083565,121.481622
FamilyMart 全家五股新工商店,02-2295-2430,新北市,五股區,工商路８７號１樓,25.073849,121.464912
FamilyMart 全家五股五權店,02-2298-4246,新北市,五股區,五工五路３４號,25.090093,121.433059
FamilyMart 全家五股五福店,02-8295-7618,新北市,五股區,五福里五福路２４號,25.072915,121.467494
FamilyMart 全家五股新五義店,02-2293-9726,新北市,五股區,民義路一段１０９號１樓,25.096597,121.420782
FamilyMart 全家五股水碓店,02-2297-7124,新北市,五股區,成泰路一段７巷２１號、２３號１樓,25.080029,121.43623
FamilyMart 全家五股成泰店,02-2293-1703,新北市,五股區,成泰路三段５７７巷１３８號１樓,25.106625,121.453342
FamilyMart 全家五股自強店,02-8292-1942,新北市,五股區,自強路７４號１樓,25.070388,121.431995
FamilyMart 全家五股御雲店,02-2293-1757,新北市,五股區,西雲路２號１樓,25.095661,121.44795
FamilyMart 全家五股芳洲店,02-2295-3094,新北市,五股區,芳洲一路３８號１樓＆２樓,25.10121,121.450866
FamilyMart 全家五股御成店,02-2295-1046,新北市,五股區,御成路７５號１樓,25.06954,121.42986
FamilyMart 全家五股新五店,02-2295-3177,新北市,五股區,新五路三段２５號１樓部份,25.089362,121.446824
FamilyMart 全家八里龍王店,02-2610-1008,新北市,八里區,中山路一段１３１號１樓,25.151064,121.404819
FamilyMart 全家八里中華店,02-8630-3476,新北市,八里區,中華路二段４６８號１樓,25.14859,121.403825
FamilyMart 全家八里廖添丁店,02-2610-1005,新北市,八里區,中華路３段１７號１樓,25.145779,121.397707
FamilyMart 全家八里船頭店,02-8630-4308,新北市,八里區,渡船頭街１號,25.128549,121.451927
FamilyMart 全家淡水興忠店,02-2626-3386,新北市,淡水區,水碓里１１鄰大忠街４３號１樓,25.17818781,121.44326323
FamilyMart 全家淡水中山店,02-2629-5520,新北市,淡水區,中山北路一段１０２號１樓,25.18510485,121.44528326
FamilyMart 全家淡水市鎮店,02-2623-6102,新北市,淡水區,中山北路二段１８５號１樓,25.16214063,121.45292393
FamilyMart 全家淡水紅林店,02-2809-2016,新北市,淡水區,八勢里中正東路二段６９號１樓,25.15634356,121.459339
FamilyMart 全家淡水登峰店,02-2808-5461,新北市,淡水區,中正東路二段２７號２樓,25.17032875,121.43931645
FamilyMart 全家淡水成功店,02-2623-6052,新北市,淡水區,中正路５７號,25.16823193,121.44555426
FamilyMart 全家淡水淡海店,02-2805-0241,新北市,淡水區,中正路一段６２巷２號,25.17174194,121.44737049
FamilyMart 全家淡水源德店,02-2626-4758,新北市,淡水區,水源街一段１號,25.17701004,121.45217177
FamilyMart 全家淡水五虎崗店,02-2622-4612,新北市,淡水區,水源街二段８６號１樓,25.1778933,121.44868351
FamilyMart 全家淡水新旭店,02-2625-3827,新北市,淡水區,北新路１６９巷３５號１樓,25.1773936,121.4490856
FamilyMart 全家淡水天元店,02-2383-1985,新北市,淡水區,北新路二段１５０號,25.13882325,121.46507868
FamilyMart 全家淡水竹圍店,02-2809-9936,新北市,淡水區,民生路５８號,25.13592828,121.46176857
FamilyMart 全家淡水加州店,02-8809-3432,新北市,淡水區,民權路１９號,25.12814879,121.46284049
FamilyMart 全家淡水埔嵿店,02-2808-7606,新北市,淡水區,自強路１５６號１樓,25.18136425,121.42100471
FamilyMart 全家淡水沙崙店,02-2805-0829,新北市,淡水區,沙崙里沙崙路１４９號,25.188476,121.430169
FamilyMart 全家淡水海樂地店,02-2805-5711,新北市,淡水區,沙崙路二段７７７號,25.17382869,121.44709907
FamilyMart 全家淡水大學店,02-2622-6380,新北市,淡水區,英專路１５１號,25.17305169,121.43858296
FamilyMart 全家淡江中學一店,02-2621-9750,新北市,淡水區,真理街２６號（綜合大樓二樓）,25.17505998,121.43583052
FamilyMart 全家淡水摩洛哥店,02-8626-8106,新北市,淡水區,淡金路３８巷７０號,25.17985698,121.45425002
FamilyMart 全家淡水新崙店,02-2805-3641,新北市,淡水區,淡海路７６號１樓,25.17027309,121.4446232
FamilyMart 全家淡水淡水店,02-2623-7472,新北市,淡水區,博愛街１４號,25.18697855,121.43116301
FamilyMart 全家淡水海都二店,02-2625-6142,新北市,淡水區,新市三路二段２７９號,25.19616442,121.43863863
FamilyMart 全家淡水新頂店,02-2805-9891,新北市,淡水區,新市五路２段３號１樓,25.197772,121.437444
FamilyMart 全家淡水新園店,02-2621-8918,新北市,淡水區,新民街７８號,25.17904323,121.4367261
FamilyMart 全家淡水新盛店,02-2629-3924,新北市,淡水區,新民街１２２號,25.17480851,121.44053565
FamilyMart 全家淡水新摩天店,02-2625-5587,新北市,淡水區,新春街１８４號,25.18097242,121.43626898
FamilyMart 全家淡水新春店,02-2620-0131,新北市,淡水區,新春街９５之７號１樓,25.18015532,121.44183523
FamilyMart 全家淡水凱旋店,02-2623-9952,新北市,淡水區,義山路一段２１６號,25.17125442,121.45131164
FamilyMart 全家淡水麗景店,02-2625-2260,新北市,淡水區,學府路３０號１樓,25.17257991,121.45221025
FamilyMart 全家淡水濱海店,02-2622-8293,新北市,淡水區,濱海路一段３０８號,25.19158709,121.43461926
FamilyMart 全家三芝如意店,02-2636-8526,新北市,三芝區,中山路一段７５號,25.2586759,121.50204412
FamilyMart 全家白沙灣店,02-2638-3925,新北市,石門區,德茂里下員坑３０號之８,25.29207533,121.5680496
FamilyMart 全家中壢原大店,03-4379511,桃園市,中壢區,大仁二街１７號１樓,24.955762,121.241028
FamilyMart 全家中壢中央三店,03-4205531,桃園市,中壢區,中大路３００號松苑餐廳１樓,24.945536,121.247548
FamilyMart 全家中壢新仁美店,03-4565503,桃園市,中壢區,中山東路三段２１１之１號,24.936253,121.255167
FamilyMart 全家中壢金央店,03-4254651,桃園市,中壢區,中山路１００號１Ｆ,24.956029,121.23636
FamilyMart 全家中壢龍凱店,03-4207322,桃園市,中壢區,中央路２１８號１樓,24.954326,121.225756
FamilyMart 全家中壢源興店,03-2807380,桃園市,中壢區,中平路８６－１號（興中移）,24.954143,121.22444
FamilyMart 全家中壢聯運店,03-4265772,桃園市,中壢區,中和路１４６、１４８號１樓,24.9536301,121.22560665
FamilyMart 全家中壢國美店,03-2805571,桃園市,中壢區,中美路二段１１５號１樓,24.96794,121.246426
FamilyMart 全家中壢明光店,03-4536307,桃園市,中壢區,中華路一段５５０號８樓,24.964838,121.236209
FamilyMart 全家中壢宏大店,03-4535014,桃園市,中壢區,中園路１９２－２號,24.990734,121.234534
FamilyMart 全家中壢六合店,03-4255260,桃園市,中壢區,六和路４８號,24.988955,121.254798
FamilyMart 全家中壢元生店,03-4341827,桃園市,中壢區,文化二路２５２號２５６號,24.95412,121.238815
FamilyMart 全家中壢三和店,03-4654605,桃園市,中壢區,日新路８０號,24.9810016,121.24254492
FamilyMart 全家中壢弘志店,03-4658967,桃園市,中壢區,弘揚路２９號,24.953921,121.241828
FamilyMart 全家中壢外環店,03-4916512,桃園市,中壢區,民族路二段１３２號一樓,24.959442,121.176736
FamilyMart 全家中壢高嶺店,03-4207529,桃園市,中壢區,民族路五段３２６之２號,24.963174,121.217528
FamilyMart 全家中壢富裕店,03-4523403,桃園市,中壢區,永強街１０３號１樓,24.959271,121.223823
FamilyMart 全家中壢吉林店,03-4514926,桃園市,中壢區,吉林二路７９巷２號,24.97977,121.247802
FamilyMart 全家中壢城章店,03-4625435,桃園市,中壢區,成章一街１５６號,24.969964,121.243579
FamilyMart 全家中壢復華店,03-4341338,桃園市,中壢區,復華里自強四路８８號一樓,24.97815955,121.23441643
FamilyMart 全家中壢天晟店,03-4343442,桃園市,中壢區,延平路１４９號１樓,24.955503,121.222687
FamilyMart 全家中壢過嶺店,03-4906791,桃園市,中壢區,松義路１００號１樓,25.01261527,121.2194716
FamilyMart 全家中壢青峰店,03-2878058,桃園市,中壢區,青峰路一段６７號,24.973799,121.256427
FamilyMart 全家中壢西園店,03-4552182,桃園市,中壢區,永福里南園二路１２號１４號一樓,24.971442,121.227381
FamilyMart 全家桃園高鐵一店,03-2878402,桃園市,中壢區,高鐵北路一段６號Ｂ１樓,25.01339,121.215147
FamilyMart 全家中壢青昇店,03-2878057,桃園市,中壢區,高鐵北路二段８０號１樓,25.003605,121.20583
FamilyMart 全家中壢清英店,03-4280454,桃園市,中壢區,健行路２２９號,24.952129,121.226197
FamilyMart 全家中壢培英店,03-4518277,桃園市,中壢區,培英路２４６號,24.965105,121.256145
FamilyMart 全家中壢自立店,03-4612172,桃園市,中壢區,莊敬路８２３號,24.954064,121.223766
FamilyMart 全家中壢新復興店,03-4226174,桃園市,中壢區,復興路１２號１樓,24.953072,121.261161
FamilyMart 全家中壢華美店,03-4163035,桃園市,中壢區,華美三路３８６之１號,24.964078,121.225445
FamilyMart 全家中壢新中原店,03-4657833,桃園市,中壢區,新中北路２４３號１樓,24.958889,121.243024
FamilyMart 全家中壢興廣店,03-4536026,桃園市,中壢區,新中北路二段４８９號,24.961905,121.223131
FamilyMart 全家中壢柏德店,03-4382027,桃園市,中壢區,實踐路２２１號,24.96219,121.26056
FamilyMart 全家中壢榮光店,03-4610427,桃園市,中壢區,榮安十三街２６２號,24.9684806,121.23531505
FamilyMart 全家中壢大福店,03-4535514,桃園市,中壢區,福州二街４５７號,24.96731,121.230767
FamilyMart 全家中壢元大一店,03-4358022,桃園市,中壢區,遠東路１３５號（元智大學宿舍區）,24.969239,121.262951
FamilyMart 全家中壢青埔店,03-2873133,桃園市,中壢區,洽溪里７鄰領航北路二段６６號１樓,25.009315,121.204214
FamilyMart 全家中壢航權店,03-3315307,桃園市,中壢區,領航南路一段８７號１樓,25.004585,121.213739
FamilyMart 全家中壢青雲店,03-2873930,桃園市,中壢區,領航南路三段４５２號,24.967272,121.262694
FamilyMart 全家中壢興榮店,03-2854760,桃園市,中壢區,興仁路二段２８８號１樓,24.934605,121.249196
FamilyMart 全家中壢龍航店,03-4670906,桃園市,中壢區,龍岡路一段２０４號,24.945478,121.229389
FamilyMart 全家中壢龍環店,03-4287885,桃園市,中壢區,龍岡路二段３１３號１樓,24.934623,121.235679
FamilyMart 全家中壢玉龍店,03-4280179,桃園市,中壢區,龍岡路三段１１７號,24.935543,121.233637
FamilyMart 全家中壢龍門店,03-4507940,桃園市,中壢區,龍岡路三段６１６號,24.930641,121.25441
FamilyMart 全家中壢龍樹店,03-4381941,桃園市,中壢區,龍東路２０５號１樓、２樓,24.933591,121.256173
FamilyMart 全家中壢龍城店,03-4668114,桃園市,中壢區,龍慈路５９號１樓,24.967256,121.260198
FamilyMart 全家中壢環中店,03-2853547,桃園市,中壢區,環中東路２０８號、２０８之１號１樓,24.948324,121.235139
FamilyMart 全家中壢環廣店,03-4925056,桃園市,中壢區,環西路１２１號１樓,24.96481,121.213345
FamilyMart 全家平鎮上海店,03-3979040,桃園市,平鎮區,上海路２０５號１樓,24.91358,121.20743
FamilyMart 全家平鎮中興店,03-3388086,桃園市,平鎮區,中興路平鎮段３５７號１樓,24.899681,121.192339
FamilyMart 全家平鎮湧光店,03-4191848,桃園市,平鎮區,中豐路山頂段２１０號１樓,24.903926,121.212101
FamilyMart 全家平鎮南東店,03-4397532,桃園市,平鎮區,中豐路南勢二段１號,24.91349785,121.21024928
FamilyMart 全家平鎮平南店,03-4031551,桃園市,平鎮區,中豐路南勢二段４６２號１樓,24.95304,121.202995
FamilyMart 全家平鎮東安店,03-4602272,桃園市,平鎮區,平東路２３３號１樓,24.91266,121.242597
FamilyMart 全家平鎮新明店,03-4952141,桃園市,平鎮區,民族路１３５號壹樓（如附圖所示）,24.957044,121.2037
FamilyMart 全家平鎮雙連店,03-4204064,桃園市,平鎮區,民族路雙連二段１２０號旁,24.951499,121.211454
FamilyMart 全家平鎮振興店,03-4576430,桃園市,平鎮區,北勢里和平路２１６號,24.944254,121.20812
FamilyMart 全家平鎮極光店,03-4013607,桃園市,平鎮區,延平路二段１５號,24.944873,121.20598
FamilyMart 全家平鎮大仁店,03-4575027,桃園市,平鎮區,金陵路三段６８號,24.919277,121.208085
FamilyMart 全家平鎮南豐店,03-4695915,桃園市,平鎮區,南豐路１１２號１樓,24.94568,121.215423
FamilyMart 全家平鎮復興店,03-3768427,桃園市,平鎮區,復興街５２號,24.953281,121.213759
FamilyMart 全家平鎮壢新店,03-4918197,桃園市,平鎮區,廣泰路１００號１樓,24.944109,121.209649
FamilyMart 全家龍潭大昌店,03-4897902,桃園市,龍潭區,大昌路一段３０號１樓,24.86651,121.221508
FamilyMart 全家龍潭五福店,03-4807507,桃園市,龍潭區,中正路１８７之９號,24.86636,121.216665
FamilyMart 全家龍潭魯冰花店,03-4798627,桃園市,龍潭區,中正路三林段５００號,24.829277,121.192768
FamilyMart 全家龍潭中興店,03-4990684,桃園市,龍潭區,中興村中興路６５號１樓,24.87701167,121.23509974
FamilyMart 全家龍潭武漢店,03-4798052,桃園市,龍潭區,中興路３３４號１樓,24.884175,121.211938
FamilyMart 全家龍潭車旅店,03-2806386,桃園市,龍潭區,公園路５０號,24.866678,121.214744
FamilyMart 全家龍潭兄弟店,03-4092818,桃園市,龍潭區,民生路１０號,24.87844,121.21086
FamilyMart 全家龍潭東龍店,03-4796251,桃園市,龍潭區,東龍路２０２號１樓部分,24.87339,121.197519
FamilyMart 全家楊梅三民店,03-4314516,桃園市,楊梅區,金溪里三民路二段９６巷２號一樓,24.908155,121.153662
FamilyMart 全家楊梅金品店,03-4859293,桃園市,楊梅區,中山北路一段３６９號壹樓,24.908662,121.168333
FamilyMart 全家楊梅縱貫店,03-2889474,桃園市,楊梅區,中山南路５９０號,24.936517,121.081446
FamilyMart 全家楊梅晟熙店,03-4311570,桃園市,楊梅區,中興路４２號１樓,24.91076,121.183018
FamilyMart 全家楊梅文化店,03-4345363,桃園市,楊梅區,文化街８５號壹樓,24.915084,121.17991
FamilyMart 全家楊梅埔心店,03-4315180,桃園市,楊梅區,埔心里永美路２１０號,24.900984,121.14081
FamilyMart 全家楊梅青城店,03-4963453,桃園市,楊梅區,青山五街２６號１樓與地下１樓,24.899671540481705,121.15080730059437
FamilyMart 全家楊梅瑞梅店,03-4312535,桃園市,楊梅區,梅獅路二段６９之１號,24.906553,121.176877
FamilyMart 全家楊梅新成店,03-4855816,桃園市,楊梅區,新成路１７１號,24.91284277,121.1624432
FamilyMart 全家楊梅揚新店,03-4752859,桃園市,楊梅區,楊新北路２５７、２５９號壹樓,24.913167,121.14625
FamilyMart 全家楊梅幼獅店,03-4965695,桃園市,楊梅區,獅一路１之６號,24.907281,121.17039
FamilyMart 全家楊梅北都店,03-4314050,桃園市,楊梅區,裕成里裕成南路３３２號一樓,24.95666,121.167219
FamilyMart 全家新屋永安店,03-4863716,桃園市,新屋區,中山西路三段６４７號壹樓（如附圖框線）,24.972855,121.102456
FamilyMart 全家新屋清華店,03-4970524,桃園市,新屋區,中華路６１４號,24.95718551,121.16102027
FamilyMart 全家觀音大觀店,03-4761360,桃園市,觀音區,保障村大觀路一段３４５號,25.045364,121.140114
FamilyMart 全家觀音新坡店,03-2825391,桃園市,觀音區,中山路二段６７３號１＆２樓,25.054771,121.124471
FamilyMart 全家觀音成功店,03-4831031,桃園市,觀音區,成功路二段８２９．８３１號,24.993426,121.167719
FamilyMart 全家觀音新城店,03-4834435,桃園市,觀音區,建國路１８８號,25.051077,121.092551
FamilyMart 全家桃園力行店,03-3321461,桃園市,桃園區,力行路１９４號１樓,24.991159,121.282789
FamilyMart 全家桃園車站店,03-3317405,桃園市,桃園區,大同路２８號１樓,25.013838,121.318074
FamilyMart 全家桃園大友店,03-3359491,桃園市,桃園區,大有里１７鄰大有路３０２號１樓,24.987599,121.31424
FamilyMart 全家桃園元富店,03-3355731,桃園市,桃園區,大業路一段４６號、４８號１樓,25.00642,121.31656
FamilyMart 全家桃園帝國店,03-3588900,桃園市,桃園區,大興西路一段２０８號,25.010635,121.296618
FamilyMart 全家桃園鶴岡店,03-2160572,桃園市,桃園區,大興西路二段１３９巷７７號,25.003605999999998,121.28887499999999
FamilyMart 全家桃園大豐店,03-3642026,桃園市,桃園區,大豐路１０２號１樓,24.995706,121.313604
FamilyMart 全家桃園國陽店,03-3377356,桃園市,桃園區,中山東路３２之２１號１樓．Ｂ１,24.99118,121.297851
FamilyMart 全家桃園武陵店,03-3708946,桃園市,桃園區,中山路９９２號,24.989104,121.287453
FamilyMart 全家桃園育樂店,03-4228332,桃園市,桃園區,中山路２９５號１樓、２樓,24.989647,121.292011
FamilyMart 全家桃園世貿店,03-3577571,桃園市,桃園區,中正路１０６９號,24.99225892,121.31343628
FamilyMart 全家桃園東埔店,03-3357105,桃園市,桃園區,東埔里中正路３７８號,25.02084,121.296576
FamilyMart 全家桃園站前店,03-3367478,桃園市,桃園區,中正路１３，１５，１７號,25.018478,121.297197
FamilyMart 全家桃園大正店,03-3344775,桃園市,桃園區,中正路３０２號１樓,24.99123844,121.31260055
FamilyMart 全家桃園新北埔店,03-3319149,桃園市,桃園區,中正路５０９號１樓,24.988512,121.29338
FamilyMart 全家桃園壽星店,03-3795374,桃園市,桃園區,仁愛路６０號１樓。２樓,24.982856,121.309121
FamilyMart 全家桃園介壽店,03-3637128,桃園市,桃園區,介壽路４０８號１＆２樓,24.98732,121.311151
FamilyMart 全家桃園文中店,03-3275621,桃園市,桃園區,文中路４０９－１號,25.005088,121.292118
FamilyMart 全家桃園早稻田店,03-3465031,桃園市,桃園區,正康三街１８１號１樓,24.991629,121.314667
FamilyMart 全家桃園民光店,03-3588972,桃園市,桃園區,民光東路１２０號,25.005969,121.310993
FamilyMart 全家桃園縣安店,03-3335813,桃園市,桃園區,民安路９９號１樓,24.993964,121.308033
FamilyMart 全家桃園文昌店,03-3355445,桃園市,桃園區,民權路３１號１樓,25.017584,121.292782
FamilyMart 全家桃園永安店,03-3395404,桃園市,桃園區,永安路２１９號,25.00087,121.29899
FamilyMart 全家桃園永順店,03-3267140,桃園市,桃園區,永安路７５２號１樓,25.01807,121.29338
FamilyMart 全家桃園新天地店,03-3462225,桃園市,桃園區,同德五街９８號１樓,24.994189,121.316468
FamilyMart 全家桃園竹城店,03-3464097,桃園市,桃園區,幸福路２３８號１樓,24.983695,121.314779
FamilyMart 全家桃園延平店,03-3615185,桃園市,桃園區,金門二街２３４號１樓,24.98029,121.30893
FamilyMart 全家桃園同安店,03-3586804,桃園市,桃園區,南平路２１１號,25.019687,121.30166
FamilyMart 全家桃園寶安店,03-3468826,桃園市,桃園區,南平路４１６號１樓＆地下一樓,24.985998,121.316691
FamilyMart 全家桃園建新店,03-3751735,桃園市,桃園區,建新街８８號,24.992303,121.283041
FamilyMart 全家桃園鼎聖店,03-3922199,桃園市,桃園區,國鼎一街２８號,25.007719,121.286505
FamilyMart 全家桃園國安店,03-3702861,桃園市,桃園區,國豐三街１０６號１樓,25.025047,121.298992
FamilyMart 全家桃園莊敬店,03-3585850,桃園市,桃園區,莊敬路一段３７６號，中正路１４１６號,25.021215,121.290072
FamilyMart 全家桃園復興店,03-3355002,桃園市,桃園區,復興路１５１號,25.00602,121.29921
FamilyMart 全家桃園水岸店,03-3151030,桃園市,桃園區,經國二路８７號－Ａ１,25.015845,121.30626
FamilyMart 全家桃園榮運店,03-3586466,桃園市,桃園區,經國路８９９號一樓房屋,25.012627,121.30747
FamilyMart 全家桃園天祥店,03-3562389,桃園市,桃園區,經國路４５１號一樓,24.974377,121.320947
FamilyMart 全家桃園市府店,03-3946139,桃園市,桃園區,縣府路１號,24.97587,121.32728
FamilyMart 全家桃園台達店,03-3630540,桃園市,桃園區,興隆路１８號１樓,24.99219,121.278791
FamilyMart 全家桃園雙龍店,03-3702193,桃園市,桃園區,龍壽里龍壽街１５８號,25.010397,121.312113
FamilyMart 全家龜山大傳店,03-3492278,桃園市,龜山區,大同路２３２號１樓＋２樓,24.987908,121.348387
FamilyMart 全家龜山銘成店,03-2118462,桃園市,龜山區,大同路１９６號,24.99081,121.323606
FamilyMart 全家龜山中興店,03-3129053,桃園市,龜山區,中興路一段１０號１樓,25.034424,121.391703
FamilyMart 全家龜山庚勤店,03-2118033,桃園市,龜山區,文化一路２６１號庚勤樓Ｌ棟５樓,25.034424,121.391703
FamilyMart 全家龜山竹城店,03-3272415,桃園市,龜山區,文化一路２１８號１樓,25.051732,121.364416
FamilyMart 全家龜山文銓店,03-3284576,桃園市,龜山區,文化七路１８６號１樓,25.059957,121.36471
FamilyMart 全家龜山文華店,03-3278705,桃園市,龜山區,文化三路３９９號１樓＆夾層,25.057293,121.361006
FamilyMart 全家龜山文青店,03-3275297,桃園市,龜山區,文青二路１８８號１樓,25.039728,121.390034
FamilyMart 全家龜山新城店,03-3183264,桃園市,龜山區,文青路２１７號１樓,25.05009241,121.38876444
FamilyMart 全家龜山文德店,03-3972063,桃園市,龜山區,文德路７６號１樓,25.04464242,121.38845063
FamilyMart 全家龜山光峰店,03-3495020,桃園市,龜山區,光峰路１８５號,24.992842,121.339403
FamilyMart 全家龜山幸美店,03-3197009,桃園市,龜山區,幸美九街２７號１樓,24.987583,121.334287
FamilyMart 全家龜山美滿店,03-3498992,桃園市,龜山區,幸福七街２６之１號１樓,25.003819,121.344437
FamilyMart 全家龜山大湖店,03-3272353,桃園市,龜山區,忠義路二段６２６號１樓,25.0542,121.38364
FamilyMart 全家蘆竹南祥店,03-3216145,桃園市,龜山區,南上路４３５號,25.003244,121.350533
FamilyMart 全家龜山陸光店,03-2132197,桃園市,龜山區,陸光路９８號１樓,24.98992,121.32891
FamilyMart 全家龜山文欣店,03-3279270,桃園市,龜山區,復興一路７４號１樓,25.053524,121.375129
FamilyMart 全家龜山復興店,03-3973323,桃園市,龜山區,復興北路４３號１樓,25.062684,121.36827
FamilyMart 全家龜山雲蓮店,03-3183365,桃園市,龜山區,復興街３０２號,25.043207,121.373806
FamilyMart 全家龜山樂善店,03-3275378,桃園市,龜山區,華亞三路３９巷２號１樓,25.047204,121.379029
FamilyMart 全家龜山龍壽店,02-8200-1091,桃園市,龜山區,龍壽村萬壽路一段９３號,25.017827,121.40378
FamilyMart 全家龜山龍華店,02-8209-2667,桃園市,龜山區,萬壽路一段１１６號,24.999259,121.345662
FamilyMart 全家龜山興壽店,03-3296967,桃園市,龜山區,萬壽路二段１２３３號１樓,24.98932,121.34398
FamilyMart 全家龜山銘園店,03-3297518,桃園市,龜山區,德明路５號．第二餐廳旁,24.984784,121.344387
FamilyMart 全家龜山文吉店,03-3170925,桃園市,龜山區,樂善二路５１３號,25.051155,121.383508
FamilyMart 全家八德大和店,03-3749852,桃園市,八德區,大和路１０３號１樓。２樓,24.92517742,121.28486363
FamilyMart 全家八德桃華店,03-2172762,桃園市,八德區,中華路２６８．２７０號,24.966899,121.3011
FamilyMart 全家八德大義店,03-3712776,桃園市,八德區,介壽路一段７８５號１樓,24.970714,121.301415
FamilyMart 全家八德瑞豐店,03-3657530,桃園市,八德區,介壽路二段７９０號一樓,24.933102,121.297321
FamilyMart 全家八德瑞泰店,03-3629623,桃園市,八德區,介壽路二段４９４號１樓,24.949324,121.297978
FamilyMart 全家八德瑞德店,03-3658715,桃園市,八德區,瑞德里１３鄰介壽路二段１３８２號１樓,24.96669,121.298027
FamilyMart 全家八德和平店,03-3710180,桃園市,八德區,和平路８１８號,24.957535,121.304031
FamilyMart 全家八德忠誠店,03-3660842,桃園市,八德區,忠孝街１２號,24.969116,121.303263
FamilyMart 全家八德櫻花店,03-3754001,桃園市,八德區,長安街３７５號１樓,24.936672,121.288193
FamilyMart 全家八德建國店,03-3713364,桃園市,八德區,建國路６５７號一樓部分,24.932145,121.285148
FamilyMart 全家八德茄苳店,03-3715371,桃園市,八德區,茄苳路８４６號１樓,24.95617,121.304417
FamilyMart 全家八德桃鶯店,03-3621084,桃園市,八德區,大明里桃鶯路３４號,24.947932,121.2836
FamilyMart 全家八德忠勇店,03-3677792,桃園市,八德區,義勇街１０５號（八德東勇移店）,24.9555901205842,121.296363321708
FamilyMart 全家八德金和店,03-3744118,桃園市,八德區,銀和街６３號加地下室,24.95887479,121.29799734
FamilyMart 全家八德德富店,03-3756696,桃園市,八德區,廣福路８０５號,24.930229,121.290877
FamilyMart 全家八德國豐店,03-3680493,桃園市,八德區,興豐路８３０號１樓,24.92687,121.289849
FamilyMart 全家大溪松樹店,03-3805861,桃園市,大溪區,仁善里松樹２１之１號,24.894671,121.274447
FamilyMart 全家大溪仁和店,03-3900112,桃園市,大溪區,南興里仁和路二段２１９號,24.909668,121.28266
FamilyMart 全家大溪仁美店,03-3802547,桃園市,大溪區,介壽路５４２號,24.900443,121.283634
FamilyMart 全家大溪永昌店,03-3804394,桃園市,大溪區,永昌路３５５號,24.898481,121.2829
FamilyMart 全家大溪交流店,03-3804491,桃園市,大溪區,仁和里員林路一段４５１號,24.885903,121.270082
FamilyMart 全家大溪員樹林店,03-3803545,桃園市,大溪區,員林路二段４１７號１樓,24.910466,121.279828
FamilyMart 全家大園晴空店,03-4222900,桃園市,大園區,海豐坡１０之１００號,25.066356,121.180491
FamilyMart 全家大園蓮園店,03-3858411,桃園市,大園區,大觀路６０２號,25.06473,121.196936
FamilyMart 全家大園帝景店,03-3860431,桃園市,大園區,中正西路１號,25.060048,121.207514
FamilyMart 全家大園華園店,03-3854615,桃園市,大園區,中華路６１號,25.004628253280714,121.21119139686475
FamilyMart 全家大園仁德店,03-3854237,桃園市,大園區,和平西路１００號壹樓,25.074496,121.259177
FamilyMart 全家大園青山店,03-2807841,桃園市,大園區,青埔路二段２號,25.016801,121.212662
FamilyMart 全家大園二航店,03-4091583,桃園市,大園區,航站南路９號５樓,25.068366,121.221865
FamilyMart 全家大園華儲店,03-3834223,桃園市,大園區,航勤北路１０之１號１樓,25.088892,121.250682
FamilyMart 全家大園田心店,03-3867231,桃園市,大園區,新興路８５號,25.023027,121.221412
FamilyMart 全家蘆竹上興店,03-3134806,桃園市,蘆竹區,上興路２６７號１樓,25.018989,121.260588
FamilyMart 全家蘆竹大竹店,03-3237280,桃園市,蘆竹區,大竹路４９２號,25.023859,121.259259
FamilyMart 全家蘆竹首捷店,03-3241349,桃園市,蘆竹區,山鼻二路２０號,25.051321,121.301294
FamilyMart 全家蘆竹中福店,03-3129091,桃園市,蘆竹區,中山路１２６號,25.05779,121.295
FamilyMart 全家蘆竹六福店,03-2124152,桃園市,蘆竹區,五福六路４８號,25.053371,121.301374
FamilyMart 全家蘆竹鼎福店,03-3216360,桃園市,蘆竹區,六福路１６３號１樓,24.993309,121.273875
FamilyMart 全家蘆竹洛陽店,03-3112515,桃園市,蘆竹區,南榮村光明路一段１１９號１２１號一樓,25.049719,121.298279
FamilyMart 全家蘆竹吉林店,03-3127253,桃園市,蘆竹區,吉林路２號,25.03967,121.288113
FamilyMart 全家蘆竹奉化店,03-3211379,桃園市,蘆竹區,奉化路３６號、３８號、南順一街６３號,25.03832,121.29117
FamilyMart 全家蘆竹忠孝西店,03-3331571,桃園市,蘆竹區,南昌路１９７號,25.040291,121.289641
FamilyMart 全家蘆竹長壽店,03-3214825,桃園市,蘆竹區,長春路６７號１樓,25.071181,121.276298
FamilyMart 全家蘆竹坑口店,03-3543954,桃園市,蘆竹區,南山北路二段３９８之１號,25.051866,121.292073
FamilyMart 全家蘆竹長興店,03-3336196,桃園市,蘆竹區,南山路二段５２０號壹樓,25.084752,121.28626
FamilyMart 全家蘆竹南竹店,03-2124691,桃園市,蘆竹區,南竹路一段６８號１樓,25.045349,121.288622
FamilyMart 全家蘆竹南昌店,03-3530475,桃園市,蘆竹區,南昌路５３號壹樓,25.057669,121.274396
FamilyMart 全家蘆竹南崁店,03-3528210,桃園市,蘆竹區,南崁路２２８號,25.05461,121.283307
FamilyMart 全家蘆竹南工店,03-3229538,桃園市,蘆竹區,南崁路二段８１號１樓,25.062791,121.266853
FamilyMart 全家蘆竹星光店,03-2124840,桃園市,蘆竹區,南順六街７２號,25.087015,121.281919
FamilyMart 全家蘆竹海湖店,03-3542342,桃園市,蘆竹區,海山路二段７、９號、１１號１樓,25.009297,121.271222
FamilyMart 全家新竹水田店,03-5222149,新竹市,北區,中正路２４０號１樓,24.8394229263,120.9308454129
FamilyMart 全家新竹新光田店,03-5359721,新竹市,北區,水田街１５２號,24.807609,120.964396
FamilyMart 全家新竹北門店,03-5223097,新竹市,北區,北門街５８號１樓,24.801085,120.960514
FamilyMart 全家新竹新美店,03-5421870,新竹市,北區,田美三街４７號,24.8175234,120.9720608
FamilyMart 全家新竹金韻店,03-5425786,新竹市,北區,光華東街５１號１樓,24.811487,120.956426
FamilyMart 全家新竹大富店,03-5240080,新竹市,北區,西大路５２７號,24.801708,120.963895
FamilyMart 全家新竹師專店,03-5245011,新竹市,北區,西門街２０３號１樓,24.7969804,120.9603666
FamilyMart 全家新竹金礦店,03-5264371,新竹市,北區,延平路一段１１５號,24.805177,120.949157
FamilyMart 全家新竹富美店,03-5360918,新竹市,北區,延平路３段６６９號１樓,24.836282,120.944139
FamilyMart 全家新竹漁港店,03-5364060,新竹市,北區,東大路四段２６９號１樓,24.816338,120.963481
FamilyMart 全家新竹武東店,03-5409154,新竹市,北區,武陵路７１號１樓,24.822483,120.970459
FamilyMart 全家新竹荷蘭村店,03-5451966,新竹市,北區,武陵路１７５巷２號１樓,24.824257,120.970855
FamilyMart 全家新竹金竹店,03-5327930,新竹市,北區,金竹路１１５號１樓,24.822825,120.976542
FamilyMart 全家新竹台大醫店,03-5330922,新竹市,北區,經國路１段４４２巷２５號,24.814624,120.981353
FamilyMart 全家新竹東園店,03-5621071,新竹市,東區,八德路３５號,24.76968,121.016064
FamilyMart 全家新竹力積二店,03-5670122,新竹市,東區,力行一路１８號４樓,24.768837,121.018142
FamilyMart 全家新竹元太店,03-5779271,新竹市,東區,力行一路３號Ｂ１員工餐廳,24.76982,121.02154
FamilyMart 全家新竹頎邦二店,03-5678788,新竹市,東區,力行五路３號２樓（新竹科學園區）,24.77118,121.014155
FamilyMart 全家新竹晶電店,03-5797849,新竹市,東區,科學園區力行路２１號３樓,24.764569,121.024669
FamilyMart 全家新竹旺宏店,03-5631811,新竹市,東區,科學園區力行路１６號,24.8031154,120.9699134
FamilyMart 全家新竹交大店,03-5739817,新竹市,東區,光明里大學路１００１之２號一樓,24.779803,121.005634
FamilyMart 全家新竹巨城店,03-5319068,新竹市,東區,中央路２２９號Ｂ１,24.805553,120.969608
FamilyMart 全家新竹經華店,03-5341261,新竹市,東區,中華路一段１０１號,24.801609,120.971585
FamilyMart 全家新竹金高店,03-5425585,新竹市,東區,中華路２段１號,24.797285,120.963152
FamilyMart 全家新竹建美店,03-5165610,新竹市,東區,公道五路二段２７１號１樓,24.798144,121.006735
FamilyMart 全家新竹金肥店,03-5751082,新竹市,東區,公道五路３段１號１樓（編號：Ｂ－３）,24.812541,120.97534
FamilyMart 全家新竹民族店,03-5330300,新竹市,東區,三民里民族路１３９號一樓,24.7912896065,121.0108465206
FamilyMart 全家新竹關東店,03-6686002,新竹市,東區,光復路一段５２７號１樓、５２７之１號１樓,24.78322,121.017401
FamilyMart 全家清大金大店,03-5740218,新竹市,東區,光復路二段１０１號（綜四館）,24.796367,120.996866
FamilyMart 全家新竹竹科店,03-5770320,新竹市,東區,科學工業園區竹村七路７號１樓,24.798986,120.969863
FamilyMart 全家新竹馨天地店,03-5421398,新竹市,東區,自由路９７號１樓,24.802826,120.965646
FamilyMart 全家新竹金湖店,03-5290960,新竹市,東區,明湖路３９９號１樓,24.767615,120.979828
FamilyMart 全家新竹向陽店,03-5208093,新竹市,東區,明湖路６４６號,24.801745,120.97692
FamilyMart 全家新竹金南門店,03-5223580,新竹市,東區,林森路１１６號１樓,24.7771892454,121.0207917679
FamilyMart 全家新竹集福店,03-5789522,新竹市,東區,金山十一街４１號１樓,24.775581,121.026787
FamilyMart 全家新竹十一街店,03-5799553,新竹市,東區,金山街６３號１樓部份,24.794413,121.003391
FamilyMart 全家新竹得美店,03-5610687,新竹市,東區,南大路２５６號１樓,24.793136,120.962725
FamilyMart 全家新竹新興店,03-5629557,新竹市,東區,光鎮里南大路５７７號一樓,24.801528,120.992784
FamilyMart 全家新竹公學店,03-5748909,新竹市,東區,建功一路９９號１樓,24.797923,120.996275
FamilyMart 全家新竹鴻揚店,03-5786848,新竹市,東區,研新三路３號１樓,24.784678,121.010606
FamilyMart 全家新竹食品店,03-5753302,新竹市,東區,食品路４７號１樓,24.793847,120.968255
FamilyMart 全家新竹頎邦店,03-6687601,新竹市,東區,展業一路１０號９樓﹝新竹科學園區﹞,24.7923962798873,120.97397321975613
FamilyMart 全家新竹翠峰店,03-6667396,新竹市,東區,高峰里高翠路３７５號,24.7817,120.99949
FamilyMart 全家新竹新莊店,03-5794795,新竹市,東區,新莊街５２號１樓,24.800524,120.983776
FamilyMart 全家新竹聯發科店,03-5783195,新竹市,東區,篤行一路８號,24.768015,121.024681
FamilyMart 全家新竹龍山店,03-6687058,新竹市,東區,龍山東路２２８號１樓,24.786186,121.02038
FamilyMart 全家新竹寶山店,03-5779007,新竹市,東區,寶山路４４８號１樓,24.8108714,120.9865836
FamilyMart 全家新竹庄頭店,03-5400020,新竹市,香山區,大庄路１７號,24.795464,120.951489
FamilyMart 全家新竹香山店,03-5378583,新竹市,香山區,中華路五段６７８號１樓,24.731472,120.916087
FamilyMart 全家新竹台玻店,03-5384820,新竹市,香山區,中華路４段４７０號,24.756909,120.952327
FamilyMart 全家新竹元村店,03-5303904,新竹市,香山區,元培街１９７＆１９９號１樓,24.744182,120.905997
FamilyMart 全家新竹東埔店,03-5401779,新竹市,香山區,牛埔東路１９６號１樓,24.813046,120.9224103
FamilyMart 全家新竹富美二店,03-5301982,新竹市,香山區,延平路２段１７１號１樓,24.806549,120.921396
FamilyMart 全家新竹大庄店,03-5402252,新竹市,香山區,香北路８６號１樓,24.782346,120.954235
FamilyMart 全家竹北上石店,03-6585150,新竹縣,竹北市,十興路一段３３３號,24.83347,121.01723
FamilyMart 全家竹北中正西店,03-5528316,新竹縣,竹北市,中正西路１４９號１樓,24.841133,120.973083
FamilyMart 全家竹北大河店,03-5531113,新竹縣,竹北市,中華路２－５１號,24.80272102355957,121.03663635253906
FamilyMart 全家竹北六家店,03-6681742,新竹縣,竹北市,文興路二段５２９號全部,24.841393,121.019611
FamilyMart 全家竹北奕力店,03-5601126,新竹縣,竹北市,台元二街１號１０樓,24.839079,121.018066
FamilyMart 全家竹北達發店,03-5539237,新竹縣,竹北市,台元二街１２號１４樓,24.841097,121.012728
FamilyMart 全家竹北宏福店,03-6571083,新竹縣,竹北市,光明一路２３６號１樓,24.82958,120.998593
FamilyMart 全家竹北竹采店,03-5505119,新竹縣,竹北市,成功一街８２號１樓後段,24.81766,121.01817
FamilyMart 全家竹北金三民店,03-5534233,新竹縣,竹北市,竹義街６０號,24.8121199999,121.02032
FamilyMart 全家竹北自強店,03-5505530,新竹縣,竹北市,自強南路５２號,24.81166667,121.0417424
FamilyMart 全家竹北科大店,03-6571794,新竹縣,竹北市,科大一路９３號,24.820336,121.009153
FamilyMart 全家竹北泰和店,03-5518451,新竹縣,竹北市,泰和路１６９號,24.808689,121.042674
FamilyMart 全家竹北勝利店,03-6673368,新竹縣,竹北市,莊敬七街１２２號,24.82105,121.02734
FamilyMart 全家竹北永豐店,03-6576976,新竹縣,竹北市,莊敬六街８３號１樓,24.81662,121.020409
FamilyMart 全家竹北嘉興店,03-6580147,新竹縣,竹北市,勝利七街二段６６號１樓,24.828016,121.027879
FamilyMart 全家竹北大漾店,03-5550065,新竹縣,竹北市,博愛南路９號１樓,24.84511,121.01863
FamilyMart 全家竹北湧億店,03-5552800,新竹縣,竹北市,博愛街２７３號,24.84368,121.01564
FamilyMart 全家竹北台元店,03-5552394,新竹縣,竹北市,博愛街５２３號１樓,24.83754,121.00947
FamilyMart 全家竹北新華興店,03-5517240,新竹縣,竹北市,華興街２８７號１樓,24.839583,120.996393
FamilyMart 全家竹北後站店,03-5510118,新竹縣,竹北市,新泰路１０８－２號１樓（配送用）,24.82637,121.01755
FamilyMart 全家竹北金十興店,03-6586446,新竹縣,竹北市,嘉興路４９８號（配送用）,24.810792,121.037081
FamilyMart 全家竹北嘉豐店,03-6578910,新竹縣,竹北市,嘉豐五路二段７９號１樓,24.81389,121.035907
FamilyMart 全家竹北金豐店,03-6580742,新竹縣,竹北市,嘉豐南路２段９２號,24.812644000000002,121.031339
FamilyMart 全家竹北鳳岡店,03-5560837,新竹縣,竹北市,鳳岡路３段２７號,24.82364,121.01422
FamilyMart 全家新竹中國醫店,03-6572847,新竹縣,竹北市,興隆路一段１９９號Ｂ１,24.838555,121.020853
FamilyMart 全家竹北環北店,03-5530556,新竹縣,竹北市,環北路３段３９６號,24.836272,120.997153
FamilyMart 全家湖口新普店,03-5690308,新竹縣,湖口鄉,八德路２段６５６號１樓,24.888589,121.088447
FamilyMart 全家湖口力成店,03-6960680,新竹縣,湖口鄉,三民南路１４２號１樓,24.88397,121.027209
FamilyMart 全家湖口新工業店,03-5977127,新竹縣,湖口鄉,工業一路３６號１樓,24.868726000000002,121.027005
FamilyMart 全家湖口達生店,03-5904331,新竹縣,湖口鄉,中正七街１５７號,24.865656,121.003465
FamilyMart 全家湖口正文店,03-5974731,新竹縣,湖口鄉,中華路１５－１號５樓,24.874131,121.012961
FamilyMart 全家湖口文和店,03-5976181,新竹縣,湖口鄉,仁和路１７８號１８０號,24.872774,121.011735
FamilyMart 全家湖口文化店,03-5978323,新竹縣,湖口鄉,文化路３２號,24.87497,121.037662
FamilyMart 全家湖口向東店,03-6960376,新竹縣,湖口鄉,光復東路４０２號,24.870399,121.031755
FamilyMart 全家湖口新安宅店,03-5972923,新竹縣,湖口鄉,光復東路１３３號,24.871582,121.028746
FamilyMart 全家湖口大功店,03-5901520,新竹縣,湖口鄉,成功路７６－１號,24.904698,121.042954
FamilyMart 全家湖口吉勝店,03-5977531,新竹縣,湖口鄉,勝利村勝利路二段１號１樓,24.90194,121.050251
FamilyMart 全家湖口高中店,03-5905471,新竹縣,湖口鄉,溪南二街２號,24.895970268156162,121.0410508478851
FamilyMart 全家新豐欣興店,03-6992808,新竹縣,新豐鄉,中崙村中崙２９０號１樓,24.922716,120.98889
FamilyMart 全家新豐休息站店,03-5687773,新竹縣,新豐鄉,新豐村１２鄰紅毛２９５之１號,24.869253,120.991998
FamilyMart 全家新豐明新大店,03-5578880,新竹縣,新豐鄉,明新街１００號,24.865339,120.98503
FamilyMart 全家新豐建興店,03-5574185,新竹縣,新豐鄉,建興路一段３６號,24.892339,120.98755
FamilyMart 全家新豐泰安店,03-5575691,新竹縣,新豐鄉,泰安街７５號１樓,24.874589,120.984739
FamilyMart 全家新豐首席店,03-6590335,新竹縣,新豐鄉,康樂路一段１１５號１樓,24.90191,120.98924
FamilyMart 全家新豐松林店,03-5575748,新竹縣,新豐鄉,新興路１１１號,24.867169,120.993489
FamilyMart 全家新埔長茂店,03-5885547,新竹縣,新埔鎮,中正路３７８號１樓,24.82694,121.067345
FamilyMart 全家新埔田新店,03-5891003,新竹縣,新埔鎮,中正路１１號,24.833069,121.028908
FamilyMart 全家關西正義店,03-5870347,新竹縣,關西鎮,正義路２５４號，２５６號,24.791591,121.176048
FamilyMart 全家芎林五龍店,03-5931858,新竹縣,芎林鄉,五和街１２６號,24.778,121.07684
FamilyMart 全家芎林飛鳳店,03-5120337,新竹縣,芎林鄉,富林路２段４１２號１樓及地下室,24.781825,121.068799
FamilyMart 全家寶山明湖店,03-5292005,新竹縣,寶山鄉,明湖路３０９號,24.77286,121.00165
FamilyMart 全家竹東鎮金店,03-5111020,新竹縣,竹東鎮,中山路６７號１樓,24.769459,121.057045
FamilyMart 全家竹東致東店,03-5101897,新竹縣,竹東鎮,中正路１號,24.75998,121.063429
FamilyMart 全家竹東工研店,03-5834633,新竹縣,竹東鎮,中興路四段１９５號５２館１樓,24.723212,121.099262
FamilyMart 全家竹東大林店,03-5950012,新竹縣,竹東鎮,中豐路三段６號１樓,24.740253,121.091831
FamilyMart 全家竹東北興店,03-5967896,新竹縣,竹東鎮,北興路三段５０３號１樓,24.772221,121.056062
FamilyMart 全家竹東東峰店,03-5103509,新竹縣,竹東鎮,員崠里東峰路１６２號１樓,24.740003,121.085415
FamilyMart 全家竹東新商華店,03-5100715,新竹縣,竹東鎮,東寧路三段４３號全部一樓至四樓,24.743206,121.083647
FamilyMart 全家新竹橫山店,03-5933001,新竹縣,橫山鄉,橫山村４鄰中豐路一段２６２號,24.725931,121.129705
FamilyMart 全家尖石那互依店,03-5842060,新竹縣,尖石鄉,嘉樂村３鄰麥樹仁１０３號１、２樓,24.680715,121.244763
FamilyMart 全家北埔向上店,03-5801131,新竹縣,北埔鄉,仁愛路３９號,24.700608,121.057089
FamilyMart 全家竹南大埔五店,03-7586490,苗栗縣,竹南鎮,大埔十街１５８號,24.686779,120.880327
FamilyMart 全家竹南京華店,03-7668774,苗栗縣,竹南鎮,中華路１２３號１樓,24.710749,120.923363
FamilyMart 全家竹南京元店,03-7670239,苗栗縣,竹南鎮,中華路１１８號,24.723881,120.904793
FamilyMart 全家竹南中義店,03-7586083,苗栗縣,竹南鎮,公義路１３５４號１樓,24.696518,120.882409
FamilyMart 全家竹南金山店,03-7583141,苗栗縣,竹南鎮,公義路４３６號,24.686093,120.884004
FamilyMart 全家竹南長青店,03-7476096,苗栗縣,竹南鎮,民治街５２號,24.690468,120.885283
FamilyMart 全家竹南光華店,03-7484619,苗栗縣,竹南鎮,光復路２４１號１樓,24.693534153294948,120.87969736441799
FamilyMart 全家竹南大營店,03-7462542,苗栗縣,竹南鎮,自由街１９８號,24.702432,120.880444
FamilyMart 全家竹南海口店,03-7477191,苗栗縣,竹南鎮,明勝路２５９號及明德段１、２地號,24.706093082774444,120.90480585284807
FamilyMart 全家竹南金大埔店,03-7583680,苗栗縣,竹南鎮,科專七路２２１號,24.710005,120.902464
FamilyMart 全家竹南福大埔店,03-7586427,苗栗縣,竹南鎮,科專五路５００號,24.714633,120.917224
FamilyMart 全家竹南向翔店,03-7482340,苗栗縣,竹南鎮,真如路３４３號,24.686676,120.877882
FamilyMart 全家竹南新七囍店,03-7550642,苗栗縣,竹南鎮,博愛街７９９號,24.7185,120.910137
FamilyMart 全家竹南龍鳳店,03-7479480,苗栗縣,竹南鎮,龍鳳里２０鄰龍山路一段１６７號,24.695857,120.868677
FamilyMart 全家竹南龍天店,03-7474675,苗栗縣,竹南鎮,聖福里龍天路５７號１樓,24.6823408,120.87303
FamilyMart 全家頭份大同店,03-7598262,苗栗縣,頭份市,建國里大同路１號一樓,24.68219,120.940859
FamilyMart 全家頭份信義店,03-7691745,苗栗縣,頭份市,中山路５３號１樓及地下室,24.693852,120.888812
FamilyMart 全家頭份金斗店,03-7680660,苗栗縣,頭份市,中正二路３６５號,24.688028,120.91429
FamilyMart 全家頭份超豐店,03-7662201,苗栗縣,頭份市,中民路９號５樓,24.662192,120.878705
FamilyMart 全家頭份立華店,03-7695982,苗栗縣,頭份市,中華路６００之８號１樓,24.694864,120.916349
FamilyMart 全家頭份公園店,03-7637836,苗栗縣,頭份市,東庄里公園路２號,24.700456,120.900173
FamilyMart 全家頭份向慶店,03-7696245,苗栗縣,頭份市,水源路２７６號,24.682551,120.88222
FamilyMart 全家頭份和平店,03-7595069,苗栗縣,頭份市,和平路８３號１樓,24.687092,120.901585
FamilyMart 全家頭份富隆店,03-7696852,苗栗縣,頭份市,昌隆一街１０７號１樓,24.688451,120.90338
FamilyMart 全家頭份金東興店,03-7592766,苗栗縣,頭份市,東興路１４９－１號,24.690845,120.943856
FamilyMart 全家頭份大亨店,03-7695078,苗栗縣,頭份市,信東路３６３號,24.697276,120.893308
FamilyMart 全家後龍好望角店,03-7727508,苗栗縣,後龍鎮,十班坑１５５－１１號,24.615068,120.788467
FamilyMart 全家苗栗高鐵店,03-7248133,苗栗縣,後龍鎮,高鐵三路２６８號,24.600369,120.829137
FamilyMart 全家通霄中正店,03-7759228,苗栗縣,通霄鎮,中正路８０號,24.487694,120.681276
FamilyMart 全家苑裡社苓店,03-7745382,苗栗縣,苑裡鎮,社苓里１１０－５號,24.401609,120.664962
FamilyMart 全家苑裡舊社店,03-7741449,苗栗縣,苑裡鎮,舊社里６鄰舊社８３之８號,24.440467,120.652461
FamilyMart 全家苑裡西施店,03-7863759,苗栗縣,苑裡鎮,介壽路１３之３２號,24.43831,120.657746
FamilyMart 全家苑裡金世界店,03-7857210,苗栗縣,苑裡鎮,世界路２段２６８號,24.438554770990663,120.64749555092622
FamilyMart 全家苗栗中山店,03-7336919,苗栗縣,苗栗市,高苗里中山路９８６之４號一樓,24.559111,120.820265
FamilyMart 全家苗栗富樂店,03-7358638,苗栗縣,苗栗市,中正路３９９號一樓,24.546449,120.816258
FamilyMart 全家苗栗新大發店,03-7261796,苗栗縣,苗栗市,福安里２２鄰中華路６７３號,24.56401,120.81608
FamilyMart 全家苗栗玉清店,03-7373733,苗栗縣,苗栗市,玉清里玉清路３８號１樓,24.566138,120.818281
FamilyMart 全家苗栗文發店,03-7371877,苗栗縣,苗栗市,至公路５８１號,24.560783,120.818406
FamilyMart 全家苗栗英才店,03-7372848,苗栗縣,苗栗市,英才路１２７號,24.5501008,120.81503
FamilyMart 全家苗栗嘉新店,03-7267843,苗栗縣,苗栗市,國華路１２６號,24.539664,120.817834
FamilyMart 全家造橋大坪店,03-7543907,苗栗縣,造橋鄉,尖豐路１２６號,24.655708,120.867359
FamilyMart 全家公館新鶴岡店,03-7237605,苗栗縣,公館鄉,鶴山村７鄰鶴山２３５之１號１樓,24.519406,120.821787
FamilyMart 全家公館福星店,03-7233702,苗栗縣,公館鄉,福星村福星２００號,24.500030645972473,120.82806685152052
FamilyMart 全家大湖重機店,03-7990095,苗栗縣,大湖鄉,富興村４鄰法雲寺６－１０號,24.424668,120.866149
FamilyMart 全家銅鑼朝陽店,03-7985738,苗栗縣,銅鑼鄉,朝陽村朝東４３之１０號,24.4871008,120.78695
FamilyMart 全家銅鑼工業店,03-7232502,苗栗縣,銅鑼鄉,中平村中興路３之１號１樓,24.492766,120.789301
FamilyMart 全家銅鑼力積店,03-7980538,苗栗縣,銅鑼鄉,銅科七路８號１樓,24.467456,120.766902
FamilyMart 全家三義休息站店,03-7870372,苗栗縣,三義鄉,西湖村下湖５－１０號,24.40639,120.766643
FamilyMart 全家卓蘭上新店,04-2589-8473,苗栗縣,卓蘭鎮,上新里１９鄰上新１２號,24.3234,120.823921
FamilyMart 全家台中狀元店,04-2229-9329,台中市,中區,綠川里中山路１９號２１號１樓,24.145911,120.677768
FamilyMart 全家台中日新店,04-2224-4999,台中市,中區,中華路一段１０９號,24.142766,120.683706
FamilyMart 全家台中萬代福店,04-2201-0133,台中市,中區,公園路４２號,24.136927,120.685163
FamilyMart 全家台灣大道店,04-2229-0029,台中市,中區,台灣大道１段５３１號,24.136927,120.685163
FamilyMart 全家台中驛前店,04-2225-0748,台中市,中區,台灣大道１段５號１樓,24.14344,120.675489
FamilyMart 全家台中建民店,04-2220-3630,台中市,中區,民族路９號．１１號,24.138981,120.679057
FamilyMart 全家台中擎天店,04-2221-0096,台中市,中區,民權路１６２號１樓,24.139435,120.684708
FamilyMart 全家台中繼成店,04-2226-2519,台中市,中區,成功路１０６號，１０８號一樓,24.141123,120.683111
FamilyMart 全家台中力行店,04-2360-2447,台中市,東區,力行路２１２號１樓,24.151157,120.695653
FamilyMart 全家台中展欣店,04-2213-5303,台中市,東區,十甲東路３７８號,24.144345,120.704513
FamilyMart 全家台中鳳鳴店,04-2280-8292,台中市,東區,大振街３１號,24.1416962,120.6872148
FamilyMart 全家台中金福仁店,04-2215-3175,台中市,東區,自由二街８５號１樓,24.14308,120.689015
FamilyMart 全家台中武聖店,04-2213-5265,台中市,東區,自由路四段１６５號１樓,24.135262,120.700985
FamilyMart 全家台中金站二店,04-2228-0086,台中市,東區,和平街１１９－４號,24.13999567,120.69731076
FamilyMart 全家台中東園店,04-2215-4768,台中市,東區,東光園路５３６號,24.126725,120.693912
FamilyMart 全家台中金東門店,04-2280-6630,台中市,東區,東門路１１８號,24.146330392070908,120.70407046130754
FamilyMart 全家台中長福店,04-2213-9823,台中市,東區,長福路３５７號,24.146176,120.696915
FamilyMart 全家台中德國店,04-2280-9137,台中市,東區,建德街７１號,24.132156,120.700251
FamilyMart 全家台中金礦店,04-2228-1695,台中市,東區,振興路４４號１樓,24.144513,120.691046
FamilyMart 全家台中金站店,04-2224-5956,台中市,東區,復興路四段１４７號,24.149184,120.708087
FamilyMart 全家台中台安店,04-2360-6938,台中市,東區,精武路１２２號,24.13501999999,120.694841
FamilyMart 全家台中福人店,04-2265-1741,台中市,南區,樹義六巷３之２號１樓,24.118019,120.649112
FamilyMart 全家台中金大慶店,04-2260-0280,台中市,南區,大慶街二段８號,24.116738,120.663972
FamilyMart 全家台中進步店,04-2265-0685,台中市,南區,工學北路１２２號１樓,24.1273,120.670331
FamilyMart 全家台中登陽店,04-2265-4239,台中市,南區,文心南路５４８號,24.128767,120.680278
FamilyMart 全家台中大安店,04-2260-3275,台中市,南區,忠明南路７３０巷２３號１樓,24.11908,120.657307
FamilyMart 全家台中崇倫店,04-2376-6132,台中市,南區,南屯路一段２７３號,24.122165,120.681219
FamilyMart 全家台中新高橋店,04-2372-6342,台中市,南區,建國北路一段２５０號,24.121011,120.650543
FamilyMart 全家台中中山壹店,04-2471-0201,台中市,南區,建國北路１段１１０號,24.116268,120.666662
FamilyMart 全家台中柳川店,04-2375-6530,台中市,南區,美村路二段１６號、１８號１樓,24.12309,120.666277
FamilyMart 全家台中中興二店,04-2285-6331,台中市,南區,國光路２５０號,24.120319,120.655296
FamilyMart 全家台中樹仔腳店,04-2265-7425,台中市,南區,復興路一段３３號,24.124316,120.662404
FamilyMart 全家台中國圖館店,04-2224-5536,台中市,南區,新華街１６９號,24.108841,120.652534
FamilyMart 全家台中福田店,04-2261-4416,台中市,南區,福田路１５號１樓,24.125207,120.675063
FamilyMart 全家台中四維店,04-2220-8900,台中市,西區,三民路一段１７２—５、１７２—６號,24.13957,120.676396
FamilyMart 全家台中正點店,04-2376-0313,台中市,西區,臺中市西區三民路一段４６號全部,24.153471,120.655004
FamilyMart 全家台中全球店,04-2225-5085,台中市,西區,中華路一段１－５９號（全球影城）,24.142054,120.670576
FamilyMart 全家台中五權五店,04-2375-0622,台中市,西區,五權五街１４３號１樓,24.142878,120.66891
FamilyMart 全家台中金可店,04-2206-1722,台中市,西區,五權路２０５號,24.148935,120.662869
FamilyMart 全家台中師院店,04-2229-4029,台中市,西區,民權路１８９號,24.147985,120.660795
FamilyMart 全家台中向上店,04-2301-7496,台中市,西區,向上路一段３６號,24.147406,120.670059
FamilyMart 全家台中鑫美店,04-2328-4015,台中市,西區,美村路一段２２號,24.137219,120.661481
FamilyMart 全家台中美美店,04-2301-0377,台中市,西區,美村路１段１７７號,24.15009,120.665088
FamilyMart 全家台中綠園道店,04-2323-3938,台中市,西區,健行路１０４９號１樓,24.15641,120.665158
FamilyMart 全家台中水岸店,04-2314-0233,台中市,西區,華美西街１段１３４號１樓及Ｂ１,24.145429,120.659081
FamilyMart 全家台中金大益店,04-2320-0307,台中市,西區,精誠路２３８號,24.138076,120.671599
FamilyMart 全家台中篤行店,04-2202-3520,台中市,西區,篤行路１８８號,24.1493649,120.672425
FamilyMart 全家台中一中街店,04-2225-7909,台中市,北區,一中街１２９號,24.153706,120.68672
FamilyMart 全家台中一中一店,04-2225-0678,台中市,北區,一中街１號１樓．地下１樓,24.151477,120.684615
FamilyMart 全家台中學友店,04-2225-2991,台中市,北區,三民路三段２１５號,24.157019,120.67888
FamilyMart 全家台中高雅店,04-2291-6368,台中市,北區,中清路一段７２０號、７２２號,24.154471,120.677045
FamilyMart 全家台中中清一店,04-2202-0301,台中市,北區,中清路一段３７０號,24.151916,120.682198
FamilyMart 全家台中五億店,04-2207-7256,台中市,北區,臺中市北區五義街１３２號１樓,24.152407,120.680846
FamilyMart 全家台中光大店,04-2206-0007,台中市,北區,公園路２１７號,24.148764,120.68263
FamilyMart 全家台中太陽店,04-2202-2098,台中市,北區,明德里太原路一段４５０－１號,24.152336,120.675349
FamilyMart 全家台中北屯店,04-2233-2903,台中市,北區,北屯路４５號,24.1717486,120.6712203
FamilyMart 全家台中嘉農店,04-2293-7917,台中市,北區,賴旺里北平路二段８號,24.157629,120.6735
FamilyMart 全家台中微笑店,04-2233-0806,台中市,北區,育樂街３７號１樓,24.156962,120.701625
FamilyMart 全家台中新東義店,04-2291-3297,台中市,北區,賴旺里青島路一段１２號,24.15825588,120.68039913
FamilyMart 全家台中喜樂店,04-2207-0206,台中市,北區,英才路２６６號,24.17016,120.668167
FamilyMart 全家台中永興店,04-2236-0356,台中市,北區,健行路３７５號１Ｆ,24.159366,120.669752
FamilyMart 全家台中梅亭東店,04-2237-2543,台中市,北區,梅亭東街６２號１樓及地下室,24.154043,120.66715
FamilyMart 全家台中館東店,04-2327-2118,台中市,北區,博館東街４８號１樓,24.14845,120.685954
FamilyMart 全家台中新大衛店,04-2202-5829,台中市,北區,進化北路３６５號１樓之２,24.166056,120.680801
FamilyMart 全家台中上發店,04-2291-4739,台中市,北區,漢口路三段８８號,24.166826,120.675038
FamilyMart 全家台中一中好店,04-2225-3647,台中市,北區,錦新街２３號,24.155674,120.689844
FamilyMart 全家台中安順東店,04-2299-4628,台中市,北屯區,大連路一段２７８號１樓右側部分,24.174215,120.676467
FamilyMart 全家台中經貿店,04-2426-0216,台中市,北屯區,中平路１１５１號,24.190755,120.661348
FamilyMart 全家台中新大昇店,04-2426-0962,台中市,北屯區,中清路二段１２５０巷１７６弄３１號,24.179972,120.667025
FamilyMart 全家台中偉如店,04-2237-0537,台中市,北屯區,天津路３段７２號,24.164798,120.690265
FamilyMart 全家台中金原店,04-2238-3255,台中市,北屯區,太原路三段２３１號,24.16489,120.711752
FamilyMart 全家台中太和店,04-2436-4861,台中市,北屯區,太原路三段１１９０號,24.158482,120.725046
FamilyMart 全家台中時尚店,04-2292-0168,台中市,北屯區,文心路３段９８３號,24.172607,120.679791
FamilyMart 全家台中北新店,04-2243-4763,台中市,北屯區,北屯路２８８號，２８８之１號,24.178653,120.6706
FamilyMart 全家台中四張犁店,04-2421-1841,台中市,北屯區,四平路４７５之１號,24.19733,120.683598
FamilyMart 全家台中和順店,04-2439-1336,台中市,北屯區,和順路４００號,24.188501,120.687296
FamilyMart 全家台中水景店,04-2436-2774,台中市,北屯區,東山路一段１９６之１號,24.176983,120.730098
FamilyMart 全家台中東光店,04-2436-0567,台中市,北屯區,東光路８８６號１樓,24.185422,120.698497
FamilyMart 全家台中金強店,04-2247-4880,台中市,北屯區,松竹路二段３６６－１號,24.184326,120.698406
FamilyMart 全家台中金河店,04-2234-5716,台中市,北屯區,河北路二段９８號,24.170366,120.683076
FamilyMart 全家台中春水店,04-2435-0670,台中市,北屯區,舊社里南興路７７號１樓,24.186698,120.704762
FamilyMart 全家台中溪上月店,04-2436-3199,台中市,北屯區,舊社里１鄰南興路１１１６號,24.16595235,120.72386527
FamilyMart 全家台中軍功店,04-2437-4670,台中市,北屯區,軍功路一段４９７號、４９５號１樓,24.168920177336076,120.71285515575029
FamilyMart 全家台中軍福店,04-2439-1083,台中市,北屯區,軍福十九路２１５號,24.1802664,120.7080243
FamilyMart 全家台中金順店,04-2436-6433,台中市,北屯區,軍福十三路３０３號,24.174909,120.72339935
FamilyMart 全家台中國強店,04-2237-0660,台中市,北屯區,國強街１６３號,24.17657,120.691573
FamilyMart 全家台中崇大店,04-2247-7685,台中市,北屯區,崇德路二段２７６號,24.179268,120.685689
FamilyMart 全家台中祥順店,04-2439-2871,台中市,北屯區,?子路309號,24.18656021,120.66622917
FamilyMart 全家台中大地店,04-2436-8537,台中市,北屯區,敦富路１５７號,24.195405723971007,120.70732892261503
FamilyMart 全家台中情人店,04-2436-5681,台中市,北屯區,景賢路１０６號１、２Ｆ,24.172398,120.687929
FamilyMart 全家台中樂樂店,04-2236-5516,台中市,北屯區,熱河路二段１１９號,24.177026,120.688244
FamilyMart 全家台中鼎安店,04-2241-2451,台中市,北屯區,興安路一段２３３號,24.18431,120.6949
FamilyMart 全家台中新興安店,04-2243-7052,台中市,北屯區,興安路二段３１號,24.175237,120.697061
FamilyMart 全家台中環太東店,04-2393-7422,台中市,北屯區,環太東路５８８號,24.157867,120.72951
FamilyMart 全家台中東豐店,04-2422-7646,台中市,北屯區,豐樂路２１－８號,24.193666,120.684969
FamilyMart 全家台中上仁店,04-2452-1577,台中市,西屯區,上仁街１０２號,24.169436,120.644652
FamilyMart 全家台中上安店,04-2452-4993,台中市,西屯區,上安路１３６號一樓,24.159174,120.653074
FamilyMart 全家台中福揚店,04-2310-5615,台中市,西屯區,大墩十九街１８８號,24.1567,120.6552
FamilyMart 全家台中十八街店,04-2310-1028,台中市,西屯區,大墩十八街１９３號,24.18229,120.614907
FamilyMart 全家台中白金店,04-2355-0103,台中市,西屯區,工業區一路７０號,24.171695,120.612948
FamilyMart 全家台中天保店,04-2358-7991,台中市,西屯區,福和里中工三路２１４之１號、之２號１樓,24.179013,120.619046
FamilyMart 全家中央公園店,04-3706-8913,台中市,西屯區,中科路２９６６號１樓,24.175228,120.666292
FamilyMart 全家台中福氣店,04-2452-0407,台中市,西屯區,文華路１０５之１０號,24.175419,120.644843
FamilyMart 全家台中登峰店,04-2452-3433,台中市,西屯區,至善里臺灣大道３段６６０號,24.166053,120.644084
FamilyMart 全家台中皇居店,04-2452-2306,台中市,西屯區,台灣大道３段５９２號１樓及夾層,24.18238032,120.60770857
FamilyMart 全家東海大學二店,04-2359-4163,台中市,西屯區,台灣大道４段１７２７號,24.182853,120.617033
FamilyMart 全家台中金豹店,04-2312-8382,台中市,西屯區,四川一街２６號,24.162242,120.654584
FamilyMart 全家台中鼎盛店,04-2258-1077,台中市,西屯區,市政北二路２３２號２樓,24.159373,120.640218
FamilyMart 全家台中新福樂店,04-2463-3853,台中市,西屯區,永福路１２２號１樓,24.164858,120.660231
FamilyMart 全家台中下石碑店,04-2317-0307,台中市,西屯區,甘肅路２段６８號,24.177142,120.638509
FamilyMart 全家台中七張犁店,04-2359-0326,台中市,西屯區,安和路１２０之１５號１樓及２樓,24.171982,120.620731
FamilyMart 全家台中成長店,04-2296-9883,台中市,西屯區,成都路３６８號,24.175451,120.642344
FamilyMart 全家台中至真店,04-2452-7522,台中市,西屯區,至善路２３６號、２３８號、２３４巷１號,24.16558,120.656245
FamilyMart 全家台中至尊店,04-2708-7147,台中市,西屯區,西屯路二段２６８－１２，１３號,24.166901,120.651479
FamilyMart 全家台中俊美店,04-2452-5922,台中市,西屯區,西屯路２段２９７之１６號１樓全部,24.171949,120.64628
FamilyMart 全家台中福鄰店,04-2461-6177,台中市,西屯區,永安里西屯路三段１６６之２５號１樓,24.188515,120.616767
FamilyMart 全家台中新福美店,04-2452-5647,台中市,西屯區,西安街６８號１樓,24.171804,120.648458
FamilyMart 全家台中海派店,04-2452-4792,台中市,西屯區,青海南街１５７號,24.168873,120.646681
FamilyMart 全家台中國安一店,04-2461-0062,台中市,西屯區,國安一路１６９號,24.176182,120.650311
FamilyMart 全家台中金逢甲店,04-2452-5686,台中市,西屯區,逢甲路９８號１樓及地下室,24.169342,120.634958
FamilyMart 全家台中朝富店,04-2254-7347,台中市,西屯區,朝富路１７６號,24.165709,120.636684
FamilyMart 全家台中大鵬店,04-2299-1570,台中市,西屯區,順平路１５２號,24.184995,120.639657
FamilyMart 全家台中福華店,04-2463-5723,台中市,西屯區,福安路５７號,24.180597,120.645236
FamilyMart 全家台中金福星店,04-2452-1858,台中市,西屯區,福星路６０１號,24.18426,120.616872
FamilyMart 全家台中福雅店,04-2463-2785,台中市,西屯區,福雅路６９３號一樓,24.187734,120.60637
FamilyMart 全家台中新福聯店,04-2462-1219,台中市,西屯區,福聯街２３號,24.202197,120.644502
FamilyMart 全家台中民主店,04-2251-8576,台中市,西屯區,黎明路二段７７９號,24.159857,120.626704
FamilyMart 全家台中八寶店,04-2452-2224,台中市,西屯區,寶慶街４２之１號１樓及夾層,24.171149,120.650129
FamilyMart 全家台中大英店,04-2310-6077,台中市,南屯區,溝墘里大業路２７１號一樓,24.149,120.648004
FamilyMart 全家台中傑盛店,04-2252-5201,台中市,南屯區,大墩十一街３７０號、３７２號,24.148918,120.63731
FamilyMart 全家台中墩陽店,04-2328-8661,台中市,南屯區,大墩十七街１１９號１樓,24.14241,120.647685
FamilyMart 全家台中新大鼎店,04-2473-9116,台中市,南屯區,大墩南路１９９號１樓,24.148974,120.649997
FamilyMart 全家台中敦親店,04-2471-9372,台中市,南屯區,大墩路１６１號,24.148893,120.626345
FamilyMart 全家台中五權西店,04-2386-0560,台中市,南屯區,五權西路２段６８０號,24.153902,120.612918
FamilyMart 全家台中大進店,04-2319-2334,台中市,南屯區,公益路二段３９號,24.150834,120.633608
FamilyMart 全家台中新大進店,04-2320-4505,台中市,南屯區,公益路二段８號１樓,24.149856,120.609372
FamilyMart 全家台中鼎豐店,04-2380-9208,台中市,南屯區,豊樂里永春東一路７１９號一樓,24.148609,120.633434
FamilyMart 全家台中永春店,04-2386-1613,台中市,南屯區,永春路３７號,24.144758,120.628262
FamilyMart 全家台中親家店,04-2386-7500,台中市,南屯區,向上路五段１０６號、１０８號,24.139287,120.6447
FamilyMart 全家台中金勇店,04-2380-7836,台中市,南屯區,忠勇路７１－１號,24.151736,120.616105
FamilyMart 全家台中新東二店,04-2473-1935,台中市,南屯區,東興路二段３６號１樓,24.143937,120.652847
FamilyMart 全家台中惠文店,04-2258-4215,台中市,南屯區,河南路四段３２６號,24.144877,120.63896
FamilyMart 全家台中保安店,04-2350-0203,台中市,南屯區,保安十街１６６號,24.13601,120.651418
FamilyMart 全家台中金美店,04-2381-6217,台中市,南屯區,永定里１４鄰南屯路二段８７２號,24.136049,120.606868
FamilyMart 全家台中林新店,04-2251-0100,台中市,南屯區,惠中路三段３６號Ｂ棟１Ｆ商店２店面,24.148619,120.640406
FamilyMart 全家台中圓滿店,04-2380-8945,台中市,南屯區,惠文路４９９號,24.141702,120.64277
FamilyMart 全家台中楓香店,04-2479-5885,台中市,南屯區,楓樹南街３５８號１樓及地下室,24.117721,120.627298
FamilyMart 全家台中黎明店,04-2254-0498,台中市,南屯區,三厝里黎明路二段４０６號,24.159247,120.63413
FamilyMart 全家台中龍富店,04-2380-7235,台中市,南屯區,龍富路四段２號１樓,24.135786,120.610183
FamilyMart 全家太平新豐年店,04-2393-6370,台中市,太平區,大源十八街１號１樓,24.15305,120.728694
FamilyMart 全家太平普拉斯店,04-2393-7214,台中市,太平區,大興路１２７號,24.142872,120.732779
FamilyMart 全家太平玉林店,04-2393-9472,台中市,太平區,中山路２段１號,24.14855,120.7345
FamilyMart 全家太平中華店,04-2393-6935,台中市,太平區,中山路二段４４１號,24.150814,120.730101
FamilyMart 全家太平新凱悅店,04-2277-8617,台中市,太平區,中平九街１１７號,24.160061,120.715762
FamilyMart 全家太平新興中店,04-2270-3497,台中市,太平區,永平南路１號,24.131351,120.718145
FamilyMart 全家太平義成店,04-2279-5486,台中市,太平區,永成北路２０５之１號,24.123276,120.711976
FamilyMart 全家太平光德店,04-2271-2683,台中市,太平區,光德路１０１號１樓,24.112147,120.731087
FamilyMart 全家太平產業園店,04-2271-6281,台中市,太平區,光興路３１３號,24.153631,120.701634
FamilyMart 全家太平金幸福店,04-2436-8914,台中市,太平區,旱溪東路二段３６５號,24.158757,120.715137
FamilyMart 全家太平育賢店,04-2393-5507,台中市,太平區,育賢路１５６號．１５８號,24.142853,120.712865
FamilyMart 全家太平一江橋店,04-2279-6502,台中市,太平區,東河里東平路６號,24.136605,120.723941
FamilyMart 全家太平永益店,04-2277-4868,台中市,太平區,長億六街５３—２７號,24.115986,120.716711
FamilyMart 全家太平頭汴坑店,04-2275-6896,台中市,太平區,長龍路２段１號,24.127304,120.726768
FamilyMart 全家太平再福店,04-2395-0290,台中市,太平區,振福路４２７號．４２９號．４３１號,24.156068,120.711622
FamilyMart 全家太平新甲店,04-2273-6455,台中市,太平區,新仁路一段４２號，４４巷２號,24.138188,120.715287
FamilyMart 全家太平新平店,04-2391-3674,台中市,太平區,新平路三段３４７號,24.151823,120.72116
FamilyMart 全家太平新福店,04-2395-9213,台中市,太平區,新福路３０８號,24.159239999999997,120.71116800000002
FamilyMart 全家太平宜佳店,04-2270-8707,台中市,太平區,溪洲西路１４２號（配送用）,24.141769,120.716697
FamilyMart 全家太平廣三店,04-2395-5174,台中市,太平區,廣三街３３號,24.152324,120.717274
FamilyMart 全家大里新榮店,04-2483-0774,台中市,大里區,大里路６５號,24.115131,120.674223
FamilyMart 全家大里大明店,04-2487-0979,台中市,大里區,大明路１６８號１樓,24.114709,120.675974
FamilyMart 全家大里國際店,04-2491-1607,台中市,大里區,工業二路８６號１樓,24.100883,120.716621
FamilyMart 全家青年高中店,04-2496-7446,台中市,大里區,中湖路１００號Ｂ１樓,24.082877,120.697324
FamilyMart 全家大里金瑞店,04-2496-9197,台中市,大里區,中興路１段２６巷１１－６號,24.100389,120.687997
FamilyMart 全家大里金大發店,04-2491-4545,台中市,大里區,仁化路３４３－１號,24.11402,120.691396
FamilyMart 全家大里軟科店,04-2496-2900,台中市,大里區,公園街４２３－１號,24.118674,120.692614
FamilyMart 全家大里大福店,04-2483-4656,台中市,大里區,日新路６８８號,24.107962,120.676509
FamilyMart 全家大里河堤店,04-2275-1784,台中市,大里區,立德里立中街９號,24.107704,120.703721
FamilyMart 全家大里立新店,04-2275-4133,台中市,大里區,立新街３２１號１樓,24.092004,120.703261
FamilyMart 全家大里西湖店,04-2496-2341,台中市,大里區,西湖路３３７號,24.113361,120.686043
FamilyMart 全家大里東芳店,04-2495-3985,台中市,大里區,東湖里東南路１４２之６號１樓,24.090101,120.69071
FamilyMart 全家大里益民店,04-2481-3483,台中市,大里區,新里里益民路二段１７３號１樓,24.10635,120.687795
FamilyMart 全家大里東益店,04-2482-0572,台中市,大里區,益民路二段２８０號,24.100641,120.682651
FamilyMart 全家大里大里杙店,04-2406-1707,台中市,大里區,爽文路３３２號,24.103482,120.691509
FamilyMart 全家大里善化店,04-2491-8213,台中市,大里區,善化路１４６號,24.088615,120.701046
FamilyMart 全家大里金城店,04-2493-5341,台中市,大里區,塗城路５３７號,24.085799,120.711754
FamilyMart 全家大里塗城店,04-2493-0415,台中市,大里區,塗城路７４２號、７４４號１樓,24.101929,120.67971
FamilyMart 全家大里新光店,04-2483-1925,台中市,大里區,新光路９３號,24.099121,120.676831
FamilyMart 全家霧峰金來店,04-2339-7586,台中市,霧峰區,中正路８０３號一樓,24.071943,120.66231
FamilyMart 全家霧峰五福店,04-2333-2687,台中市,霧峰區,六股路２９２號,24.066203,120.691562
FamilyMart 全家霧峰金德店,04-2339-2762,台中市,霧峰區,四德路５７６號,24.06478,120.678378
FamilyMart 全家霧峰民主店,04-2330-4095,台中市,霧峰區,民生路８２號,24.062057000000003,120.700731
FamilyMart 全家霧峰新六順店,04-2339-1863,台中市,霧峰區,民生路２０１號,24.078678,120.718558
FamilyMart 全家霧峰朝科大店,04-2330-2271,台中市,霧峰區,吉峰東路６２號,24.049238,120.686493
FamilyMart 全家霧峰亞洲店,04-2339-1650,台中市,霧峰區,柳豐路４６６．４６８號,24.0686,120.697769
FamilyMart 全家霧峰亞大醫店,04-2330-3723,台中市,霧峰區,福新路２１３號,24.059413,120.696486
FamilyMart 全家烏日三榮店,04-2337-2757,台中市,烏日區,三榮路一段４５６號,24.108576,120.597202
FamilyMart 全家烏日三民店,04-2338-2018,台中市,烏日區,中山路二段２２０號，三民街１３６號,24.111851,120.638042
FamilyMart 全家烏日金鴿店,04-2336-0452,台中市,烏日區,五光路９５之１號,24.102969,120.62421
FamilyMart 全家烏日高鐵店,04-2338-7882,台中市,烏日區,光日路３５６、３５８號１樓,24.094608306884766,120.64672088623047
FamilyMart 全家烏日新明道店,04-2337-2835,台中市,烏日區,信義街１５７號,24.11321,120.615688
FamilyMart 全家烏日火車頭店,04-2338-4126,台中市,烏日區,高鐵東一路２６號２樓,24.107033,120.601696
FamilyMart 全家烏日夢幻店,04-2337-4712,台中市,烏日區,高鐵路２段１６８號１樓及２樓部分,24.112180709838867,120.58960723876953
FamilyMart 全家烏日林新店,04-2338-4645,台中市,烏日區,健行路１７７號１樓,24.073064,120.643125
FamilyMart 全家豐原金大明店,04-2526-0203,台中市,豐原區,大明路６８號,24.246451,120.699112
FamilyMart 全家豐原葫蘆墩店,04-2529-5497,台中市,豐原區,中正路６９３號,24.254326,120.723744
FamilyMart 全家豐原新水源店,04-2524-7522,台中市,豐原區,水源路１７號,24.255572,120.733461
FamilyMart 全家豐原永康店,04-2520-1374,台中市,豐原區,南陽里永康路２１５之１號一樓,24.238198,120.722719
FamilyMart 全家豐原自立店,04-2522-6846,台中市,豐原區,自立街１６號,24.239551,120.704516
FamilyMart 全家豐原育仁店,04-2513-1201,台中市,豐原區,育英路６１號,24.246362,120.705108
FamilyMart 全家豐原金美店,04-2523-9760,台中市,豐原區,信義街６０號１樓,24.242083,120.732314
FamilyMart 全家豐原富翁店,04-2513-2067,台中市,豐原區,富陽路１０１號,24.26065,120.724848
FamilyMart 全家豐原圓環東店,04-2513-0307,台中市,豐原區,圓環東路３６０號１樓至２樓,24.246508,120.711317
FamilyMart 全家豐原榮豐店,04-2515-1901,台中市,豐原區,豐中路７９號１Ｆ,24.260694,120.716219
FamilyMart 全家豐原大牛埔店,04-2520-0203,台中市,豐原區,豐北街３４２號,24.251415,120.733106
FamilyMart 全家豐原豐東店,04-2529-4832,台中市,豐原區,豐東路１２２號,24.239418,120.715429
FamilyMart 全家豐原大道店,04-2524-1890,台中市,豐原區,北陽里１３鄰豐原大道四段２９３號,24.253686,120.72423699999999
FamilyMart 全家豐原金睿店,04-2513-2799,台中市,豐原區,豐勢路一段２５９號,24.271748,120.75213
FamilyMart 全家后里文明店,04-2558-0098,台中市,后里區,文明路１０６號,24.303916,120.712532
FamilyMart 全家后里甲后店,04-2558-1158,台中市,后里區,甲后路１段９９９號,24.30955534,120.73199338
FamilyMart 全家后里新中興店,04-2558-1262,台中市,后里區,甲后路一段３６２號,24.317728,120.735256
FamilyMart 全家麗寶樂園店,04-2558-3161,台中市,后里區,安眉路１１５－３１號,24.32434035,120.69980961
FamilyMart 全家石岡登峰店,04-2572-4246,台中市,石岡區,明德路１７９號１樓,24.276276,120.777027
FamilyMart 全家東勢客進店,04-2588-0738,台中市,東勢區,中正路１號,24.245009,120.840563
FamilyMart 全家東勢嶺先店,04-2577-4305,台中市,東勢區,泰昌里東崎路５段３６７號１樓,24.219387,120.836934
FamilyMart 全家東勢東蘭店,04-2577-0608,台中市,東勢區,東蘭路４１－１號,24.260446,120.828112
FamilyMart 全家東勢豐勢店,04-2577-3245,台中市,東勢區,豐勢路４８２，４８４號１，２，３樓,24.251711,120.829958
FamilyMart 全家和平梨山店,04-2598-0098,台中市,和平區,中正路８８號,24.202914,121.005618
FamilyMart 全家新社糖部店,04-2582-3167,台中市,新社區,中和街四段３４２號,24.241469,120.808619
FamilyMart 全家潭子東寶店,04-2535-8981,台中市,潭子區,大富路一段１１號１樓,24.222791,120.692368
FamilyMart 全家潭子火車頭店,04-2536-0102,台中市,潭子區,潭陽里２２鄰中山路２段３５２之１號,24.223673,120.705603
FamilyMart 全家潭子新大富店,04-2534-5212,台中市,潭子區,中山路三段１４５號,24.219874,120.702171
FamilyMart 全家潭子佳能二店,04-2531-0531,台中市,潭子區,建國路１８號Ａ棟５樓．Ｎ棟４樓,24.229675,120.713154
FamilyMart 全家潭子甘蔗店,04-2535-9637,台中市,潭子區,勝利路２８９號,24.207923,120.701616
FamilyMart 全家潭子真興店,04-2536-8963,台中市,潭子區,復興路一段８號１０號１２號,24.224383,120.694619
FamilyMart 全家潭子新大茂店,04-2534-2995,台中市,潭子區,雅豐街８５號,24.206991,120.706684
FamilyMart 全家潭子榮興店,04-2535-1461,台中市,潭子區,榮興街５７巷１號,24.208594,120.711348
FamilyMart 全家潭子潭富店,04-2534-4277,台中市,潭子區,潭秀里３鄰潭富路一段３７號,24.203576,120.718891
FamilyMart 全家潭子潭興店,04-2536-2175,台中市,潭子區,潭興路二段４７６號１樓,24.209795,120.703267
FamilyMart 全家潭子興華店,04-2534-0309,台中市,潭子區,興華一路３６９號１樓,24.194194,120.695375
FamilyMart 全家大雅廣福店,04-2568-1946,台中市,大雅區,橫山里二鄰中山路４７號１樓,24.223295,120.647777
FamilyMart 全家大雅金交流店,04-2560-2565,台中市,大雅區,中清路３段９４１號１樓,24.234761,120.636148
FamilyMart 全家大雅清泉店,04-2565-2050,台中市,大雅區,六寶里中清路四段９２１號１樓,24.234664,120.665979
FamilyMart 全家大雅上楓店,04-2566-2482,台中市,大雅區,民生路四段１５１號一樓,24.210292,120.63033
FamilyMart 全家大雅文雅店,04-2560-4511,台中市,大雅區,永和路１２７－８號,24.215473,120.620377
FamilyMart 全家大雅矽品店,04-2567-4213,台中市,大雅區,科雅路１９號,24.227082,120.655794
FamilyMart 全家大雅金好神店,04-2560-0667,台中市,大雅區,神林路１段１４２號（部份範圍）,24.21968,120.662362
FamilyMart 全家大雅金雅環店,04-2560-0807,台中市,大雅區,雅環路１段１９１號１樓（配送用）,24.224124,120.653443
FamilyMart 全家大雅大雅店,04-2560-1300,台中市,大雅區,雅環路３段２８號,24.220905,120.650297
FamilyMart 全家神岡大洲店,04-2513-0725,台中市,神岡區,大洲路３６７號,24.252755,120.698369
FamilyMart 全家神岡陞灃店,04-2563-1309,台中市,神岡區,中山路５１７號,24.254767,120.672886
FamilyMart 全家神岡神岡店,04-2563-4071,台中市,神岡區,中正路１６號,24.250766,120.68022
FamilyMart 全家神岡和睦店,04-2563-3800,台中市,神岡區,和睦路１段７２１號,24.279699,120.654914
FamilyMart 全家神岡新社口店,04-2563-4782,台中市,神岡區,社南里昌平路５段２８９號,24.25140869,120.70121181
FamilyMart 全家大肚新市鎮店,04-2699-9622,台中市,大肚區,大明三街１５２號,24.156538,120.540117
FamilyMart 全家大肚大洋店,04-2691-1903,台中市,大肚區,中沙路１６４巷３弄１０３號１樓,24.172083,120.574743
FamilyMart 全家大肚王田店,04-2693-4823,台中市,大肚區,沙田路一段１４４－１號,24.15414,120.544214
FamilyMart 全家大肚瑞功店,04-2691-8804,台中市,大肚區,遊園路一段６９－１號,24.169289,120.579485
FamilyMart 全家沙鹿金站店,04-2635-0507,台中市,沙鹿區,大同街１４－２號,24.236952,120.56545
FamilyMart 全家沙鹿鹿寮店,04-2662-0002,台中市,沙鹿區,中山路５４８之２號,24.256139,120.568885
FamilyMart 全家沙鹿車頭店,04-2662-0959,台中市,沙鹿區,中正街７７號,24.256554,120.6009
FamilyMart 全家沙鹿飛航店,04-2615-3527,台中市,沙鹿區,中清路４３之５２．５３．５５．５６號,24.225839,120.577217
FamilyMart 全家沙鹿金罈店,04-2636-5008,台中市,沙鹿區,斗潭路３０８號,24.229286,120.573721
FamilyMart 全家沙鹿弘光店,04-2633-5938,台中市,沙鹿區,北勢東路２６３號１樓,24.221683,120.578338
FamilyMart 全家沙鹿德光店,04-2652-0152,台中市,沙鹿區,臺灣大道７段１４２號,24.21942504732597,120.57350797553256
FamilyMart 全家沙鹿正英店,04-2652-0207,台中市,沙鹿區,正英路３９９號,24.242712,120.564957
FamilyMart 全家沙鹿金智店,04-2662-0477,台中市,沙鹿區,成功東街４２、４４、４６號,24.202718,120.567918
FamilyMart 全家沙鹿三鹿店,04-2636-0667,台中市,沙鹿區,自強路３５７號１樓,24.231511,120.558302
FamilyMart 全家沙鹿巨業店,04-2662-0358,台中市,沙鹿區,和平街２號１樓,24.216666,120.568939
FamilyMart 全家沙鹿正德店,04-2652-9713,台中市,沙鹿區,屏西路９８號,24.2311,120.554144
FamilyMart 全家沙鹿鎮南店,04-2633-7539,台中市,沙鹿區,北勢里鎮南路二段２６８號１樓,24.219574,120.569558
FamilyMart 全家龍井龍津店,04-2630-4049,台中市,龍井區,中央路二段３３號,24.175447,120.575907
FamilyMart 全家龍井新文勝店,04-2631-9793,台中市,龍井區,臺灣大道五段３巷６２弄４９號,24.208643,120.549612
FamilyMart 全家龍井向美店,04-2636-1840,台中市,龍井區,沙田路４段６７０巷１７號,24.178356,120.530323
FamilyMart 全家龍井龍后店,04-2652-2061,台中市,龍井區,新興路２１號１樓,24.182822,120.579367
FamilyMart 全家龍井海大店,04-2631-2703,台中市,龍井區,新興路東興巷４８號一樓、地下室,24.181171,120.587317
FamilyMart 全家龍井遊園北店,04-2631-4971,台中市,龍井區,遊園北路４４３號,24.179815,120.583408
FamilyMart 全家龍井龍山店,04-2636-1524,台中市,龍井區,山腳里龍山街８５號,24.210441,120.505473
FamilyMart 全家龍井龍勝店,04-2652-8249,台中市,龍井區,龍社路４３９號,24.195857,120.563884
FamilyMart 全家龍井麗水店,04-2639-1746,台中市,龍井區,臨港路一段５５號,24.188516,120.592397
FamilyMart 全家梧棲海星星店,04-2656-3386,台中市,梧棲區,八德路１段２號,24.247752,120.538589
FamilyMart 全家梧棲新中和店,04-2658-1791,台中市,梧棲區,中和街７５號,24.239581,120.549553
FamilyMart 全家梧棲新文華店,04-2658-0103,台中市,梧棲區,文華街２０１號,24.246195,120.547502
FamilyMart 全家梧棲海王子店,04-2658-0706,台中市,梧棲區,四維路１０４號,24.253702,120.529862
FamilyMart 全家梧棲梧樂店,04-2656-1605,台中市,梧棲區,民和路一段５１５號,24.240218,120.528492
FamilyMart 全家清水中山店,04-2622-1679,台中市,清水區,清水里中山路１１０號,24.263257,120.569885
FamilyMart 全家清水德光店,04-2626-8265,台中市,清水區,中清路９段４４２號,24.263845,120.562316
FamilyMart 全家清水必成店,04-2656-6100,台中市,清水區,民和路二段１９９號,24.289959,120.63309
FamilyMart 全家清水高美店,04-2611-2405,台中市,清水區,高美里高美路５６０號１樓,24.291042,120.571211
FamilyMart 全家清水金橫濱店,04-2658-0180,台中市,清水區,港埠路３段２０９號,24.271071,120.577715
FamilyMart 全家大甲安港店,04-2680-4400,台中市,大甲區,大安港路１６１號,24.362372,120.638608
FamilyMart 全家大甲台鐵店,04-2680-0369,台中市,大甲區,中山路一段８２８號,24.344304,120.62937
FamilyMart 全家大甲甲中店,04-2676-4822,台中市,大甲區,水源路１號,24.406102,120.647113
FamilyMart 全家大甲金雁店,04-2680-3407,台中市,大甲區,信義路３０８號,24.3821829,120.654446
FamilyMart 全家大甲好運店,04-2680-1026,台中市,大甲區,新政路７６號,24.344699,120.626399
FamilyMart 全家外埔皇后店,04-2683-7583,台中市,外埔區,大同里六分路２３７號１樓,24.343222,120.636194
FamilyMart 全家大安海墘店,04-2680-0086,台中市,大安區,大安港路１０２１號,24.3457,120.587091
FamilyMart 全家彰化美玉店,04-7382426,彰化縣,彰化市,一心東街３９號一樓,24.0848016,120.5598111
FamilyMart 全家彰化台鐵店,04-7236431,彰化縣,彰化市,三民路１號,24.0855440996,120.5439798883
FamilyMart 全家彰化山中美店,04-7387141,彰化縣,彰化市,山中街９６號,24.0557926,120.5335242
FamilyMart 全家彰化建台店,04-7113410,彰化縣,彰化市,中興路１０３－８號１樓,24.0667024,120.5358086
FamilyMart 全家彰化鐵皮店,04-7511950,彰化縣,彰化市,平和十四街６７號,24.0757826,120.540012
FamilyMart 全家彰化樂活店,04-7285748,彰化縣,彰化市,成功路８５號１樓、２樓,24.076039273743206,120.54703226686478
FamilyMart 全家彰化自強店,04-7278997,彰化縣,彰化市,忠權里自強南路６１號一樓,24.081291,120.5404897
FamilyMart 全家彰化彰興店,04-7114730,彰化縣,彰化市,延平路５號,24.0732538,120.5266934
FamilyMart 全家新秀傳店,04-7119667,彰化縣,彰化市,南平街６１巷５１號,24.0732246,120.5490922
FamilyMart 全家彰化誠心店,04-7352770,彰化縣,彰化市,建國西街１０１號,24.0663444,120.5473211
FamilyMart 全家彰化寶山店,04-7135077,彰化縣,彰化市,師大路２號,24.0679789,120.5282668
FamilyMart 全家彰化新彰基店,04-7287141,彰化縣,彰化市,博愛街１０１號１樓,24.0832189,120.554316
FamilyMart 全家彰化金水店,04-7512550,彰化縣,彰化市,彰水路１９６之３號,24.0827822,120.5860737
FamilyMart 全家彰化彰南店,04-7374666,彰化縣,彰化市,彰南路三段３０２號、３０４號,24.0904248,120.5359209
FamilyMart 全家彰化金馬店,04-7624805,彰化縣,彰化市,彰馬路２４６之１號,24.0574839,120.5135018
FamilyMart 全家彰化線東店,04-7635121,彰化縣,彰化市,線東路一段５６７號,24.0856581,120.5381857
FamilyMart 全家花壇正花店,04-7867840,彰化縣,花壇鄉,中山路一段３８０號,24.0253591,120.5380299
FamilyMart 全家秀水秀中店,04-7688319,彰化縣,秀水鄉,秀中街１５５號,24.0579292,120.4952858
FamilyMart 全家秀水金興店,04-7686346,彰化縣,秀水鄉,番花路２９７號右１７,24.0321157,120.4981307
FamilyMart 全家鹿港車站店,04-7740452,彰化縣,鹿港鎮,民權路２０２號,24.057533,120.427621
FamilyMart 全家鹿港金埔崙店,04-7774921,彰化縣,鹿港鎮,建國路５號,24.0546971,120.4341553
FamilyMart 全家鹿港天后店,04-7754523,彰化縣,鹿港鎮,玉順里後寮巷９２號１樓,24.0654179,120.4286336
FamilyMart 全家鹿港鹿和店,04-7785489,彰化縣,鹿港鎮,鹿和路１段３８１號,24.0831941234,120.4757928208
FamilyMart 全家鹿港金寶店,04-7720101,彰化縣,鹿港鎮,鹿和路四段１０號,24.0567214,120.4411046
FamilyMart 全家鹿港富麗店,04-7787891,彰化縣,鹿港鎮,鹿東路二段５４１號,24.1104052,120.4568314
FamilyMart 全家鹿港好神店,04-7787505,彰化縣,鹿港鎮,復興南路４１號,24.0756071083,120.4203800264
FamilyMart 全家福興福環店,04-7770440,彰化縣,福興鄉,沿海路４段３８２號,24.0528536494,120.4390706066
FamilyMart 全家福興番花店,04-7795343,彰化縣,福興鄉,番花路一段８５３號,24.0244271,120.4511089
FamilyMart 全家福興福利店,04-7697552,彰化縣,福興鄉,萬豐村彰水路５０、５２號１樓,24.049204,120.4811666
FamilyMart 全家和美金美店,04-7567100,彰化縣,和美鎮,月眉里和厝路一段臨２１６號,24.1129895,120.5022907
FamilyMart 全家和美頂美店,04-7350643,彰化縣,和美鎮,柑井里美寮路二段２號１樓,24.098807,120.4898209
FamilyMart 全家和美八大店,04-7563372,彰化縣,和美鎮,鹿和路六段３１０號,24.0817013,120.4983532
FamilyMart 全家和美永美店,04-7359141,彰化縣,和美鎮,彰新路二段１６３號,24.093509,120.537862
FamilyMart 全家伸港雙興店,04-7987049,彰化縣,伸港鄉,七嘉村中華路４６３號一樓,24.1624655,120.4871369
FamilyMart 全家伸港新港店,04-7987553,彰化縣,伸港鄉,新港路３０８號,24.1774148,120.4999604
FamilyMart 全家員林正新店,04-8360774,彰化縣,員林市,三民東街３５０號,23.96888,120.5754114
FamilyMart 全家員林青山店,04-8364353,彰化縣,員林市,振興里山腳路二段５８號,23.9626278,120.6005064
FamilyMart 全家員林台鐵店,04-8366459,彰化縣,員林市,民權街５５號２樓,23.962162,120.574599
FamilyMart 全家員林富城店,04-8334347,彰化縣,員林市,育英路２４號,23.9669551,120.5658716
FamilyMart 全家員林金牌店,04-8336323,彰化縣,員林市,南昌路１３５號,23.9626496,120.5608674
FamilyMart 全家員林新員農店,04-8331925,彰化縣,員林市,三條里員水路二段３２０號,23.972569630649204,120.57653519014359
FamilyMart 全家員林三多店,04-8396940,彰化縣,員林市,員林大道４段５０２號,23.9564781,120.5678758
FamilyMart 全家員林安迪店,04-8336605,彰化縣,員林市,員集路二段８２號,23.9675201,120.5825598
FamilyMart 全家員林武西堡店,04-8399824,彰化縣,員林市,溝皂街９２號,23.953561,120.577695
FamilyMart 全家員林車頭店,04-8396162,彰化縣,員林市,南平里２８鄰靜修路５２－１號,23.9624692,120.5644667
FamilyMart 全家社頭山腳店,04-8713762,彰化縣,社頭鄉,山腳路四段１８３號,23.9028513,120.5824419
FamilyMart 全家永靖永安店,04-8231800,彰化縣,永靖鄉,中山路一段８６９號,23.920398,120.5387554
FamilyMart 全家埔心永坡店,04-8280399,彰化縣,埔心鄉,東門村中正路一段臨４９７號,23.9503369272,120.5264007017
FamilyMart 全家溪湖新發店,04-8852102,彰化縣,溪湖鎮,二溪路一段４５８號,23.9634203,120.4756733
FamilyMart 全家彰化溪湖店,04-8817134,彰化縣,溪湖鎮,光平里大溪路二段４０４號,23.9579749,120.4772774
FamilyMart 全家溪湖金羊店,04-8852038,彰化縣,溪湖鎮,員鹿路２段４７９號,23.9484609,120.4853842
FamilyMart 全家大村大溪店,04-8520728,彰化縣,大村鄉,大溪路１３號,23.992854,120.582801
FamilyMart 全家大村寶村店,04-8534456,彰化縣,大村鄉,山腳路７５－７號,23.9891909,120.5637769
FamilyMart 全家大村大贏家店,04-8531859,彰化縣,大村鄉,中山路３段１７４號,23.9796826,120.5726875
FamilyMart 全家田中新苗店,04-8744572,彰化縣,田中鎮,大社路一段９５６號,23.8583585,120.5912554
FamilyMart 全家田中金田店,04-8747821,彰化縣,田中鎮,中州路一段７６號一樓,23.8603281,120.587309
FamilyMart 全家田中金斗店,04-8748349,彰化縣,田中鎮,斗中路一段２３２號,23.8542573,120.5851394
FamilyMart 全家田中新生店,04-8748424,彰化縣,田中鎮,員集路二段５６６號,23.874286,120.5753184
FamilyMart 全家北斗肉圓店,04-8875352,彰化縣,北斗鎮,中華路２０５號,23.8719558,120.523475
FamilyMart 全家田尾金園店,04-8837329,彰化縣,田尾鄉,中山路一段５７７號,23.888465575613182,120.55086387724612
FamilyMart 全家溪州金州店,04-8890150,彰化縣,溪州鄉,中山路３段４７４號,23.8530427,120.4950179
FamilyMart 全家二林矽品店,04-7535127,彰化縣,二林鎮,中科二林大道二段１７７號,23.8973797,120.423716
FamilyMart 全家二林斗苑店,04-8955612,彰化縣,二林鎮,斗苑路四段２９９號,23.895181,120.3630139
FamilyMart 全家芳苑寶成店,04-8962501,彰化縣,芳苑鄉,三合村１４鄰斗苑路三合段１００號,23.9647623,120.339977
FamilyMart 全家南投金大崗店,04-9225-0656,南投縣,南投市,工業路８０號,23.944263,120.695133
FamilyMart 全家南投崗山店,04-9225-6041,南投縣,南投市,平山一路三街８８號,23.931722,120.669644
FamilyMart 全家南投成功店,04-9225-0459,南投縣,南投市,自強一路１１５號,23.9121,120.69132
FamilyMart 全家南投老家店,04-9224-6703,南投縣,南投市,南崗一路２８號,23.915991000000002,120.676792
FamilyMart 全家南投康金店,04-9224-7360,南投縣,南投市,復興路３４２號,23.914028,120.685332
FamilyMart 全家南投車站店,04-9224-2638,南投縣,南投市,復興路１２１號,23.918108217204974,120.68271069080733
FamilyMart 全家南投永順店,04-9224-6582,南投縣,南投市,彰南路二段３６０號１樓及地下室,23.924784,120.675548
FamilyMart 全家南投中寮店,04-9269-2671,南投縣,中寮鄉,永安街９８號,23.92686,120.734488
FamilyMart 全家草屯同安店,04-9235-4555,南投縣,草屯鎮,中山街２４７號,23.983561,120.685899
FamilyMart 全家草屯雙冬店,04-9257-2861,南投縣,草屯鎮,中正路４３之４３號,23.998715,120.689507
FamilyMart 全家草屯虎山店,04-9232-0230,南投縣,草屯鎮,中正路６１０號１樓及２樓,23.978631,120.702784
FamilyMart 全家草屯金安全店,04-9256-5781,南投縣,草屯鎮,中和路１００號,23.980408,120.678459
FamilyMart 全家草屯太平店,04-9239-3238,南投縣,草屯鎮,太平路一段４９８號,23.962687000000003,120.681633
FamilyMart 全家草屯佑民店,04-9239-2916,南投縣,草屯鎮,正興街７８號,23.975638,120.685985
FamilyMart 全家草屯草狀元店,04-9231-2947,南投縣,草屯鎮,草溪路６０５號１樓,23.989107,120.69171
FamilyMart 全家草屯富頂店,04-9255-0050,南投縣,草屯鎮,富寮里富中路１８５號,23.975,120.69982
FamilyMart 全家國姓水長流店,04-9243-2846,南投縣,國姓鄉,長流村大長路５７７－１７號,23.981664,120.872758
FamilyMart 全家埔里安德店,04-9242-0684,南投縣,埔里鎮,八德路３８號,23.950261,120.925973
FamilyMart 全家埔里埔榮店,04-9290-0366,南投縣,埔里鎮,蜈蚣里中山路一段２３７之７號１樓,23.965888,120.934115
FamilyMart 全家埔里東榮店,04-9299-4966,南投縣,埔里鎮,中正路３７６號,23.969081,120.964761
FamilyMart 全家埔里籃城店,04-9291-2500,南投縣,埔里鎮,中正路９８１號,23.954191,120.974804
FamilyMart 全家埔里枇杷店,04-9298-6650,南投縣,埔里鎮,中華路１－１號１樓,23.96807,120.9743
FamilyMart 全家埔里金門店,04-9242-2582,南投縣,埔里鎮,北環路５６號１樓（如圖）及２樓兩個房間,23.95997,120.96286
FamilyMart 全家埔里牛埔店,04-9293-2897,南投縣,埔里鎮,西安路二段９０號,24.037677,120.925648
FamilyMart 全家埔里高工店,04-9299-9423,南投縣,埔里鎮,和平東路４３１號,23.944162,120.931279
FamilyMart 全家埔里九龍店,04-9299-6297,南投縣,埔里鎮,隆生路７１號,23.974432,120.943026
FamilyMart 全家仁愛賽德克店,04-9292-0748,南投縣,仁愛鄉,南豐村中正路８７－１號,24.067005,121.167761
FamilyMart 全家名間松柏店,04-9258-3284,南投縣,名間鄉,松山村名松路二段１６７號１、２樓,23.835233,120.700251
FamilyMart 全家魚池日月潭店,04-9285-0266,南投縣,魚池鄉,中正路２８６號,23.865037,120.911391
FamilyMart 全家魚池水沙連店,04-9289-9432,南投縣,魚池鄉,魚池村魚池街３２２號１、２樓,23.84778,120.93113
FamilyMart 全家竹山前山店,04-9263-2088,南投縣,竹山鎮,大明路４６１號,23.749548965797317,120.68248718650818
FamilyMart 全家竹山金竹店,04-9265-2785,南投縣,竹山鎮,竹山路１－６－２號,23.813061,120.723026
FamilyMart 全家竹山延和店,04-9263-0859,南投縣,竹山鎮,集山路三段５４２號,23.76476,120.704021
FamilyMart 全家竹山文化園店,04-9265-9758,南投縣,竹山鎮,鯉南路２６之１２０號,23.64797546,120.65733518
FamilyMart 全家鹿谷向天店,04-9267-6667,南投縣,鹿谷鄉,光復路１７４之１０號,23.673452,120.796386
FamilyMart 全家斗南林子店,05-5974262,雲林縣,斗南鎮,林子里林子２０１號,23.675407,120.473939
FamilyMart 全家斗南西岐店,05-5953351,雲林縣,斗南鎮,中山路１５１－１６號,23.671103000000002,120.477772
FamilyMart 全家斗南光華店,05-5953576,雲林縣,斗南鎮,光華路９６號,23.671829,120.490282
FamilyMart 全家虎尾興南店,05-6328374,雲林縣,虎尾鎮,興南里興南１５８之１２號,23.703671,120.386764
FamilyMart 全家虎尾飛揚店,05-6329718,雲林縣,虎尾鎮,穎川里頂南２４號,23.700615,120.428533
FamilyMart 全家虎尾三吉店,05-6364272,雲林縣,虎尾鎮,新吉里工專一街１１５號,23.725092,120.459019
FamilyMart 全家虎尾文科店,05-6331799,雲林縣,虎尾鎮,建國里文科路１１５１號,23.708234,120.436988
FamilyMart 全家虎尾新光店,05-6326703,雲林縣,虎尾鎮,光明路７５號,23.709453,120.446435
FamilyMart 全家虎尾新忠孝店,05-6320832,雲林縣,虎尾鎮,忠孝路４４號,23.711721,120.436257
FamilyMart 全家虎尾五間厝店,05-6327366,雲林縣,虎尾鎮,虎興南路３８０號,23.724151,120.41964
FamilyMart 全家虎尾雲高店,05-7006910,雲林縣,虎尾鎮,站前東路３０１號１樓,23.707137,120.427769
FamilyMart 全家土庫雙人厝店,05-6652492,雲林縣,土庫鎮,後埔里１８鄰雙人厝７２之１號,23.67950786,120.39209595
FamilyMart 全家褒忠聚寶店,05-6975735,雲林縣,褒忠鄉,中正路１３１號１樓,23.696641,120.309218
FamilyMart 全家崙背德鑫店,05-6963452,雲林縣,崙背鄉,西榮村中山路４０６號,23.759949,120.353747
FamilyMart 全家麥寮六輕店,05-6812640,雲林縣,麥寮鄉,中興村台塑工業園區１號,23.795016,120.218776
FamilyMart 全家麥寮新泰順店,05-6936160,雲林縣,麥寮鄉,中興路７６－３號,23.797488,120.226343
FamilyMart 全家麥寮德順店,05-6914811,雲林縣,麥寮鄉,施厝村仁德東路５２３號,23.74810242,120.25600963
FamilyMart 全家麥寮萊杯店,05-6931662,雲林縣,麥寮鄉,麥豐村２２鄰表福路１９３號壹樓,23.796972,120.273688
FamilyMart 全家斗六榮大店,05-5360113,雲林縣,斗六市,大學路一段４０２號１樓,23.69455786,120.53837595
FamilyMart 全家斗六社口店,05-5360684,雲林縣,斗六市,中山路３２１號１樓２樓全部,23.70096786,120.53444595
FamilyMart 全家斗六環中店,05-5374847,雲林縣,斗六市,中華路２７５號,23.723577,120.581846
FamilyMart 全家斗六工業店,05-5575825,雲林縣,斗六市,斗工十路１０８號１樓,23.692184,120.529644
FamilyMart 全家斗六車頭店,05-5334074,雲林縣,斗六市,民生路１８７號２樓,23.729498,120.591053
FamilyMart 全家斗六新光店,05-5362691,雲林縣,斗六市,成功路５５３號壹樓,23.705123,120.551121
FamilyMart 全家斗六竹圍店,05-5515203,雲林縣,斗六市,溪洲里竹圍路５１號一樓,23.72477,120.524187
FamilyMart 全家斗六明德北店,05-5338946,雲林縣,斗六市,鎮北里明德北路一段１６５號,23.735456,120.532924
FamilyMart 全家斗六保明店,05-5370414,雲林縣,斗六市,保長路５１－１號,23.704576,120.533758
FamilyMart 全家斗六久安店,05-5222671,雲林縣,斗六市,雲林路三段４７３號,23.691712,120.528466
FamilyMart 全家斗六鎮北店,05-5331047,雲林縣,斗六市,鎮北路１５２號１樓．２樓,23.721863,120.540508
FamilyMart 全家林內采虹店,05-5898442,雲林縣,林內鄉,中正路３０號．３２號,23.76728,120.577762
FamilyMart 全家古坑國道店,05-5827956,雲林縣,古坑鄉,崁腳村５鄰新興１００號,23.622632,120.555245
FamilyMart 全家莿桐饒平店,05-5712906,雲林縣,莿桐鄉,四合村后埔１２８號,23.757825,120.496454
FamilyMart 全家西螺七崁店,05-5878263,雲林縣,西螺鎮,吳厝里吳厝７０－１號,23.789116,120.470939
FamilyMart 全家西螺公館店,05-5876631,雲林縣,西螺鎮,公館里公館３９２號,23.79923,120.455544
FamilyMart 全家西螺平和店,05-5875059,雲林縣,西螺鎮,平和南路３９９號１－３樓,23.797763,120.466273
FamilyMart 全家西螺延平店,05-5873047,雲林縣,西螺鎮,延平路１９１號,23.782511,120.452884
FamilyMart 全家西螺新社店,05-5879667,雲林縣,西螺鎮,新豐里福來路８８號,23.792529,120.456418
FamilyMart 全家二崙新崙店,05-5989801,雲林縣,二崙鄉,中山路１１５號,23.796639,120.416455
FamilyMart 全家北港好收店,05-7923807,雲林縣,北港鎮,好收里５鄰好收１１５號,23.574567,120.293213
FamilyMart 全家北港天后店,05-7837465,雲林縣,北港鎮,中山路９０號,23.569409,120.301999
FamilyMart 全家北港豐順店,05-7839941,雲林縣,北港鎮,公園路７３號１．２樓,23.578442,120.300858
FamilyMart 全家口湖下崙店,05-7990369,雲林縣,口湖鄉,崙中村中山路７１號,23.57484742,120.15068863
FamilyMart 全家元長鹿寮店,05-7983080,雲林縣,元長鄉,鹿北村永鹿７０之１號,23.650845,120.313111
FamilyMart 全家嘉義八德店,05-2911792,嘉義市,西區,八德路２４０號,23.490662999999998,120.429939
FamilyMart 全家嘉義上新店,05-2840713,嘉義市,西區,上海路３２２號全部,23.47908,120.44121
FamilyMart 全家嘉義德慶店,05-2319477,嘉義市,西區,中興路３１９之３號１樓,23.476702,120.442173
FamilyMart 全家嘉義仁安店,05-2843206,嘉義市,西區,仁愛路１７５號１樓,23.481005,120.434182
FamilyMart 全家嘉義北社尾店,05-2381503,嘉義市,西區,北湖里１３鄰北社尾路２６０號,23.459367,120.443386
FamilyMart 全家嘉義湖瑞店,05-2841584,嘉義市,西區,光路里民生南路５８９號,23.482091,120.447965
FamilyMart 全家嘉義大山店,05-2842826,嘉義市,西區,劉厝里３３鄰玉山路４９１號,23.486667,120.429298
FamilyMart 全家嘉義自強店,05-2863047,嘉義市,西區,自強街８６號、８８號、９０號、９２號１樓,23.493491,120.438208
FamilyMart 全家嘉義南京店,05-2838475,嘉義市,西區,車店里南京路４２３號４２７號,23.463727,120.436414
FamilyMart 全家嘉義國楊店,05-2165585,嘉義市,西區,垂楊路４３４號,23.485064,120.436216
FamilyMart 全家嘉義向榮店,05-2319535,嘉義市,西區,國華街５１９號１樓,23.479815,120.444006
FamilyMart 全家嘉義興雅店,05-2910040,嘉義市,西區,興雅路７２號,23.489054,120.441008
FamilyMart 全家嘉義聖馬店,05-2777467,嘉義市,東區,大雅路二段５６５號二樓商店街,23.477494,120.469654
FamilyMart 全家嘉義東雅店,05-2763383,嘉義市,東區,文雅街４１號,23.498381,120.455347
FamilyMart 全家嘉義仁義店,05-2766504,嘉義市,東區,台林街９９號,23.476148,120.45034
FamilyMart 全家嘉義芳草店,05-2235698,嘉義市,東區,芳草里１５鄰立仁路８號一樓,23.477186,120.453614
FamilyMart 全家嘉義和平店,05-2783145,嘉義市,東區,和平路１５０號,23.490881,120.467873
FamilyMart 全家嘉義保義店,05-2789759,嘉義市,東區,保義路１６９號,23.46833,120.460801
FamilyMart 全家嘉義博東店,05-2788717,嘉義市,東區,博東路１８３號,23.460827,120.450361
FamilyMart 全家嘉義湖子內店,05-2275004,嘉義市,東區,興安里興美六路１５０號壹樓,23.47432,120.46492
FamilyMart 全家竹崎灣橋店,05-2793585,嘉義縣,竹崎鄉,灣橋村五間厝３之６號,23.485681,120.554901
FamilyMart 全家中埔頂山門店,05-2399662,嘉義縣,中埔鄉,金蘭村頂山門６之２８號,23.44443,120.543867
FamilyMart 全家中埔幸福店,05-2393941,嘉義縣,中埔鄉,和美村１０鄰中山路五段６５０號,23.45315835,120.4597718
FamilyMart 全家中埔中華店,05-2390438,嘉義縣,中埔鄉,和睦村中華路６７８號,23.439543,120.453711
FamilyMart 全家水上鎮安店,05-2352125,嘉義縣,水上鄉,寬士村崎仔頭３１之２號,23.430510460833805,120.41166875081993
FamilyMart 全家水上崎子頭店,05-2844098,嘉義縣,水上鄉,寬士村崎子頭７０１－８０號壹樓,23.427677,120.398642
FamilyMart 全家水上中興店,05-2684426,嘉義縣,水上鄉,中興路２７９號（配送用）,23.446767,120.434303
FamilyMart 全家太保寶珠店,05-3717345,嘉義縣,太保市,太保里太保７４號,23.498776,120.377238
FamilyMart 全家太保麻魚店,05-2385049,嘉義縣,太保市,麻寮里中山路二段１８５號,23.458497,120.296537
FamilyMart 全家朴子四海店,05-3707141,嘉義縣,朴子市,永和里應菜埔２９－６號,23.442905,120.245271
FamilyMart 全家朴子牛挑灣店,05-3692652,嘉義縣,朴子市,梅華里１０鄰牛挑灣６５之１號,23.461357,120.24234
FamilyMart 全家朴子南通店,05-3707834,嘉義縣,朴子市,南通路三段７６７號、７６９號１樓,23.465969,120.284054
FamilyMart 全家新港中洋店,05-3774310,嘉義縣,新港鄉,三間厝１７９號,23.552168,120.369206
FamilyMart 全家中正大學附店,05-2722372,嘉義縣,民雄鄉,三興村１６８號（學人宿舍）,23.525299,120.441239
FamilyMart 全家中正大學店,05-2723991,嘉義縣,民雄鄉,三興村１６０號,23.52482,120.421455
FamilyMart 全家民雄北勢子店,05-2205727,嘉義縣,民雄鄉,北斗村北勢子２０之３５號,23.528343,120.448846
FamilyMart 全家民雄十四甲店,05-2207908,嘉義縣,民雄鄉,大崎村７鄰十四甲路１６之４號,23.56284988,120.47556505
FamilyMart 全家民雄旺萊店,05-2723759,嘉義縣,民雄鄉,大學路一段４３９號一樓,23.530583,120.453165
FamilyMart 全家民雄神農店,05-2723206,嘉義縣,民雄鄉,三興村公園路３７０號壹樓,23.546195,120.458907
FamilyMart 全家民雄新金興店,05-2203668,嘉義縣,民雄鄉,金興村２１鄰忠義街８３號全棟,23.55747835,120.4302118
FamilyMart 全家大林大埔美店,05-2955892,嘉義縣,大林鎮,大美里互助社區１５號,23.612766999,120.488147
FamilyMart 全家大林大發店,05-2641039,嘉義縣,大林鎮,西林里中正路４８５號,23.602781,120.468966
FamilyMart 全家大林明華店,05-2642683,嘉義縣,大林鎮,民生北路６１號,23.596293,120.457473
FamilyMart 全家布袋金滿店,05-3477739,嘉義縣,布袋鎮,永安里２０７號１樓,23.37886746,120.16086958
FamilyMart 全家台南前站店,06-2225096,台南市,中西區,中山路２０７號１＋２樓（如附圖,22.995812,120.209239
FamilyMart 全家台南五妃店,06-2142397,台南市,中西區,五妃街２７０號１樓,22.982621,120.205858
FamilyMart 全家台南芳草店,06-2221824,台南市,中西區,民生路二段３７５號１樓部份,22.996082,120.204244
FamilyMart 全家台南永福店,06-2148086,台南市,中西區,永福路一段１９１號,22.991998,120.189753
FamilyMart 全家台南府華店,06-2230948,台南市,中西區,府前路二段３７號１樓,22.986379,120.201923
FamilyMart 全家台南勝興店,06-3582106,台南市,中西區,武聖路１５３號１樓,22.99211,120.192774
FamilyMart 全家台南康順店,06-2145733,台南市,中西區,健康路一段９０號１樓,22.994878,120.195105
FamilyMart 全家台南康樂一店,06-2255075,台南市,中西區,康樂街１３５號１樓,23.002222,120.180134
FamilyMart 全家台南成大店,06-2004692,台南市,東區,大學路１號　光復校區學生餐廳,22.995421,120.23415
FamilyMart 全家台南巴克禮店,06-2679571,台南市,東區,中華東路三段３８０巷１號１樓（配送用）,22.978432,120.229884
FamilyMart 全家台南新義統店,06-2897432,台南市,東區,臺南市東區仁和路１０１－１號,22.969856,120.235379
FamilyMart 全家台南車頭店,06-2239803,台南市,東區,北門路二段２號,22.995628,120.228775
FamilyMart 全家台南東成店,06-2897438,台南市,東區,自由路三段２２３號,22.994664,120.214663
FamilyMart 全家台南新樓店,06-2085046,台南市,東區,東門路一段５７號１樓,22.978179,120.233157
FamilyMart 全家台南林森店,06-2376800,台南市,東區,林森路二段１８８號,22.985679,120.21885
FamilyMart 全家台南常榮店,06-2084038,台南市,東區,長榮路三段３９號１、２樓,22.967506,120.231573
FamilyMart 全家台南東德店,06-2908347,台南市,東區,臺南市東區崇德路１２８號,22.968072,120.227695
FamilyMart 全家台南新崇義店,06-2908348,台南市,東區,崇德路４７１－３號,22.984994,120.235456
FamilyMart 全家台南虎尾寮店,06-3316132,台南市,東區,裕平路１５號,22.978072,120.245291
FamilyMart 全家台南裕義店,06-3316762,台南市,東區,裕義路５７６號,22.974563,120.216777
FamilyMart 全家台南三官店,06-2635027,台南市,南區,三官路９號全部,22.979162,120.212617
FamilyMart 全家台南華興店,06-2921082,台南市,南區,中華南路二段１１０號,22.974034,120.187787
FamilyMart 全家台南府南店,06-2641101,台南市,南區,金華路一段４８４巷８５號,22.984734,120.191937
FamilyMart 全家台南尊南店,06-2638203,台南市,南區,健康路二段２７５號１樓,22.9414712743155,120.177288732399
FamilyMart 全家台南金華店,06-2638459,台南市,南區,臺南市南區新孝路７２號１樓,22.966965,120.185542
FamilyMart 全家台南新夏店,06-2615535,台南市,南區,新興路１５１號,22.929164377726977,120.18996042327883
FamilyMart 全家台南萬年店,06-2624892,台南市,南區,萬年五街２６８號１樓,22.966233,120.192391
FamilyMart 全家台南大興店,06-2506975,台南市,北區,大興街３９８號,23.00871,120.185925
FamilyMart 全家台南公園店,06-2246780,台南市,北區,公園北路１３１號１樓,23.003144,120.202408
FamilyMart 全家台南北成店,06-2826541,台南市,北區,北成路３９號,23.01059,120.216157
FamilyMart 全家台南北園店,06-2344469,台南市,北區,北園街２０號１樓及夾層,23.002282,120.195197
FamilyMart 全家台南長成店,06-2255085,台南市,北區,成功路２１２號,22.998488,120.205207
FamilyMart 全家台南育德店,06-2512062,台南市,北區,育德路４３３號１樓,23.009742,120.195891
FamilyMart 全家台南三順店,06-2084051,台南市,北區,林森路三段１５７號,23.002395,120.204795
FamilyMart 全家台南全順店,06-2086524,台南市,北區,長榮路四段５９號,23.007748,120.225477
FamilyMart 全家台南文平店,06-2989408,台南市,安平區,文平路４０５．４０７號,22.993131361348262,120.163754682209
FamilyMart 全家台南平安店,06-2229410,台南市,安平區,民權路四段５５７號,22.990217,120.179602
FamilyMart 全家台南新安平店,06-2234228,台南市,安平區,臺南市安平區安平路１７７號１樓,22.990826,120.168818
FamilyMart 全家台南康裕店,06-2931235,台南市,安平區,健康三街２０９號１樓,22.98554,120.168074
FamilyMart 全家台南建平店,06-2992938,台南市,安平區,文平里健康路三段１０號一樓,22.996717,120.171288
FamilyMart 全家台南慶平店,06-2930685,台南市,安平區,建平里５鄰慶平路８０號１樓,22.997511,120.169768
FamilyMart 全家台南大安店,06-2474809,台南市,安南區,大安街１４０號１樓,23.040542,120.190508
FamilyMart 全家台南學東店,06-2874737,台南市,安南區,公學路六段６１５號,23.052284,120.213139
FamilyMart 全家台南北州店,06-3567134,台南市,安南區,北安路四段２１０號,23.059294,120.200835
FamilyMart 全家台南新本原店,06-2453180,台南市,安南區,臺南市安南區本原街三段２４７號１樓,23.042314,120.196404
FamilyMart 全家台南興德店,06-2457612,台南市,安南區,安中路四段２３８號１樓,23.0273667114693,120.214757192711
FamilyMart 全家台南安順店,06-3564715,台南市,安南區,安和路二段１６６號,23.029208,120.209381
FamilyMart 全家台南安富店,06-3584719,台南市,安南區,安富街２５０號,23.050387999999998,120.215437
FamilyMart 全家台南長安店,06-3571280,台南市,安南區,長和路二段１２巷２７５號,23.064475999992368,120.20855399999999
FamilyMart 全家台南鎮安店,06-2473475,台南市,安南區,長溪路三段３９４號,23.062121,120.129002
FamilyMart 全家台南安南店,06-3584103,台南市,安南區,海佃路一段１６０號,23.024497,120.189711
FamilyMart 全家台南府安店,06-3588319,台南市,安南區,國安街１５８號,23.044251,120.21151
FamilyMart 全家永康龍登店,06-2026133,台南市,永康區,八德街４５６號,23.001486,120.25664
FamilyMart 全家永康大武店,06-2521479,台南市,永康區,大武街８號,23.019405,120.228203
FamilyMart 全家永康大展店,06-2054274,台南市,永康區,大灣東路３８號,23.007928,120.268366
FamilyMart 全家永康大華店,06-2715086,台南市,永康區,大灣路３１９號１樓,23.011272,120.236914
FamilyMart 全家永康世界店,06-2019873,台南市,永康區,中正路２４２號,23.040234,120.23831
FamilyMart 全家永康勝華店,06-3124970,台南市,永康區,中華二路３９５號、３９７號,23.008591,120.232909
FamilyMart 全家永康新長億店,06-3020941,台南市,永康區,中華西街１５９號,23.012332,120.231722
FamilyMart 全家永康文化店,06-2339352,台南市,永康區,文化路１１８號,23.050856,120.27597
FamilyMart 全家永康正南一店,06-2435251,台南市,永康區,正南一街１０３號,23.027304,120.252038
FamilyMart 全家永康大勝店,06-2213217,台南市,永康區,永二街１４０號,23.021286,120.261659
FamilyMart 全家永康永德店,06-2043632,台南市,永康區,永大路三段４１７號,23.044441,120.245276
FamilyMart 全家永康永明店,06-2017873,台南市,永康區,永明街２６２號,23.035886,120.262285
FamilyMart 全家永康龍橋店,06-2029670,台南市,永康區,自強路８３０號,23.020626,120.276394
FamilyMart 全家永康忠孝店,06-3134320,台南市,永康區,忠孝路７８，８０號,23.019127,120.233544
FamilyMart 全家永康新南台店,06-2434018,台南市,永康區,南台街３６號１樓,22.99836509,120.25286
FamilyMart 全家永康復華店,06-2036243,台南市,永康區,復國一路４７７號１樓,23.010896,120.246634
FamilyMart 全家永康永勝店,06-2017269,台南市,永康區,復華七街１１９號１樓,23.000938,120.236507
FamilyMart 全家永康新民店,06-2438287,台南市,永康區,新民街７３號,23.042177,120.232072
FamilyMart 全家歸仁大順店,06-2397162,台南市,歸仁區,後市里大順街１７０號一樓,22.968194,120.283001
FamilyMart 全家歸仁六發店,06-2309104,台南市,歸仁區,六甲路２０６號,22.969483,120.292417
FamilyMart 全家歸仁新文化店,06-2303581,台南市,歸仁區,南保里民權北路１４７號,22.90955,120.273481
FamilyMart 全家歸仁榮大店,06-2782498,台南市,歸仁區,長榮路一段２６２號,22.927724,120.290751
FamilyMart 全家新化那拔店,06-5912967,台南市,新化區,那拔林２３號之１６,23.013126,120.308904
FamilyMart 全家新化新北店,06-5987546,台南市,新化區,中正路６９７號全部,23.037627,120.302787
FamilyMart 全家嘉藥科大店,06-2667837,台南市,仁德區,二仁路一段６０號,22.988819,120.26102
FamilyMart 全家仁德仁義店,06-2492442,台南市,仁德區,中山路４２６號,22.918098,120.224659
FamilyMart 全家仁德仁紡店,06-2491472,台南市,仁德區,中正路二段８０５號,22.981471,120.257069
FamilyMart 全家仁德春風店,06-2795457,台南市,仁德區,中清路２號,22.97247,120.241157
FamilyMart 全家仁德中一店,06-2672649,台南市,仁德區,文華一街８９號（活動中心）,22.92181107,120.22815096
FamilyMart 全家仁德二空店,06-2676822,台南市,仁德區,崇德路１０號,22.952726,120.252872
FamilyMart 全家仁德德南店,06-2498364,台南市,仁德區,德南路２２巷１號１樓,22.956953,120.245575
FamilyMart 全家關廟工業店,06-5977168,台南市,關廟區,中山路二段２５３號,22.961066,120.327829
FamilyMart 全家關廟旺萊店,06-5954243,台南市,關廟區,旺萊路１２７號,22.957712,120.327878
FamilyMart 全家麻豆新樓店,06-5702893,台南市,麻豆區,小埤里苓子林２０號,23.158794,120.247339
FamilyMart 全家麻豆興民店,06-5711224,台南市,麻豆區,興中路５１號,23.183529,120.253533
FamilyMart 全家麻豆大同店,06-5717008,台南市,麻豆區,興民街６號,23.179542,120.247791
FamilyMart 全家佳里中山店,06-7238351,台南市,佳里區,中山路１５５號,23.163271,120.174682
FamilyMart 全家佳里延平店,06-7227976,台南市,佳里區,延平路４６８－２號,23.188615,120.193542
FamilyMart 全家西港慶安店,06-7952250,台南市,西港區,中山路２６３號,23.119464,120.20152
FamilyMart 全家西港南海店,06-7958252,台南市,西港區,慶安路２０６號,23.119134,120.195766
FamilyMart 全家學甲狀元店,06-7832360,台南市,學甲區,中山路１８３之６號１樓,23.231299,120.182664
FamilyMart 全家新營三族店,06-6323275,台南市,新營區,三民路５２號１樓,23.306835,120.323185
FamilyMart 全家新營新興店,06-6326860,台南市,新營區,中正路３９之９號１樓,23.302326,120.31681
FamilyMart 全家新營南新店,06-6591421,台南市,新營區,民治路１７７號１樓,23.310095,120.309814
FamilyMart 全家新營民權店,06-6327405,台南市,新營區,民權路２３號１樓及２樓部分範圍,23.300295,120.30992
FamilyMart 全家新營東興店,06-6372731,台南市,新營區,新東里東興路１８８號１樓,23.310525,120.302847
FamilyMart 全家新營南紙店,06-6595340,台南市,新營區,南紙里建業路３１７號一樓,23.308726,120.285556
FamilyMart 全家後壁茄苳店,06-6881114,台南市,後壁區,嘉民里上茄苳１４６之３２號,23.340737,120.312042
FamilyMart 全家新營國道北店,06-6321336,台南市,後壁區,臺南市後壁區竹新里新厝７２號,23.330554,120.354138
FamilyMart 全家六甲龜仔港店,06-6989228,台南市,六甲區,龜港里龜子港１２２號,23.229693,120.370118
FamilyMart 全家六甲水林店,06-6985995,台南市,六甲區,中山路９６號,23.227245,120.350722
FamilyMart 全家柳營重溪店,06-6234800,台南市,柳營區,重溪里小腳腿１２號１樓,23.279847,120.329726
FamilyMart 全家鹽水武廟店,06-6524945,台南市,鹽水區,金和路２號１樓,23.323261,120.272054
FamilyMart 全家善化胡厝店,06-5819981,台南市,善化區,胡家里胡厝２９之６號,23.138775,120.325949
FamilyMart 全家善化光文店,06-5854481,台南市,善化區,光文里中山路９９號一樓,23.132209,120.29808
FamilyMart 全家善化正國店,06-5853799,台南市,善化區,文昌里中正路１６０號一樓,23.131555,120.290339
FamilyMart 全家善化啤酒店,06-5853997,台南市,善化區,成功路１－１號,23.127155,120.297582
FamilyMart 全家善化蓮潭店,06-5833816,台南市,善化區,蓮潭北三街２１８號,23.122266,120.27405
FamilyMart 全家新市大社店,06-5898187,台南市,新市區,大社里３３５號,23.076227,120.280129
FamilyMart 全家新市富安店,06-5899703,台南市,新市區,社內８－１２號（配送用）,23.076888,120.291963
FamilyMart 全家新市民林店,06-5891778,台南市,新市區,民生路６２號,23.076821,120.29567
FamilyMart 全家新市群創一店,06-5055039,台南市,新市區,奇業路１號,23.095055,120.277528
FamilyMart 全家新市晶圓店,06-5050582,台南市,新市區,南科二路１８號２Ｆ,23.091174,120.263074
FamilyMart 全家新市和平店,06-5899638,台南市,新市區,富林路２９號１樓,23.099593,120.261468
FamilyMart 全家新市陽光店,06-5851643,台南市,新市區,陽光大道２６號,23.091814,120.276092
FamilyMart 全家新市群科店,06-5058324,台南市,新市區,環西路一段３號Ｂ１ＦＡ店（原宿區）,23.102531,120.275935
FamilyMart 全家高雄福華店,07-2360858,高雄市,新興區,七賢一路３０１號壹樓角窗部份,120.298927,22.634471
FamilyMart 全家高雄尚義店,07-2231461,高雄市,新興區,中正二路２２０號１樓,120.307542,22.625494
FamilyMart 全家高雄文橫店,07-2820506,高雄市,新興區,文橫二路１６６之１號一樓,120.313941,22.633989
FamilyMart 全家高雄美麗綻店,07-2855378,高雄市,新興區,自立二路９６號１、２樓,120.305054,22.632159
FamilyMart 全家高雄林庭店,07-2416656,高雄市,新興區,林森一路１６３－１號,120.307939,22.629935
FamilyMart 全家高雄瑞華店,07-2855228,高雄市,前金區,七賢二路１５６號,120.290752,22.631784
FamilyMart 全家高雄樂活店,07-2851596,高雄市,前金區,中華三路１４６號中華大樓一樓Ａ室,120.293691,22.634619
FamilyMart 全家高雄中華店,07-2829754,高雄市,前金區,中華三路２１號１樓,120.294977,22.630492
FamilyMart 全家高雄三信店,07-7241406,高雄市,苓雅區,三多一路１８６號（三信家商）,120.309344,22.615877
FamilyMart 全家高雄亞太店,07-2691476,高雄市,苓雅區,三多四路６５號壹樓,120.312393,22.626705
FamilyMart 全家高雄市政店,07-3310379,高雄市,苓雅區,四維三路２號１１Ｆ,120.302439,22.616476
FamilyMart 全家高雄天河店,07-2417251,高雄市,苓雅區,高雄市前金區市中一路９９號一樓部分範圍,120.333992,22.632829
FamilyMart 全家高雄新義店,07-7491018,高雄市,苓雅區,正義路１７６號壹樓,120.297332,22.615783
FamilyMart 全家高雄成興店,07-2693676,高雄市,苓雅區,成功一路６８號壹樓,120.300842,22.611599
FamilyMart 全家高雄實踐店,07-2265917,高雄市,苓雅區,同慶里和平一路１３０號一樓,120.330133,22.624223
FamilyMart 全家高雄森永店,07-3311520,高雄市,苓雅區,林森二路２２號,120.318081,22.624183
FamilyMart 全家高雄武仁店,07-7238451,高雄市,苓雅區,武仁街９５號一樓,120.326894,22.631041
FamilyMart 全家高雄心誠店,07-7174801,高雄市,苓雅區,武廟路４８號１樓,120.342545,22.628228
FamilyMart 全家高雄豐強店,07-3384961,高雄市,苓雅區,苓雅二路１０８號一、二、三樓,120.303572,22.612186
FamilyMart 全家高雄真愛店,07-2691916,高雄市,苓雅區,新光路４０號,120.327283,22.627501
FamilyMart 全家高雄廣泉店,07-7220774,高雄市,苓雅區,廣州一街１２７號一樓,120.316465,22.619842
FamilyMart 全家高雄鹽埕埔店,07-5319669,高雄市,鹽埕區,七賢三路１６９號一樓,120.285307,22.625015
FamilyMart 全家高雄福王店,07-5316702,高雄市,鹽埕區,五福四路７２號,120.288353,22.621528
FamilyMart 全家高雄國泰店,07-5315985,高雄市,鼓山區,九如四路６８７，６８９號,120.280165,22.659895
FamilyMart 全家高雄天美店,07-5529548,高雄市,鼓山區,中華一路３１４之６號,120.302284,22.664415
FamilyMart 全家高雄明倫店,07-5547219,高雄市,鼓山區,明倫路１４８號１樓,120.28518471,22.65127235
FamilyMart 全家高雄南屏店,07-5536031,高雄市,鼓山區,南屏路５３６號,120.28881471,22.66565235
FamilyMart 全家高雄美舞店,07-5224293,高雄市,鼓山區,美術東五路１１８號,120.287619,22.652924
FamilyMart 全家高雄龍美店,07-5225725,高雄市,鼓山區,美術館路７３號１樓,120.282842,22.664329
FamilyMart 全家高雄華漾店,07-5524308,高雄市,鼓山區,華泰路１５２號,120.29403471,22.65989235
FamilyMart 全家高雄裕民店,07-5526518,高雄市,鼓山區,明誠里裕誠路１５０９－７號,120.28236,22.632685
FamilyMart 全家高雄四季店,07-5889676,高雄市,鼓山區,翠華路３９６號一樓,120.266007,22.626428
FamilyMart 全家高雄龍堡店,07-5528985,高雄市,鼓山區,龍勝路１３６號,120.300129,22.654416
FamilyMart 全家高雄臨一店,07-5313828,高雄市,鼓山區,峰南里臨海一路２１之３號附５,120.270491,22.623754
FamilyMart 全家高雄林心店,07-3381575,高雄市,前鎮區,一心二路１５７號１樓,120.311755,22.610695
FamilyMart 全家高雄新二聖店,07-7223767,高雄市,前鎮區,二聖一路７１號ㄧ樓,120.321094,22.612701
FamilyMart 全家高雄崇光店,07-3359035,高雄市,前鎮區,三多三路２１７號Ｂ２樓商場,120.305216,22.613868
FamilyMart 全家高雄大魯閣店,07-7915278,高雄市,前鎮區,中山四路１００號（２Ｆ－１３）,120.33078,22.604785
FamilyMart 全家高雄皇家店,07-3318198,高雄市,前鎮區,民權二路７６、７８號１樓,120.300206,22.605746
FamilyMart 全家高雄育樂店,07-7260816,高雄市,前鎮區,育樂路２０號,120.321794,22.610695
FamilyMart 全家高雄明鳳店,07-7935480,高雄市,前鎮區,明鳳三路６５號,120.309004,22.614307
FamilyMart 全家高雄領航店,07-5369081,高雄市,前鎮區,林森四路２５７號,120.315277,22.610262
FamilyMart 全家高雄錢證店,07-8215676,高雄市,前鎮區,前鎮街１９６號一樓及地下室,120.323245,22.57744
FamilyMart 全家高雄瑞東店,07-7260326,高雄市,前鎮區,崗山中街１５９號．１６１號,120.304286,22.611448
FamilyMart 全家高雄心衙店,07-8213369,高雄市,前鎮區,新衙路３５１號,120.329248,22.608739
FamilyMart 全家高雄瑞和店,07-7252435,高雄市,前鎮區,瑞和街１７３號,120.319705,22.570125
FamilyMart 全家高雄翠北店,07-8416158,高雄市,前鎮區,翠亨北路５６２號,120.315688,22.614984
FamilyMart 全家高雄德安店,07-8318715,高雄市,前鎮區,德昌路１４１號,120.315087,22.606411
FamilyMart 全家高雄安康店,07-3806874,高雄市,三民區,安康里九如一路８８９—４號,120.326827,22.639414
FamilyMart 全家高雄力行店,07-3161730,高雄市,三民區,力行路１５４號,120.310016,22.645167
FamilyMart 全家高雄昌美店,07-3927297,高雄市,三民區,大昌一路２９９號一、二樓,120.32484471,22.65487235
FamilyMart 全家高雄得陽店,07-3819572,高雄市,三民區,大昌二路３０９－１號,120.331846,22.642343
FamilyMart 全家高雄大興店,07-3955446,高雄市,三民區,大裕路３８號,120.328564,22.659192
FamilyMart 全家高雄春風店,07-3924487,高雄市,三民區,大豐二路４５７號一樓右側,120.311879,22.645357
FamilyMart 全家高雄九華店,07-3231347,高雄市,三民區,中華二路１４２號,120.32352471,22.66649235
FamilyMart 全家高雄安和店,07-3226098,高雄市,三民區,北平一街１５３號，１５５號，１５７號,120.313849,22.640714
FamilyMart 全家高雄吉林店,07-3234557,高雄市,三民區,吉林街１５５號．１５７號,120.309191,22.646175
FamilyMart 全家高雄高醫二店,07-3223916,高雄市,三民區,自由一路１００號地下室,120.309191,22.646175
FamilyMart 全家高雄延慶店,07-3890250,高雄市,三民區,第二安發里延慶街１１３號一樓,120.312382652196,22.6617095074822
FamilyMart 全家高雄鼎中店,07-3493468,高雄市,三民區,鼎中里金鼎路３５８號,120.317882,22.647392
FamilyMart 全家高雄車頭店,07-2363696,高雄市,三民區,建國二路３１８號Ｂ１西側,120.29943471,22.63762235
FamilyMart 全家高雄建武店,07-3906846,高雄市,三民區,建興路７９號１樓,120.327205,22.643053
FamilyMart 全家高雄建興店,07-3875891,高雄市,三民區,建興路２７４號,120.302374,22.648843
FamilyMart 全家高雄凱歌店,07-2255938,高雄市,三民區,凱歌路８７號,120.342275,22.642293
FamilyMart 全家高雄黃興店,07-3905476,高雄市,三民區,陽明路４１８號，４２０號,120.318909,22.651776
FamilyMart 全家高雄興融店,07-3811409,高雄市,三民區,黃興路１６８號１樓,120.339954,22.641907
FamilyMart 全家高雄鼎勇店,07-3943089,高雄市,三民區,鼎山街３００號．３０２號１樓,120.316973,22.651019
FamilyMart 全家高雄鼎祥店,07-3463667,高雄市,三民區,鼎祥街７３號,120.322193,22.674676
FamilyMart 全家高雄壽昌店,07-3854009,高雄市,三民區,壽昌路９３號１樓,120.344679,22.64437
FamilyMart 全家高雄三塊厝店,07-3231562,高雄市,三民區,熱河二街１５８號,120.34359,22.639032
FamilyMart 全家高雄土庫店,07-3537481,高雄市,楠梓區,土庫二路１５２號一樓、二樓,120.331131,22.737695
FamilyMart 全家高雄樂高店,07-3649853,高雄市,楠梓區,大學東路１７１號,120.27785471,22.72969235
FamilyMart 全家高雄楠梓漢店,07-3645842,高雄市,楠梓區,大學南路２１８號１樓,120.284623,22.73233
FamilyMart 全家日月光十一店,07-3640091,高雄市,楠梓區,高雄市楠梓加工區中央路２２號十一樓,120.298924043826,22.7233419621608
FamilyMart 全家日月光七店,07-3640010,高雄市,楠梓區,高雄市楠梓加工出口區內環北路１０９號２樓,120.301053,22.724469
FamilyMart 全家高雄加宏店,07-3656976,高雄市,楠梓區,加宏路１２０＆１２２號,120.289139,22.712162
FamilyMart 全家日月光八店,07-3646310,高雄市,楠梓區,西五街１０號Ｂ１,120.29183471,22.71812235
FamilyMart 全家高雄後勁店,07-3657187,高雄市,楠梓區,後昌路１３１號１樓,120.30989471,22.72720235
FamilyMart 全家高雄藍田店,07-3658958,高雄市,楠梓區,高雄大學路３７５號,120.337294,22.73716
FamilyMart 全家高雄創金店,07-3533658,高雄市,楠梓區,創新路８９０之１號,120.32473,22.740364
FamilyMart 全家高雄惠正店,07-3644225,高雄市,楠梓區,惠正街１４５號,120.293879,22.723613
FamilyMart 全家高雄惠豐店,07-3657425,高雄市,楠梓區,惠豐里惠豐街１６６號１６８號一樓,120.32786471,22.72406235
FamilyMart 全家日月光九店,07-3641704,高雄市,楠梓區,高雄市楠梓加工區開發路７３號,120.30510471,22.72132235
FamilyMart 全家高雄鑫昌店,07-3636041,高雄市,楠梓區,新昌街３９－１號,120.305294,22.723513
FamilyMart 全家日月光一店,07-3655126,高雄市,楠梓區,高雄市楠梓加工區經三路２６號地下一層,120.30047471,22.72187235
FamilyMart 全家高雄屏信店,07-3643093,高雄市,楠梓區,翠屏路８８號１及２樓（部份）如圖,120.2986210036354,22.727591213356376
FamilyMart 全家高雄德中店,07-5911758,高雄市,楠梓區,德中路１１０號,120.28758,22.719714
FamilyMart 全家高雄東賢店,07-3606800,高雄市,楠梓區,德賢路３８２、３８４號,120.336959,22.731055
FamilyMart 全家高雄興楠店,07-3541426,高雄市,楠梓區,興楠路３５４號１樓,120.291355,22.722828
FamilyMart 全家高雄民益店,07-8016432,高雄市,小港區,二苓路２４６號,120.34545,22.569803
FamilyMart 全家高雄飛翔店,07-8070895,高雄市,小港區,中山四路２號１樓,120.36589547123337,22.58498914769595
FamilyMart 全家高雄立群店,07-8053137,高雄市,小港區,立群路２７號一樓,120.373054,22.566751
FamilyMart 全家高雄沿海店,07-8070902,高雄市,小港區,沿海一路３９７之５號,120.354867,22.582157
FamilyMart 全家高雄大坪頂店,07-8912787,高雄市,小港區,高坪二十二路４７１號一樓,120.330386,22.569622
FamilyMart 全家高雄康莊店,07-8070804,高雄市,小港區,康莊路１８３號,120.336435,22.565202
FamilyMart 全家高雄敬業店,07-8069568,高雄市,小港區,華山路６３號,120.36119471,22.58451235
FamilyMart 全家高雄漢民店,07-8032604,高雄市,小港區,漢民路５０１號１樓,120.351051,22.565065
FamilyMart 全家高雄宏光店,07-8067310,高雄市,小港區,漢民路７８６號,120.333707,22.568628
FamilyMart 全家高雄大林蒲店,07-8715898,高雄市,小港區,鳳林路９９號一樓,120.333489,22.563097
FamilyMart 全家高雄蓮潭店,07-5852747,高雄市,左營區,孔營路２５號,120.309549,22.677001
FamilyMart 全家高雄文萊店,07-3503463,高雄市,左營區,文萊路３２５號,120.290174,22.685486
FamilyMart 全家高雄立信店,07-5565617,高雄市,左營區,立信路２０９號,120.310304,22.660303
FamilyMart 全家高雄致勝店,07-5884022,高雄市,左營區,先勝路２５號,120.282478,22.681013
FamilyMart 全家高雄花賞店,07-5561878,高雄市,左營區,辛亥路２５０號一樓,120.305626,22.67667
FamilyMart 全家高雄孟立店,07-3500492,高雄市,左營區,菜公里孟子路１０９號一樓,120.308905,22.674971
FamilyMart 全家高雄富華店,07-5567836,高雄市,左營區,明華一路１９９號１樓,120.287747,22.671436
FamilyMart 全家高雄新勝店,07-5226814,高雄市,左營區,南屏路３１３號,120.297842,22.70841
FamilyMart 全家高雄重和店,07-3502958,高雄市,左營區,重和路１９１號,120.315791,22.68548
FamilyMart 全家高雄新海店,07-5882056,高雄市,左營區,海功路２號１樓,120.306892,22.687616
FamilyMart 全家高雄菜公店,07-5882590,高雄市,左營區,站前南路２７號１樓,120.30920471,22.68747235
FamilyMart 全家高雄富城店,07-5508483,高雄市,左營區,富民路２３號,120.30734471,22.66591235
FamilyMart 全家高雄富國店,07-5590732,高雄市,左營區,新上里富國路４８號一樓,120.304013,22.681921
FamilyMart 全家高雄文川店,07-3502659,高雄市,左營區,曾子路３００號（配送用）,120.309266,22.684072
FamilyMart 全家高雄華山店,07-3418769,高雄市,左營區,華夏路１７６１號壹樓,120.297971,22.673103
FamilyMart 全家高雄桃子園店,07-5858969,高雄市,左營區,鼓山三路３８９號,120.322997,22.687682
FamilyMart 全家仁武五和店,07-3741557,高雄市,仁武區,八德西路１７８５號,120.346349,22.67453
FamilyMart 全家仁武仁龍店,07-3720423,高雄市,仁武區,烏林里仁林路１９０號壹樓,120.343506,22.676994
FamilyMart 全家仁武仁德店,07-3732142,高雄市,仁武區,仁德巷６８號,120.334875,22.706448
FamilyMart 全家仁武永樂店,07-3739347,高雄市,仁武區,永仁街１６５號一樓,120.34741997916797,22.709050165597631
FamilyMart 全家仁武大道店,07-3737859,高雄市,仁武區,鳳仁路１０６號,120.35516471,22.68140235
FamilyMart 全家大社大吉店,07-3539953,高雄市,大社區,大吉路１５５號,120.348676,22.733004
FamilyMart 全家大社神龍店,07-3511798,高雄市,大社區,金龍路９５之１、２、３號,120.344035,22.748837
FamilyMart 全家岡山飛行店,07-6254866,高雄市,岡山區,久和路１之１號,120.298002,22.789228
FamilyMart 全家岡山竹圍店,07-6227977,高雄市,岡山區,中山北路１５８號１樓＆２樓,120.284306,22.794084
FamilyMart 全家岡山新樂店,07-6210446,高雄市,岡山區,成功路２５號,120.296287,22.803115
FamilyMart 全家岡山竹東店,07-6214752,高雄市,岡山區,竹圍東街１６７號,120.295613,22.794527
FamilyMart 全家岡山岡燕店,07-6228970,高雄市,岡山區,岡燕路２８９號一至二樓,120.28563,22.796938
FamilyMart 全家岡山柳橋店,07-6259480,高雄市,岡山區,柳橋西路一段２７號,120.300175,22.779715
FamilyMart 全家岡山全嘉店,07-6212407,高雄市,岡山區,嘉新東路２之２５號,120.306327,22.822282
FamilyMart 全家路竹一甲店,07-6970649,高雄市,路竹區,大仁路３２６號１樓,120.257211,22.864854
FamilyMart 全家台鋼科大店,07-6966437,高雄市,路竹區,中山路１８２１號（第三宿舍餐廳一樓）,120.261957,22.85825
FamilyMart 全家阿蓮雙蓮店,07-6317781,高雄市,阿蓮區,民生路１４２號,120.328391,22.878863
FamilyMart 全家燕巢深水店,07-6151595,高雄市,燕巢區,大仁路２之５號,120.363433,22.793238
FamilyMart 全家燕巢安招店,07-6142800,高雄市,燕巢區,安招里安招路５９３之１號,120.404401,22.781755
FamilyMart 全家燕巢義大店,07-6152029,高雄市,燕巢區,義大路８號,120.364455,22.765458
FamilyMart 全家橋頭五里林店,07-6117642,高雄市,橋頭區,五林路１０６－３號,120.307587,22.763296
FamilyMart 全家橋頭合興店,07-6119030,高雄市,橋頭區,樹德路７５－８號,120.305293,22.73928
FamilyMart 全家梓官大舍東店,07-6105797,高雄市,梓官區,大舍東路２３７之１號,120.249343,22.73468
FamilyMart 全家梓官銓學店,07-6107675,高雄市,梓官區,進學路４０－１號,120.254793,22.727146
FamilyMart 全家彌陀公園店,07-6107858,高雄市,彌陀區,中正西路２３９號,120.24958,22.780198
FamilyMart 全家湖內大湖店,07-6930921,高雄市,湖內區,大湖里中山路一段４９３號,120.236975,22.873736
FamilyMart 全家湖內保昇店,07-6998269,高雄市,湖內區,信義路３４８號壹樓,120.22405884655763,22.906858010293377
FamilyMart 全家鳳山三誠店,07-8154389,高雄市,鳳山區,三誠路９９號,120.359894,22.620014
FamilyMart 全家鳳山忠義店,07-7471958,高雄市,鳳山區,中山西路３６６，３６８號,120.381323,22.628886
FamilyMart 全家鳳山鳳翔店,07-7022294,高雄市,鳳山區,中山東路２３４巷５３號,120.379314,22.627547
FamilyMart 全家鳳山繁華店,07-7406974,高雄市,鳳山區,中山路１５１號壹樓,120.352751,22.599192
FamilyMart 全家鳳山光華店,07-7901684,高雄市,鳳山區,五甲一路１４９號,120.341542,22.601803
FamilyMart 全家鳳山新福店,07-7689717,高雄市,鳳山區,五福二路１１５號,120.330558,22.593333
FamilyMart 全家鳳山衡濱店,07-7775735,高雄市,鳳山區,文衡路４３９、４４１號一樓,120.3703,22.6411
FamilyMart 全家鳳山文濱店,07-7776390,高雄市,鳳山區,文濱路１４３號１樓,120.35247,22.624806
FamilyMart 全家鳳山聖王店,07-7191152,高雄市,鳳山區,光復路一段５２號一樓,120.354243,22.620445
FamilyMart 全家鳳山自強店,07-8314209,高雄市,鳳山區,自強二路１４７號，１４９號,120.33824,22.609173
FamilyMart 全家鳳山文山店,07-7778107,高雄市,鳳山區,青年路二段４６０號一樓,120.350036,22.634818
FamilyMart 全家鳳山華興店,07-7260571,高雄市,鳳山區,南華路１７１號１樓,120.33903,22.601216
FamilyMart 全家鳳山善美店,07-7160451,高雄市,鳳山區,善美里南榮路８３號一樓,120.343424,22.586393
FamilyMart 全家鳳山海洋店,07-7666342,高雄市,鳳山區,海洋一路１２７號，１２９號,120.346738,22.610327
FamilyMart 全家鳳山興昌店,07-7455277,高雄市,鳳山區,國光路５０號,120.343494,22.61674
FamilyMart 全家鳳山凱旋店,07-7636049,高雄市,鳳山區,凱旋路２６５號,120.339605,22.612613
FamilyMart 全家鳳山新富店,07-7668853,高雄市,鳳山區,新富路３９８號１樓,120.366809,22.625751
FamilyMart 全家鳳山工協店,07-7035069,高雄市,鳳山區,瑞興路４７７號,120.364722,22.639114
FamilyMart 全家鳳山誠義店,07-7406564,高雄市,鳳山區,誠義路１１９號,120.362662,22.588122
FamilyMart 全家鳳山鎮北店,07-7337069,高雄市,鳳山區,鳳北路６３號１樓。２樓,120.345378,22.596261
FamilyMart 全家鳳山老爺店,07-7170515,高雄市,鳳山區,鳳南路１９號,120.35852471,22.58858235
FamilyMart 全家大發中庄店,07-7031937,高雄市,大寮區,八德路３２號,120.429137,22.593409
FamilyMart 全家大發大來店,07-7011868,高雄市,大寮區,大漢路３５２號,120.421872,22.592099
FamilyMart 全家大發開封店,07-7888382,高雄市,大寮區,大寮里大寮路６３０號６３２號１樓,120.399298,22.592459
FamilyMart 全家大發仁愛店,07-7012590,高雄市,大寮區,仁愛路２２號,120.389405,22.608791
FamilyMart 全家大發四維店,07-7031279,高雄市,大寮區,四維路２８６號,120.40795,22.618039
FamilyMart 全家大發輔大二店,07-7826753,高雄市,大寮區,進學路１５１號,120.405885,22.614086
FamilyMart 全家大發新發店,07-7835368,高雄市,大寮區,鳳林三路４０５號,120.405697,22.639869
FamilyMart 全家林園文林店,07-6417056,高雄市,林園區,東林西路１３７號,120.3947,22.512035
FamilyMart 全家林園海洋店,07-6410558,高雄市,林園區,漁港路８７號,120.39788471,22.50393235
FamilyMart 全家鳥松大仁店,07-7353830,高雄市,鳥松區,鳥松里大仁南路１號一樓,120.356007585916,22.6498061618329
FamilyMart 全家鳥松濱湖店,07-7352906,高雄市,鳥松區,文前路３巷２１－１號,120.338433,22.653692
FamilyMart 全家鳥松觀湖店,07-7354728,高雄市,鳥松區,松埔北巷４－２０５號,120.338416,22.65682
FamilyMart 全家大樹水興店,07-6526780,高雄市,大樹區,水寮里中山路１７４號,120.43347942327881,22.686535822929031
FamilyMart 全家大樹虹荔店,07-6562768,高雄市,大樹區,溪埔路４號,120.431694,22.689598
FamilyMart 全家大樹義大三店,07-6567562,高雄市,大樹區,學城路一段１號（教學大樓３樓）,120.40660471,22.72978235
FamilyMart 全家大樹義邦店,07-6568082,高雄市,大樹區,三和里學城路１段１２號Ｃ３Ｆ０８,120.406437,22.726331
FamilyMart 全家茄萣民治店,07-6988573,高雄市,茄萣區,民治路１０１號１＆２＆３樓,120.185084,22.913101
FamilyMart 全家屏東鑫翊聖店,08-7324736,屏東縣,屏東市,崇蘭９８－２４號,120.474944,22.681483
FamilyMart 全家屏東車頭店,08-7518198,屏東縣,屏東市,擇仁里公勇路６２號１樓,120.492221,22.673668
FamilyMart 全家屏東商大店,08-7217393,屏東縣,屏東市,民生東路５１號（圖資大樓一樓）,120.501745,22.665473
FamilyMart 全家屏東大埔店,08-7326415,屏東縣,屏東市,民族路３０３號一樓,120.479067,22.661272
FamilyMart 全家屏東長安店,08-7321979,屏東縣,屏東市,光復路３４８號一樓,120.513227,22.660389
FamilyMart 全家屏東中華店,08-7361342,屏東縣,屏東市,自由路４２２號,120.495539,22.673224
FamilyMart 全家屏東民享店,08-7217523,屏東縣,屏東市,林森路２３號１樓,120.47696,22.656115
FamilyMart 全家屏東昌賢店,08-7514933,屏東縣,屏東市,建民路６３號,120.475877,22.665318
FamilyMart 全家屏東交流道店,08-7363868,屏東縣,屏東市,海豐街２－２５號,120.464037,22.651814
FamilyMart 全家屏東華敬店,08-7364107,屏東縣,屏東市,莊敬街一段２９號,120.479548,22.67887
FamilyMart 全家屏東瑞光店,08-7210590,屏東縣,屏東市,瑞光路二段８６號,120.475691,22.662631
FamilyMart 全家屏東福光店,08-7519167,屏東縣,屏東市,廣東南路９０號１樓,120.501851,22.680189
FamilyMart 全家屏東廣興店,08-7364763,屏東縣,屏東市,廣東路７２２號,120.47659900000001,22.684642
FamilyMart 全家屏東廣民店,08-7210439,屏東縣,屏東市,廣東路１２５號ㄧ樓、二樓,120.482172,22.635554
FamilyMart 全家里港豪吉店,08-7733165,屏東縣,里港鄉,三和路１２１之５號,120.493157623302,22.7772944761956
FamilyMart 全家鹽埔高朗店,08-7930385,屏東縣,鹽埔鄉,高朗村三民路８０－１號,120.578122,22.755022
FamilyMart 全家鹽埔大仁店,08-7628180,屏東縣,鹽埔鄉,維新路２０號（學生餐廳）,120.557256,22.740783
FamilyMart 全家長治繁華店,08-7620282,屏東縣,長治鄉,繁華村中山路１１－１號,120.555999,22.696316
FamilyMart 全家長治大江店,08-7626797,屏東縣,長治鄉,德和村神農路１２號,120.50805520370483,22.668616099974031
FamilyMart 全家長治德和店,08-7625826,屏東縣,長治鄉,德和路６６號,120.522546,22.673062
FamilyMart 全家內埔豐田店,08-7783743,屏東縣,內埔鄉,中正路４５３號,120.568815,22.611434
FamilyMart 全家內埔光明店,08-7789851,屏東縣,內埔鄉,內埔村光明路６１３號１樓,120.645369,22.7087
FamilyMart 全家內埔昌宏店,08-7780658,屏東縣,內埔鄉,昌宏路１７９號部份,120.56272,22.619442
FamilyMart 全家內埔榮總店,08-7701769,屏東縣,內埔鄉,昭勝路安平１巷１號,120.595591,22.640457
FamilyMart 全家內埔學苑店,08-7785950,屏東縣,內埔鄉,壽比路２２８號一樓,120.596084,22.641196
FamilyMart 全家潮州三林店,08-7898807,屏東縣,潮州鎮,三林路１８５號一樓,120.532288,22.542545
FamilyMart 全家潮州公園店,08-7898128,屏東縣,潮州鎮,公園路１５７號一樓部分如附圖,120.541853,22.551256
FamilyMart 全家潮州文化店,08-7899969,屏東縣,潮州鎮,朝昇路１９０－１號一樓及二樓１５坪,120.538618,22.555799
FamilyMart 全家潮州福星店,08-7882133,屏東縣,潮州鎮,福星路３５１、３５３號１樓,120.571376,22.548619
FamilyMart 全家南州庄頭店,08-8642843,屏東縣,南州鄉,三民路５２之３號,120.538129,22.491491
FamilyMart 全家東港大鵬店,08-8327389,屏東縣,東港鎮,船頭里大成路５７號（如圖）,120.491101,22.454158
FamilyMart 全家東港大船店,08-8322879,屏東縣,東港鎮,中正路１７５號一、二、三、四樓,120.449213,22.465979
FamilyMart 全家東港東王店,08-8326923,屏東縣,東港鎮,東新里文昌街１７０、１７２號一樓,120.459293,22.471823
FamilyMart 全家東港東光店,08-8326703,屏東縣,東港鎮,長春二路２０６號,120.444735,22.468065
FamilyMart 全家東港鮪魚店,08-8326592,屏東縣,東港鎮,順漁路１２９號,120.462588,22.478513
FamilyMart 全家佳冬廣惠店,08-8667881,屏東縣,佳冬鄉,中山路１１２號,120.548547,22.414955
FamilyMart 全家新園新東店,08-8683432,屏東縣,新園鄉,新東路１號,120.443788,22.481165
FamilyMart 全家枋寮愛琴海店,08-8786267,屏東縣,枋寮鄉,枋寮村中山路２４３號一、二樓,120.596017,22.383299
FamilyMart 全家枋寮大嚮店,08-8713070,屏東縣,枋寮鄉,中山路三段３９號及其停車場,120.595957,22.387023
FamilyMart 全家枋寮隆山店,08-8787017,屏東縣,枋寮鄉,隆山路８０號,120.578937,22.404607
FamilyMart 全家恆春麗園店,08-8880643,屏東縣,恆春鎮,中正路１２８號,120.74814,21.988827
FamilyMart 全家恆春北恆店,08-8880565,屏東縣,恆春鎮,省北路３７號,120.74286108465577,22.003113158252191
FamilyMart 全家宜蘭大福店,03-9301476,宜蘭縣,宜蘭市,大福路一段４３號，４５號,121.742127,24.745526
FamilyMart 全家宜蘭縣府店,03-9253048,宜蘭縣,宜蘭市,中山路一段３４６號一至二樓,121.755063,24.746472
FamilyMart 全家宜蘭中山店,03-9312463,宜蘭縣,宜蘭市,中山路三段２１０號一樓,121.752237,24.755276
FamilyMart 全家宜蘭新吳沙店,03-9289296,宜蘭縣,宜蘭市,中山路五段８１號一樓,121.75922925,24.73998745
FamilyMart 全家宜蘭文昌店,03-9356428,宜蘭縣,宜蘭市,文昌路１２０號,121.74735419,24.75169863
FamilyMart 全家宜蘭新月店,03-9324619,宜蘭縣,宜蘭市,民權路二段３８巷６號【新月廣場１樓】,121.75760132,24.75475296
FamilyMart 全家宜蘭新延平店,03-9373446,宜蘭縣,宜蘭市,延平路３８之４１號,121.780491,24.74881
FamilyMart 全家宜蘭東港店,03-9373859,宜蘭縣,宜蘭市,中興里東港路二段５５２號、５５６號１樓,121.74045184,24.73566866
FamilyMart 全家宜蘭陽大店,03-9385194,宜蘭縣,宜蘭市,校舍路１６９號Ｂ１,121.75896326,24.75075435
FamilyMart 全家宜蘭福泰店,03-9324868,宜蘭縣,宜蘭市,泰山路８３號,121.73268416,24.7484079
FamilyMart 全家宜蘭神農店,03-9313478,宜蘭縣,宜蘭市,神農路一段１０２號；農權路２５７，２５,121.752703,24.742553
FamilyMart 全家頭城車頭店,03-9782455,宜蘭縣,頭城鎮,民鋒路３２號,121.795064,24.839007
FamilyMart 全家頭城省道店,03-9870631,宜蘭縣,頭城鎮,二城里青雲路一段１號,121.863481,24.900002
FamilyMart 全家宜蘭礁溪店,03-9870468,宜蘭縣,礁溪鄉,中山路二段１４４號,121.772109,24.82482
FamilyMart 全家礁溪仁愛店,03-9872033,宜蘭縣,礁溪鄉,仁愛路１６號１樓,121.7869983,24.79818582
FamilyMart 全家礁溪健康店,03-9874587,宜蘭縣,礁溪鄉,健康路５０號１樓之１,121.768663,24.818277
FamilyMart 全家壯圍功勞店,03-9305772,宜蘭縣,壯圍鄉,功勞路１９之１號１樓,121.785007,24.746808
FamilyMart 全家壯圍濱海店,03-9308929,宜蘭縣,壯圍鄉,壯濱路三段３０６－１號,121.78308968,24.77530009
FamilyMart 全家宜蘭內城店,03-9230814,宜蘭縣,員山鄉,內城路４５５號１樓,121.728586,24.746724
FamilyMart 全家員山農會店,03-9233267,宜蘭縣,員山鄉,員山路一段２８１號,121.729558,24.727569
FamilyMart 全家羅東中榮店,03-9603394,宜蘭縣,羅東鎮,中山路二段２８３號及２８５號壹樓,121.771957,24.668531
FamilyMart 全家羅東南門店,03-9574266,宜蘭縣,羅東鎮,中正路１號,121.75658683,24.67927646
FamilyMart 全家羅東站前店,03-9561480,宜蘭縣,羅東鎮,公正路６１號,121.774304,24.678064
FamilyMart 全家羅東民族店,03-9542728,宜蘭縣,羅東鎮,公園路５０號,121.759794,24.677964
FamilyMart 全家羅東天祥店,03-9534547,宜蘭縣,羅東鎮,南昌東街３９號１樓,121.763883,24.674196
FamilyMart 全家羅東鑫復興店,03-9553056,宜蘭縣,羅東鎮,復興路二段２６６號,121.769211,24.680853
FamilyMart 全家宜蘭天送埤店,03-9894021,宜蘭縣,三星鄉,三星路七段３２２號,121.728878,24.692739
FamilyMart 全家五結國道店,03-9604824,宜蘭縣,五結鄉,中興路一段１７７號１樓,121.797658,24.685047
FamilyMart 全家五結興盛店,03-9553470,宜蘭縣,五結鄉,五結路三段７５１號１Ｆ,121.826663,24.683422
FamilyMart 全家五結鑫利成店,03-9603740,宜蘭縣,五結鄉,利成路一段５－１號,121.82291496,24.66608112
FamilyMart 全家宜蘭薪傳店,03-9601397,宜蘭縣,五結鄉,傳藝路二段１５６號一樓及停車場,121.802976,24.673133
FamilyMart 全家冬山中心店,03-9592744,宜蘭縣,冬山鄉,冬山路１０８號一樓,121.773446,24.665599
FamilyMart 全家冬山永興店,03-9587433,宜蘭縣,冬山鄉,永興路一段１號１樓,121.74291391,24.6661499
FamilyMart 全家冬山義新店,03-9587507,宜蘭縣,冬山鄉,義成路三段４０９號,121.766696,24.66291
FamilyMart 全家宜蘭廣源店,03-9517357,宜蘭縣,冬山鄉,廣興路４８號,121.747386,24.669513
FamilyMart 全家蘇澳馬賽店,03-9909822,宜蘭縣,蘇澳鎮,大同路７號１樓,121.851526,24.596011
FamilyMart 全家蘇澳聖湖店,03-9954216,宜蘭縣,蘇澳鎮,聖湖里中山路二段３１號一樓,121.801722,24.464847
FamilyMart 全家花蓮富強店,03-8465247,花蓮縣,花蓮市,中山路７０８號１樓,121.6044419,23.98363169
FamilyMart 全家花蓮建中店,03-8315576,花蓮縣,花蓮市,中山路５４７－２號,121.5922526,23.99574716
FamilyMart 全家花蓮慈濟店,03-8571610,花蓮縣,花蓮市,中央路三段７０７號３樓,121.59929648,23.97212918
FamilyMart 全家花蓮正義店,03-8326265,花蓮縣,花蓮市,中正路４１３號１樓,121.61027957,23.97940131
FamilyMart 全家花蓮正國店,03-8358084,花蓮縣,花蓮市,中正路５６９號,121.60115948,23.97302823
FamilyMart 全家花蓮尚美店,03,花蓮縣,花蓮市,中美路２９３之８號,121.62508009,23.9964857
FamilyMart 全家花蓮光復店,03-8316381,花蓮縣,花蓮市,民國路１２１號,121.60033695,23.97825322
FamilyMart 全家花蓮博愛店,03-8352319,花蓮縣,花蓮市,林森路２５０號,121.56538575,23.99614247
FamilyMart 全家花蓮車站店,03-8311943,花蓮縣,花蓮市,國聯一路１００號１樓,121.60247356,23.99086369
FamilyMart 全家花蓮國盛店,03-8328037,花蓮縣,花蓮市,國聯五路１２６、１２８號１樓,121.60534211,23.99068332
FamilyMart 全家新城佳山店,03-8268488,花蓮縣,新城鄉,佳林村佳林１０５號,121.63094815,24.11192703
FamilyMart 全家新城光隆店,03-8264920,花蓮縣,新城鄉,康樂村加灣１之２號,121.63043464,24.02666309
FamilyMart 全家新城北埔店,03-8269462,花蓮縣,新城鄉,北埔路１５９號一樓,121.60281035,24.03782703
FamilyMart 全家新城嘉新店,03-8226046,花蓮縣,新城鄉,嘉新村花師街３７號一樓,121.60493959,24.05170742
FamilyMart 全家新城太魯閣店,03-8610632,花蓮縣,新城鄉,新城村新興路５３號１樓,121.6065198,24.01807548
FamilyMart 全家秀林崇德店,03-8621419,花蓮縣,秀林鄉,崇德村海濱７號１樓,121.50602555,23.95182702
FamilyMart 全家吉安宜安店,03-8540386,花蓮縣,吉安鄉,中山路二段７１之２號,121.56628286,23.98038358
FamilyMart 全家吉安仁里店,03-8546913,花蓮縣,吉安鄉,仁里村中正路１段１５３號，１５５號１樓,121.59094466,23.96911242
FamilyMart 全家吉安昌吉店,03-8460019,花蓮縣,吉安鄉,吉安路一段２０號,121.59370128,23.98923065
FamilyMart 全家吉安和平店,03-8564431,花蓮縣,吉安鄉,自強路３９５號之１,121.58678459,23.97986408
FamilyMart 全家吉安東海店,03-8544347,花蓮縣,吉安鄉,東海十街１４２號１樓,121.5601321,23.96842365
FamilyMart 全家壽豐東華店,03-8630021,花蓮縣,壽豐鄉,大學路二段１號（東華大學六期學生宿舍）,121.54523,23.892293
FamilyMart 全家壽豐東湖店,03-8630177,花蓮縣,壽豐鄉,志學村大學路２段１號（湖畔之心）,121.4954849,23.84903836
FamilyMart 全家壽豐農會店,03-8653896,花蓮縣,壽豐鄉,中山路五段６０號,121.5304003,23.90720134
FamilyMart 全家光復省道店,03-8702528,花蓮縣,光復鄉,大全村中山路一段５２號,121.4235893,23.66592996
FamilyMart 全家瑞穗車站店,03-8875375,花蓮縣,瑞穗鄉,瑞穗村中正北路１號一樓,121.346908,23.495208
FamilyMart 全家玉里中山店,03-8883433,花蓮縣,玉里鎮,中山路二段５４號,121.31523783,23.33798533
FamilyMart 全家台東香蘭店,08-9780258,台東縣,台東市,台東縣太麻里鄉新香蘭２之５號及其停車場,121.1532355,22.7530891
FamilyMart 全家台東文化店,08-9341912,台東縣,台東市,中山里中山路３４５號１、２樓,121.1495299,22.7505499
FamilyMart 全家台東金塊店,08-9341896,台東縣,台東市,中華路一段２７６號一樓,121.1193766,22.7350838
FamilyMart 全家台東寶桑店,08-9239683,台東縣,台東市,中興路一段２１１號,121.1236197,22.7689028
FamilyMart 全家台東豐年店,08-9238980,台東縣,台東市,中興路三段２６５號,121.12189,22.7553579
FamilyMart 全家台東興昌店,08-9233387,台東縣,台東市,臺東縣臺東市文昌路２號壹樓,121.1313509,22.7552026
FamilyMart 全家台東南京店,08-9332782,台東縣,台東市,民族里正氣路３８４號一樓,121.161686,22.7870994
FamilyMart 全家台東南王店,08-9224995,台東縣,台東市,南王里更生北路６０３號,121.138882,22.765
FamilyMart 全家台東車站店,08-9237179,台東縣,台東市,台東市岩灣路１０１巷５９８號,121.0401205,22.7060088
FamilyMart 全家台東博愛店,08-9341217,台東縣,台東市,博愛路４８６號,121.1390069,22.7602155
FamilyMart 全家台東四維店,08-9348139,台東縣,台東市,傳廣路３９９號１樓,121.134304,22.747984
FamilyMart 全家台東和平店,08-9380790,台東縣,卑南鄉,太平村和平路１０２號一樓,121.0920852,22.8574153
FamilyMart 全家台東鎮東店,08-9381213,台東縣,卑南鄉,臺東縣卑南鄉泰安村泰安路３６１號,121.0944946,22.8013657
FamilyMart 全家台東鹿野店,08-9561502,台東縣,鹿野鄉,鹿野村中華路一段９８號一樓,121.1418312,22.988336
FamilyMart 全家關山民族店,08-9814885,台東縣,關山鎮,里壟里民族路５３－１號,121.16340720469174,23.045861575831108
FamilyMart 全家成功中華店,08-9853820,台東縣,成功鎮,中華路１２３號１樓,121.399989,23.1556886
FamilyMart 全家台東大竹店,08-9760208,台東縣,大武鄉,臺東縣大武鄉大竹６號,120.8922489,22.3308241
FamilyMart 全家澎湖尚洪店,06-9218964,澎湖縣,馬公市,東衛里９－１號,119.594631,23.560843
FamilyMart 全家澎湖玄武店,06-9216170,澎湖縣,馬公市,西文里西文澳１６３－８號,119.573281,23.577044
FamilyMart 全家澎湖鑫科店,06-9265145,澎湖縣,馬公市,三多路１１８號,119.565472,23.56599
FamilyMart 全家澎湖西衛店,06-9269596,澎湖縣,馬公市,西衛里五福路１０１號,119.564371,23.567527
FamilyMart 全家澎湖和田店,06-9267983,澎湖縣,馬公市,民權路２號一樓,119.572038,23.57337
FamilyMart 全家澎湖鑫旺店,06-9953046,澎湖縣,馬公市,鎖港里吉慶路７號,119.567633,23.567282
FamilyMart 全家澎湖武聖店,06-9262411,澎湖縣,馬公市,陽明路２５號一樓,119.582586,23.563315
FamilyMart 全家澎湖外垵店,06-9982869,澎湖縣,西嶼鄉,外垵村１３０號,119.51699816071324,23.594457999999989
FamilyMart 全家澎湖吉貝店,06-9911393,澎湖縣,白沙鄉,吉貝１８３－９號,119.555637,23.658628999999991
FamilyMart 全家馬祖福運店,83623389,連江縣,南竿鄉,福沃村６９號１樓,119.9350239,26.153343
FamilyMart 全家馬祖機場店,83622517,連江縣,南竿鄉,復興村２２０號１樓,119.949929,26.156255
FamilyMart 全家金門料羅店,08-2337520,金門縣,金湖鎮,新塘１５１號１樓之１,118.40911149,24.44452538
FamilyMart 全家金門瓊義店,08-2336493,金門縣,金湖鎮,伯玉路３段３７９號１樓,118.373953,24.45679492
FamilyMart 全家金門金發店,08-2335913,金門縣,金湖鎮,環島南路４段４８０號１樓,118.391444,24.440522
FamilyMart 全家金門金寧店,08-2311068,金門縣,金寧鄉,林湖路２９５－５號１樓,118.326063,24.444493
FamilyMart 全家金門金城店,08-2328420,金門縣,金城鎮,中興路１４６巷１１號,118.31903159,24.43830064
FamilyMart 全家金門城隍店,08-2322401,金門縣,金城鎮,光前路３９－５號,118.3220769,24.42898911
