FamilyMart 全家新德店,02-2321-4351,台北市,中正區,八德路一段４３巷２號
FamilyMart 全家台大醫院店,02-3322-3538,台北市,中正區,中山南路７號Ｂ１樓
FamilyMart 全家新惠安店,02-2303-6887,台北市,中正區,中華路二段３０７巷４６號
FamilyMart 全家南機場店,02-2303-9420,台北市,中正區,中華路二段３１１巷１號１樓
FamilyMart 全家高鐵一店,02-2361-9736,台北市,中正區,北平西路３號Ｂ１東側
FamilyMart 全家高鐵二店,02-2314-8950,台北市,中正區,北平西路３號Ｂ１西側
FamilyMart 全家台鐵西店,02-2314-1492,台北市,中正區,臺北市中正區北平西路３號（西南站）
FamilyMart 全家台鐵北店,02-2314-2838,台北市,中正區,臺北市中正區北平西路３號（西北站）
FamilyMart 全家台鐵二店,02-2314-7112,台北市,中正區,臺北市中正區北平西路３號Ｂ１
FamilyMart 全家台鐵南店,02-2388-3209,台北市,中正區,臺北市中正區北平西路３號（東南站）
FamilyMart 全家台鐵東店,02-2389-3070,台北市,中正區,臺北市中正區北平西路３號（東北站）
FamilyMart 全家台鐵一店,02-2361-4184,台北市,中正區,臺北市中正區北平西路３號Ｂ１
FamilyMart 全家新龍口店,02-2304-7184,台北市,中正區,汀州路一段２４４號
FamilyMart 全家新廈門店,02-2368-1443,台北市,中正區,汀州路二段３８號１樓
FamilyMart 全家金門店,02-2364-2756,台北市,中正區,汀州路二段２１６號１樓
FamilyMart 全家公館店,02-2368-8539,台北市,中正區,汀州路三段２５１號
FamilyMart 全家文盛店,02-2368-1345,台北市,中正區,汀州路三段１７３號
FamilyMart 全家水源店,02-2364-2257,台北市,中正區,汀州路三段２６１號
FamilyMart 全家辛館店,02-2368-8257,台北市,中正區,辛亥路一段１３號
FamilyMart 全家和鄰店,02-2362-8326,台北市,中正區,和平西路一段８２號１樓
FamilyMart 全家郡王店,02-2371-9902,台北市,中正區,延平南路６８號
FamilyMart 全家寶慶店,02-2389-8700,台北市,中正區,延平南路１１１號
FamilyMart 全家和醫店,02-2312-2560,台北市,中正區,延平南路１５９號１樓
FamilyMart 全家亞慶店,02-2370-6675,台北市,中正區,忠孝西路一段５０號１樓
FamilyMart 全家凱撒店,02-2389-8803,台北市,中正區,忠孝西路一段３８號１樓（部份）
FamilyMart 全家鴻啟店,02-2314-2878,台北市,中正區,忠孝西路一段１００號
FamilyMart 全家崇聖店,02-2381-8610,台北市,中正區,忠孝西路一段４號
FamilyMart 全家台北地下街店,02-2314-2698,台北市,中正區,忠孝西路一段４７號Ｂ１（ＫＢ１１２）
FamilyMart 全家北車捷運店,02-2314-0359,台北市,中正區,臺北市中正區忠孝西路一段４９號Ｂ１
FamilyMart 全家北車店,02-8941-1871,台北市,中正區,忠孝西路一段４５號１Ｆ部分
FamilyMart 全家善導寺店,02-2396-4652,台北市,中正區,忠孝東路一段９號１樓
FamilyMart 全家兆豐店,02-2341-8109,台北市,中正區,忠孝東路二段９３號１樓
FamilyMart 全家忠孝新生店,02-2322-3385,台北市,中正區,忠孝東路二段１３４巷８號１樓及地下室
FamilyMart 全家富邦店,02-2351-3120,台北市,中正區,杭州南路一段１９號１Ｆ
FamilyMart 全家文祥店,02-2391-4884,台北市,中正區,杭州南路一段１４７號
FamilyMart 全家林森南路店,02-2351-9110,台北市,中正區,林森南路５７．５９號
FamilyMart 全家北盛店,02-2361-2673,台北市,中正區,青島西路１３號
FamilyMart 全家南陽店,02-2388-1469,台北市,中正區,信陽街１５號
FamilyMart 全家南海店,02-2356-4283,台北市,中正區,臺北市中正區南海路２０號
FamilyMart 全家正陽店,02-2361-3524,台北市,中正區,南陽街１號
FamilyMart 全家重慶店,02-2312-2797,台北市,中正區,重慶南路一段５８號
FamilyMart 全家台六宿舍店,02-3322-6216,台北市,中正區,徐州路２之２號１Ｆ
FamilyMart 全家昌盛店,02-2312-3067,台北市,中正區,許昌街１４號１Ｆ
FamilyMart 全家博愛店,02-2343-2173,台北市,中正區,博愛路６３號１Ｆ＋Ｂ１Ｆ
FamilyMart 全家開封店,02-2370-9020,台北市,中正區,開封街一段４１號１樓
FamilyMart 全家嶺先店,02-2367-2038,台北市,中正區,廈門街１１３巷１７號１樓及地下室部分
FamilyMart 全家教育大學店,02-2388-8317,台北市,中正區,愛國西路１號
FamilyMart 全家漢盛店,02-2311-7024,台北市,中正區,漢口街一段１８號
FamilyMart 全家福昌店,02-2391-3137,台北市,中正區,福州街１０號１樓（部份）
FamilyMart 全家機場捷運店,02-2331-1029,台北市,中正區,鄭州路８號Ｂ１樓
FamilyMart 全家新衡陽店,02-2371-1130,台北市,中正區,衡陽路７７號一樓
FamilyMart 全家衡慶店,02-2382-0271,台北市,中正區,衡陽路７號１樓部分（如附圖）
FamilyMart 全家新仟囍店,02-2382-2831,台北市,中正區,館前路３６號１樓
FamilyMart 全家齊東店,02-2394-2076,台北市,中正區,濟南路二段３－７號１樓
FamilyMart 全家富陽店,02-2375-4181,台北市,中正區,襄陽路７號１樓
FamilyMart 全家西站店,02-2312-0577,台北市,中正區,懷寧街７之１號
FamilyMart 全家羅斯店,02-2396-2007,台北市,中正區,羅斯福路２段６２號１樓
FamilyMart 全家羅安店,02-2365-4518,台北市,中正區,羅斯福路二段１４０號１樓
FamilyMart 全家金安店,02-2365-4620,台北市,中正區,羅斯福路三段８號１＋２樓
FamilyMart 全家羅館店,02-2367-5612,台北市,中正區,羅斯福路三段２４４巷７號１樓
FamilyMart 全家館中店,02-2367-2204,台北市,中正區,羅斯福路三段３１６巷８弄１號１樓
FamilyMart 全家大龍店,02-2598-0054,台北市,大同區,大龍街１３３號１樓
FamilyMart 全家蘭州店,02-2599-5380,台北市,大同區,大龍街２１７號１樓
FamilyMart 全家泰元店,02-2559-2980,台北市,大同區,太原路８１號
FamilyMart 全家太陽店,02-2550-7907,台北市,大同區,太原路１５３號１樓
FamilyMart 全家萬全店,02-2557-6965,台北市,大同區,民生西路６３號
FamilyMart 全家福澤店,02-2557-2577,台北市,大同區,民權西路１４６號
FamilyMart 全家權澤店,02-2550-6916,台北市,大同區,民權西路１１０號１樓及夾層
FamilyMart 全家永樂店,02-2552-9571,台北市,大同區,延平北路二段２６０號之１
FamilyMart 全家新橋店,02-2599-6171,台北市,大同區,臺北市大同區延平北路三段２５之３號
FamilyMart 全家國順店,02-2591-9787,台北市,大同區,延平北路三段１１８號１樓
FamilyMart 全家龍泉店,02-8596-1664,台北市,大同區,延平北路四段６２號１樓
FamilyMart 全家京承店,02-2550-8721,台北市,大同區,承德路一段２９號１樓
FamilyMart 全家日新店,02-2550-5051,台北市,大同區,承德路二段３９＆４１號１樓
FamilyMart 全家福安店,02-2550-9755,台北市,大同區,長安西路５４號１樓
FamilyMart 全家玉泉店,02-2552-2657,台北市,大同區,長安西路３４２號１樓
FamilyMart 全家長慶店,02-2550-7756,台北市,大同區,長安西路２５８號１樓
FamilyMart 全家福山店,02-2552-6380,台北市,大同區,長安西路２５號１樓全部
FamilyMart 全家金慶店,02-2556-4600,台北市,大同區,南京西路３０８號１樓
FamilyMart 全家京鋒店,02-2558-7692,台北市,大同區,南京西路６１號１樓
FamilyMart 全家迪化街店,02-8590-2267,台北市,大同區,迪化街一段４２號１、２樓
FamilyMart 全家迪化店,02-2550-9641,台北市,大同區,迪化街一段５０號１樓
FamilyMart 全家慶權店,02-2557-8978,台北市,大同區,重慶北路二段２６３號１樓
FamilyMart 全家龍昌店,02-2591-9144,台北市,大同區,重慶北路三段３２７號１樓（如附圖）
FamilyMart 全家慶國店,02-2595-0170,台北市,大同區,重慶北路三段２７８之２號１樓
FamilyMart 全家酒泉店,02-2592-9575,台北市,大同區,臺北市大同區庫倫街４８之４號
FamilyMart 全家鑫泉店,02-2598-6829,台北市,大同區,酒泉街２２７號１樓
FamilyMart 全家寧夏店,02-2550-0930,台北市,大同區,寧夏路２８，３０，２８—１，２８—２號
FamilyMart 全家甘州店,02-2550-5587,台北市,大同區,歸綏街１８１之２號
FamilyMart 全家京江店,02-2567-8224,台北市,中山區,一江街２２號１樓
FamilyMart 全家直學店,02-2532-8364,台北市,中山區,大直街１１號
FamilyMart 全家大直店,02-2532-8875,台北市,中山區,大直街３３巷１號
FamilyMart 全家市民店,02-2563-8109,台北市,中山區,中山北路一段５８號
FamilyMart 全家六條通店,02-2521-8716,台北市,中山區,中山北路一段１０５巷２２號１樓及地下層
FamilyMart 全家柯達飯店,02-2541-7813,台北市,中山區,中山北路二段１１巷１號、３號
FamilyMart 全家新國賓店,02-2581-8863,台北市,中山區,中山北路二段７５－１號１樓
FamilyMart 全家東南店,02-2531-7972,台北市,中山區,中山北路二段６０號
FamilyMart 全家中賓店,02-2523-0023,台北市,中山區,中山里中山北路二段５９之３號１樓
FamilyMart 全家聚葉店,02-2571-6328,台北市,中山區,中山北路二段１３７巷３４號１樓
FamilyMart 全家台鑫店,02-2511-8851,台北市,中山區,中山北路二段４４號１樓部份
FamilyMart 全家圓山飯店,02-2885-0843,台北市,中山區,中山北路四段１巷１號１樓（麒麟廳））
FamilyMart 全家新吉原店,02-2511-3653,台北市,中山區,中原街１６號１樓
FamilyMart 全家錦原店,02-2541-2311,台北市,中山區,中原街１０１號１樓
FamilyMart 全家五常店,02-2506-7078,台北市,中山區,五常街５３巷２３號１號
FamilyMart 全家日津店,02-2563-5367,台北市,中山區,正義里天津街４７號１樓及地下室
FamilyMart 全家美華店,02-8509-5070,台北市,中山區,北安路８１９之１號
FamilyMart 全家永安店,02-2532-2254,台北市,中山區,北安路６３０巷７號１樓
FamilyMart 全家新北鄰店,02-2532-5010,台北市,中山區,北安路４５８巷４１弄４８號１樓
FamilyMart 全家松平店,02-2531-8666,台北市,中山區,四平街４７號
FamilyMart 全家雙全店,02-2521-7082,台北市,中山區,民生西路６２號１樓全部
FamilyMart 全家新馬偕店,02-2511-7837,台北市,中山區,民生西路３３號１－４樓
FamilyMart 全家福泰店,02-2541-3026,台北市,中山區,民生東路一段３６號１樓
FamilyMart 全家玉林店,02-2522-2731,台北市,中山區,民生東路一段２７巷１５號
FamilyMart 全家民佳店,02-2503-8763,台北市,中山區,民生東路二段１５５號１樓
FamilyMart 全家民族店,02-2518-5693,台北市,中山區,民族東路４１０巷２３弄２４號
FamilyMart 全家中山民權店,02-2511-3070,台北市,中山區,民權西路３８之１號１樓
FamilyMart 全家民權西路店,02-2599-4884,台北市,中山區,民權西路３５號１樓
FamilyMart 全家新吉林店,02-2563-9757,台北市,中山區,民權東路二段４６號１樓
FamilyMart 全家錦民店,02-2507-8797,台北市,中山區,民權東路二段１５２巷１４號
FamilyMart 全家江寧店,02-2517-1595,台北市,中山區,民權東路三段６４號１樓
FamilyMart 全家長通店,02-2502-9136,台北市,中山區,伊通街１０８號１樓
FamilyMart 全家金通店,02-2518-1554,台北市,中山區,伊通街５８號
FamilyMart 全家德惠店,02-2595-3593,台北市,中山區,吉林路４４８號
FamilyMart 全家合江店,02-2518-5276,台北市,中山區,合江街８７號一樓
FamilyMart 全家朱崙店,02-2752-8615,台北市,中山區,朱崙街６７號
FamilyMart 全家明水店,02-8509-7543,台北市,中山區,明水路５８１巷１１號１樓
FamilyMart 全家復林店,02-2523-0478,台北市,中山區,林森北路１４９－１．１４９－２號１樓
FamilyMart 全家金林店,02-2562-9847,台北市,中山區,林森北路１０９號１樓
FamilyMart 全家長林店,02-2562-9310,台北市,中山區,林森北路１０７巷５４號
FamilyMart 全家林慶店,02-2567-2790,台北市,中山區,林森北路３７６號１樓
FamilyMart 全家錦富店,02-2568-4923,台北市,中山區,林森北路４２８號１樓
FamilyMart 全家新林森店,02-2597-7209,台北市,中山區,林森北路６３０號１樓
FamilyMart 全家金漾店,02-2521-9884,台北市,中山區,林森北路３０８號
FamilyMart 全家新錦林店,02-2627-1008,台北市,中山區,林森北路３９９巷２４號１樓
FamilyMart 全家欣城店,02-2541-1007,台北市,中山區,林森北路２４７號１樓
FamilyMart 全家新林森北路店,02-2511-4623,台北市,中山區,林森北路１１９巷５０號１樓
FamilyMart 全家長松店,02-2564-1508,台北市,中山區,松江路５０號１樓部份
FamilyMart 全家松江南京店,02-2502-3193,台北市,中山區,臺北市中山區松江路１２６號Ｂ１
FamilyMart 全家松國店,02-2502-4147,台北市,中山區,松江路４７３號１樓
FamilyMart 全家松好店,02-2508-3831,台北市,中山區,松江路６１之１號１樓
FamilyMart 全家松京店,02-2571-5929,台北市,中山區,松江路１２２號１樓
FamilyMart 全家權勝店,02-2593-5820,台北市,中山區,松江路４００號１樓及地下室
FamilyMart 全家松茂店,02-2502-8713,台北市,中山區,松江路１２７之１號１樓及地下室
FamilyMart 全家光華店,02-2567-0175,台北市,中山區,松江路２４之１號
FamilyMart 全家正義店,02-2523-9542,台北市,中山區,長安東路一段５５號
FamilyMart 全家遼寧店,02-2740-5515,台北市,中山區,長安東路二段２１６號
FamilyMart 全家本部店,02-2517-3149,台北市,中山區,長安東路二段９９號１樓及２樓
FamilyMart 全家長賓店,02-2522-1603,台北市,中山區,長春路１５號１樓
FamilyMart 全家春北店,02-8770-7194,台北市,中山區,長春路４１０號１樓
FamilyMart 全家長春店,02-2581-7796,台北市,中山區,長春路４８號
FamilyMart 全家欣欣店,02-2531-4871,台北市,中山區,長春路１００號１樓
FamilyMart 全家中山捷運站店,02-2550-7063,台北市,中山區,南京西路１６號Ｂ１
FamilyMart 全家京林店,02-2567-4711,台北市,中山區,南京東路二段７２號１樓、７２－２號
FamilyMart 全家鑫興亞店,02-2511-7690,台北市,中山區,南京東路二段２０號１樓
FamilyMart 全家京貿店,02-2506-6873,台北市,中山區,南京東路三段６５號
FamilyMart 全家建國北路店,02-2517-0327,台北市,中山區,建國北路一段１４６號１樓
FamilyMart 全家建錦店,02-2506-5447,台北市,中山區,建國北路二段１３１號１樓及部分地下室
FamilyMart 全家欣濱江店,02-2515-9357,台北市,中山區,建國北路三段１０９號１樓
FamilyMart 全家新衡山店,02-2533-2342,台北市,中山區,通北街１１１號
FamilyMart 全家新復店,02-2509-7685,台北市,中山區,復興北路５１４巷３５號
FamilyMart 全家復崙店,02-2752-6542,台北市,中山區,復興北路３８號１樓
FamilyMart 全家金復店,02-2892-4021,台北市,中山區,復興北路３５６號１樓
FamilyMart 全家南京復興店,02-2715-1377,台北市,中山區,復興北路１５４號１Ｆ
FamilyMart 全家復德店,02-8772-2605,台北市,中山區,復興南路一段４２號１樓
FamilyMart 全家鑫通店,02-2581-7485,台北市,中山區,新生北路一段１１６號
FamilyMart 全家美林店,02-2567-8382,台北市,中山區,新生北路二段６２巷３８－３號
FamilyMart 全家新農店,02-2596-8538,台北市,中山區,恆安里農安街２６之３號一樓
FamilyMart 全家新晴店,02-2595-5820,台北市,中山區,農安街４－１號
FamilyMart 全家松農店,02-2502-8032,台北市,中山區,農安街１６０號
FamilyMart 全家農安店,02-2504-2520,台北市,中山區,農安街２４９號
FamilyMart 全家光輝店,02-2595-5703,台北市,中山區,晴光里德惠街３４之２號一樓
FamilyMart 全家新德城店,02-2599-5447,台北市,中山區,德惠街１６－７號
FamilyMart 全家德林店,02-2596-1560,台北市,中山區,德惠街１７３號
FamilyMart 全家撫順店,02-2592-7495,台北市,中山區,撫順街１２之２號１樓
FamilyMart 全家樂群店,02-8509-5167,台北市,中山區,樂群二路１８６號
FamilyMart 全家美麗店,02-8501-1290,台北市,中山區,樂群二路１４２號１樓
FamilyMart 全家時代廣場店,02-8501-5684,台北市,中山區,樂群二路２６５巷２０號
FamilyMart 全家興安店,02-2505-2013,台北市,中山區,興安街５７號
FamilyMart 全家錦江店,02-2563-8875,台北市,中山區,錦州街２１５號
FamilyMart 全家新北大店,02-2517-2305,台北市,中山區,錦州街４２７號
FamilyMart 全家錦西店,02-2567-3231,台北市,中山區,錦西街８號
FamilyMart 全家中興店,02-2501-2043,台北市,中山區,龍江路２０１號１Ｆ
FamilyMart 全家鑫豐店,02-2515-7030,台北市,中山區,龍江路３５６巷７２號
FamilyMart 全家新南京店,02-8772-5827,台北市,中山區,龍江路９５號１樓
FamilyMart 全家榮星店,02-2516-9569,台北市,中山區,龍江路３５２號
FamilyMart 全家龍京店,02-2508-2793,台北市,中山區,龍江路１０２號１樓
FamilyMart 全家雙城店,02-2599-6056,台北市,中山區,雙城街１２之１號
FamilyMart 全家雙林店,02-2599-2453,台北市,中山區,雙城街２之２號
FamilyMart 全家金磚店,02-2599-4347,台北市,中山區,雙城街１９巷２號
FamilyMart 全家鑫德店,02-8771-7609,台北市,松山區,臺北市松山區八德路二段４００號
FamilyMart 全家台發店,02-2578-1936,台北市,松山區,八德路三段３０號壹樓（如附圖）
FamilyMart 全家鑫中崙店,02-2579-2721,台北市,松山區,八德路三段１２巷５１弄５０號１樓
FamilyMart 全家松慈店,02-2746-6249,台北市,松山區,八德路四段６７６號
FamilyMart 全家寶清店,02-2753-2857,台北市,松山區,八德路四段５９８號１樓
FamilyMart 全家復盛店,02-2761-9127,台北市,松山區,八德路四段４０號．４２號
FamilyMart 全家三富店,02-2767-7510,台北市,松山區,三民路１４８號
FamilyMart 全家京民店,02-2742-2080,台北市,松山區,三民路６號＋Ｂ１
FamilyMart 全家常興店,02-2546-4600,台北市,松山區,五常街３６４號１樓
FamilyMart 全家微風店,02-8771-9880,台北市,松山區,市民大道四段５１號１樓
FamilyMart 全家豐興店,02-2547-1001,台北市,松山區,民生東路三段１３０巷５弄２２號
FamilyMart 全家豐禾店,02-2712-6702,台北市,松山區,民生東路三段１３０巷５弄２號
FamilyMart 全家豐華店,02-2712-3226,台北市,松山區,民生東路三段１１３巷６弄１號一樓
FamilyMart 全家昇東店,02-2749-1649,台北市,松山區,民生東路五段１９７號
FamilyMart 全家東豐店,02-2761-2771,台北市,松山區,民生東路五段３７號
FamilyMart 全家松民店,02-3765-2608,台北市,松山區,民生東路五段１５９號
FamilyMart 全家富泰店,02-2746-0211,台北市,松山區,民生東路五段２０４－３號一樓
FamilyMart 全家鑫民復店,02-2547-3532,台北市,松山區,民生東路四段８０巷１弄２號
FamilyMart 全家中央店,02-2546-0351,台北市,松山區,民生東路四段９５號
FamilyMart 全家興北店,02-2715-0977,台北市,松山區,民權東路三段１０３巷１５—１號
FamilyMart 全家新民有店,02-8712-9937,台北市,松山區,民權東路三段１６０巷１１號
FamilyMart 全家復北店,02-2546-8878,台北市,松山區,民權東路三段１０４號壹樓及地下室
FamilyMart 全家松指部店,02-2547-5302,台北市,松山區,臺北市松山區民權東路四段１２１號（松指部）
FamilyMart 全家大理店,02-2747-3064,台北市,松山區,光復北路１１巷５０號１樓
FamilyMart 全家新德光店,02-2578-0506,台北市,松山區,光復南路３２巷４６－４號
FamilyMart 全家新大吉店,02-2748-9223,台北市,松山區,吉祥路１９號
FamilyMart 全家塔悠店,02-2742-0973,台北市,松山區,臺北市松山區延壽街２號一樓
FamilyMart 全家松壽店,02-2747-4015,台北市,松山區,自強里延壽街３３０巷７弄２２號一樓
FamilyMart 全家長復店,02-2750-0001,台北市,松山區,長安東路二段２１９號
FamilyMart 全家力晶店,02-2721-3487,台北市,松山區,南京東路三段２５８號
FamilyMart 全家京萬店,02-2546-4886,台北市,松山區,台北市南京東路三段３３３號
FamilyMart 全家京吉店,02-2747-8279,台北市,松山區,南京東路五段１８０號
FamilyMart 全家新東寶店,02-2760-5928,台北市,松山區,南京東路五段２９１巷１４號
FamilyMart 全家新東光店,02-3765-2819,台北市,松山區,南京東路五段１２３巷１號１樓
FamilyMart 全家大盛店,02-2765-0089,台北市,松山區,南京東路五段６６巷２弄１之１號１樓
FamilyMart 全家京盛店,02-2579-5737,台北市,松山區,南京東路四段５６－１號１樓
FamilyMart 全家新健康店,02-2546-2607,台北市,松山區,南京東路四段１３３巷９弄２號
FamilyMart 全家京鑽店,02-2546-0775,台北市,松山區,南京東路四段４７號壹樓
FamilyMart 全家巨星超市店,02-2577-0670,台北市,松山區,南京東路四段２號（１６、１７號店舖）
FamilyMart 全家京兆店,02-2712-1962,台北市,松山區,南京東路四段１３７號壹樓
FamilyMart 全家小巨蛋二店,02-2577-8220,台北市,松山區,南京東路四段２號１樓
FamilyMart 全家民康店,02-2745-7090,台北市,松山區,健康路２８５號１樓
FamilyMart 全家康柏店,02-2760-4612,台北市,松山區,健康路２２０號
FamilyMart 全家松醫店,02-2760-0199,台北市,松山區,東光里健康路１５８號
FamilyMart 全家富錦店,02-2745-5196,台北市,松山區,新益里富錦街５２９號一樓
FamilyMart 全家長城店,02-2717-6687,台北市,松山區,敦化北路１２０巷８０號
FamilyMart 全家宏大店,02-2718-3704,台北市,松山區,敦化北路１５５巷３號１樓
FamilyMart 全家敦中店,02-8771-6763,台北市,松山區,敦化北路４巷１號
FamilyMart 全家宏勝店,02-2545-5887,台北市,松山區,敦化北路１５３號１樓
FamilyMart 全家新東店,02-2765-3580,台北市,松山區,新東街１４號
FamilyMart 全家慶城店,02-2546-4461,台北市,松山區,中正里慶城街８號
FamilyMart 全家大安店,02-2711-7896,台北市,大安區,大安路一段２０號
FamilyMart 全家仁慈店,02-2708-9002,台北市,大安區,仁愛路四段４８巷６號
FamilyMart 全家明曜店,02-2778-0326,台北市,大安區,仁愛路四段１５１巷３４號．３６號
FamilyMart 全家國泰店,02-2754-2056,台北市,大安區,仁愛路四段２６６巷１５弄１０號１樓
FamilyMart 全家忠愛店,02-2731-4580,台北市,大安區,仁愛路４段２７巷４３號
FamilyMart 全家敦新店,02-2705-7671,台北市,大安區,敦安里仁愛路四段１１２巷５號一樓
FamilyMart 全家吉泰店,02-2700-1566,台北市,大安區,仁愛路四段３００巷１１之１號
FamilyMart 全家通昌店,02-2325-6420,台北市,大安區,文昌街１４２號壹樓全部
FamilyMart 全家安賢店,02-2707-4252,台北市,大安區,臺北市大安區四維路１７０巷４號
FamilyMart 全家國父紀念館店,02-2775-5468,台北市,大安區,光復南路２９２號（範圍如附圖）
FamilyMart 全家華視店,02-2731-0238,台北市,大安區,光復南路１１６巷２６號
FamilyMart 全家光新店,02-2784-9586,台北市,大安區,光復南路４１８號
FamilyMart 全家敦安店,02-2701-9097,台北市,大安區,安和路一段１１２巷２７號
FamilyMart 全家安富店,02-2775-5484,台北市,大安區,安和路一段４９巷１０號
FamilyMart 全家和信店,02-2755-6391,台北市,大安區,安和路一段１０４號
FamilyMart 全家東方店,02-2703-9578,台北市,大安區,安和路二段１０巷１０號壹樓及地下室
FamilyMart 全家樂和店,02-2732-9745,台北市,大安區,安和路二段１６９號
FamilyMart 全家安居店,02-2737-5452,台北市,大安區,安居街７６號
FamilyMart 全家辛亥店,02-2377-8503,台北市,大安區,辛亥路二段１７１巷３號
FamilyMart 全家二繽店,02-2737-2960,台北市,大安區,辛亥路三段３３０號
FamilyMart 全家台師店,02-2368-2773,台北市,大安區,和平東路一段１６２號
FamilyMart 全家成功店,02-2755-0428,台北市,大安區,和平東路二段３１１巷３２號
FamilyMart 全家和東店,02-2732-4425,台北市,大安區,和平東路二段１０２之３號１樓
FamilyMart 全家和新店,02-8369-1009,台北市,大安區,和平東路二段２２號
FamilyMart 全家和復店,02-2754-0370,台北市,大安區,和平東路二段２６１號，２６３號
FamilyMart 全家國立教育店,02-2732-5341,台北市,大安區,和平東路二段１３４號１樓
FamilyMart 全家和茂店,02-2737-1408,台北市,大安區,和平東路三段５８號１樓
FamilyMart 全家延安二店,02-8771-7379,台北市,大安區,延吉街１３０號
FamilyMart 全家延孝店,02-2740-5319,台北市,大安區,延吉街１３５號之三，一樓
FamilyMart 全家昌隆店,02-8773-3114,台北市,大安區,忠孝東路３段２１７巷２弄１號１樓
FamilyMart 全家正興店,02-2731-6936,台北市,大安區,忠孝東路三段２４８巷６號
FamilyMart 全家忠孝光復店,02-2779-0255,台北市,大安區,忠孝東路４段３０２號１樓東側部分
FamilyMart 全家忠孝延吉店,02-2775-4165,台北市,大安區,忠孝東路４段３１５號１樓
FamilyMart 全家安勝店,02-2779-0263,台北市,大安區,忠孝東路四段１８１巷６號１樓
FamilyMart 全家統領店,02-2711-2125,台北市,大安區,忠孝東路四段１８１巷７弄２１號１樓部份
FamilyMart 全家龍普店,02-8773-3622,台北市,大安區,忠孝東路４段１７０巷６弄２號
FamilyMart 全家延吉店,02-2741-2630,台北市,大安區,忠孝東路四段２１６巷３１號
FamilyMart 全家頂好店,02-8773-7075,台北市,大安區,忠孝東路四段７５號１樓
FamilyMart 全家政大金華店,02-3343-2441,台北市,大安區,金華街１８７號１樓南側部分空間
FamilyMart 全家台興店,02-2732-4804,台北市,大安區,長興街５０號
FamilyMart 全家金信店,02-2358-7145,台北市,大安區,信義路二段１０４號１樓
FamilyMart 全家信美店,02-2754-4328,台北市,大安區,臺北市大安區信義路三段１３４巷２號壹樓＋地下室
FamilyMart 全家義興店,02-2704-8404,台北市,大安區,信義路４段１之１０．１之１１號
FamilyMart 全家義安店,02-2701-5844,台北市,大安區,信義路四段８８號（部分）
FamilyMart 全家義和店,02-2704-7661,台北市,大安區,信義路四段２６５巷８號
FamilyMart 全家北科店,02-2776-2695,台北市,大安區,建國南路一段８１號
FamilyMart 全家建南店,02-2731-8185,台北市,大安區,建國南路１段１５６，１５８號
FamilyMart 全家建國店,02-2754-0801,台北市,大安區,建國南路二段１５１巷３８號１樓
FamilyMart 全家師大店,02-2391-8196,台北市,大安區,師大路７９號
FamilyMart 全家泰順店,02-2363-4365,台北市,大安區,泰順街２０號１樓（部分範圍）
FamilyMart 全家台科店,02-2738-4936,台北市,大安區,基隆路４段４３號地下一樓第三餐廳
FamilyMart 全家通和店,02-2733-1503,台北市,大安區,通安街７７號
FamilyMart 全家復豪店,02-2709-8606,台北市,大安區,復興南路一段３６２號
FamilyMart 全家興忠店,02-2741-9504,台北市,大安區,復興南路一段２００號
FamilyMart 全家興仁店,02-8773-2350,台北市,大安區,復興南路一段２１７號
FamilyMart 全家懷生店,02-2776-3718,台北市,大安區,復興南路１段７０號
FamilyMart 全家復豐店,02-2755-5927,台北市,大安區,復興南路１段２５７號１樓
FamilyMart 全家興和店,02-2784-5780,台北市,大安區,復興南路二段１５３號
FamilyMart 全家興南店,02-2755-2227,台北市,大安區,復興南路二段８號及１０號
FamilyMart 全家新敦民店,02-2711-1320,台北市,大安區,臺北市大安區敦化南路一段１６１巷７號
FamilyMart 全家忠孝店,02-2778-0668,台北市,大安區,敦化南路一段１９０巷７號
FamilyMart 全家敦鼎店,02-2701-8593,台北市,大安區,敦化南路二段７７號１樓右側空間
FamilyMart 全家新遠企店,02-2732-3623,台北市,大安區,敦化南路二段２６１號
FamilyMart 全家新生南路店,02-2703-5220,台北市,大安區,新生南路一段１６３號
FamilyMart 全家新北科店,02-2771-2202,台北市,大安區,新生南路１段１號光華樓１樓部分空間
FamilyMart 全家大森店,02-2700-5349,台北市,大安區,新生南路一段１６５巷３５號
FamilyMart 全家台新店,02-2362-6210,台北市,大安區,新生南路三段８４之８號
FamilyMart 全家瑞和店,02-2704-9888,台北市,大安區,瑞安街１３５巷２８號１樓
FamilyMart 全家潮州店,02-2391-7239,台北市,大安區,潮州街８０號１樓
FamilyMart 全家濟南二店,02-8773-4589,台北市,大安區,濟南路３段７號
FamilyMart 全家臨江店,02-2732-2438,台北市,大安區,臨江街２巷２號
FamilyMart 全家古亭店,02-2367-3372,台北市,大安區,羅斯福路２段１０３號
FamilyMart 全家羅中店,02-2392-4175,台北市,大安區,羅斯福路二段１７號１Ｆ
FamilyMart 全家羅騰店,02-2365-1801,台北市,大安區,羅斯福路三段２６９巷２號
FamilyMart 全家台福店,02-8369-1892,台北市,大安區,羅斯福路四段１號腳踏車部部份空間
FamilyMart 全家台大楓林店,02-2367-5017,台北市,大安區,羅斯福路四段１號（女九餐廳）
FamilyMart 全家台一宿舍店,02-2367-2617,台北市,大安區,羅斯福路４段１號台大大一女北側餐廳
FamilyMart 全家台大二活店,02-2366-1941,台北市,大安區,羅斯福路四段８５號（第二學生活動中心）
FamilyMart 全家民和店,02-2303-9216,台北市,萬華區,民和街９號１樓
FamilyMart 全家鑫都店,02-2388-5903,台北市,萬華區,成都路７１號１樓
FamilyMart 全家昌林店,02-2302-8932,台北市,萬華區,西昌街１７０號１樓
FamilyMart 全家萬園店,02-2304-0410,台北市,萬華區,西園路一段１５９號壹樓
FamilyMart 全家金園店,02-2308-3402,台北市,萬華區,臺北市萬華區西園路二段１４０巷４２號
FamilyMart 全家萬年店,02-2388-3343,台北市,萬華區,西寧南路１５５號１樓
FamilyMart 全家西寧南路店,02-2546-9055,台北市,萬華區,西寧南路３１－１號
FamilyMart 全家和西店,02-2308-0749,台北市,萬華區,愛鄉里和平西路三段２９０之５號、２９０
FamilyMart 全家昆明店,02-2370-5910,台北市,萬華區,昆明街１８６號１樓
FamilyMart 全家成都店,02-2375-8507,台北市,萬華區,昆明街１３４號；成都路８６號
FamilyMart 全家廣明店,02-2311-5442,台北市,萬華區,昆明街１７３號１樓
FamilyMart 全家東園店,02-2332-7420,台北市,萬華區,東園街６９號
FamilyMart 全家萬東店,02-2307-7891,台北市,萬華區,東園街１７４號１樓
FamilyMart 全家鑫吉利店,02-2337-8557,台北市,萬華區,東園街２８巷３４號
FamilyMart 全家長泰店,02-2303-4841,台北市,萬華區,壽德里長泰街２號２之１號一樓
FamilyMart 全家公園店,02-2305-1904,台北市,萬華區,青年路４８號
FamilyMart 全家日祥店,02-2333-1039,台北市,萬華區,青年路１５４號、１６８巷２弄１４號１樓
FamilyMart 全家新青年店,02-2333-1983,台北市,萬華區,臺北市萬華區青年路６號
FamilyMart 全家新峨嵋店,02-2371-1411,台北市,萬華區,峨眉街８２號１樓
FamilyMart 全家萬國店,02-2389-4642,台北市,萬華區,峨眉街２１號１樓
FamilyMart 全家桂林店,02-2331-8161,台北市,萬華區,桂林路２３號１樓
FamilyMart 全家康定店,02-2389-9260,台北市,萬華區,康定路７３號
FamilyMart 全家康陽店,02-2381-2716,台北市,萬華區,康定路９９號
FamilyMart 全家康勝店,02-2382-1077,台北市,萬華區,康定路６０號１樓
FamilyMart 全家萬華車站店,02-2304-0630,台北市,萬華區,臺北市萬華區康定路３８２號
FamilyMart 全家康華店,02-2302-7338,台北市,萬華區,康定路２２９號１樓
FamilyMart 全家新富民店,02-2307-0071,台北市,萬華區,富民路９１巷８號１樓
FamilyMart 全家貴陽店,02-2389-1854,台北市,萬華區,貴陽街二段１８２號，１８４號
FamilyMart 全家新武成店,02-2332-6103,台北市,萬華區,萬大路４８６巷５９弄１號１樓
FamilyMart 全家萬大店,02-2304-0610,台北市,萬華區,萬大路６４號１樓
FamilyMart 全家萬明店,02-2311-9635,台北市,萬華區,漢口街二段６７之２號１樓
FamilyMart 全家萬中店,02-2388-7636,台北市,萬華區,漢口街二段２２號
FamilyMart 全家漢中店,02-2314-1275,台北市,萬華區,漢中街１３９號１樓
FamilyMart 全家龍廣店,02-2302-6434,台北市,萬華區,廣州街２０３號１．２樓
FamilyMart 全家新廣州店,02-2302-7354,台北市,萬華區,廣州街２３５－１號
FamilyMart 全家園寶店,02-2303-5528,台北市,萬華區,興義街５１號１樓
FamilyMart 全家環河店,02-2308-5327,台北市,萬華區,環河南路二段２５０巷４４號１樓
FamilyMart 全家綠堤店,02-2304-1210,台北市,萬華區,環河南路二段１７３號
FamilyMart 全家環南店,02-2302-6891,台北市,萬華區,環河南路二段２９８號
FamilyMart 全家寶元店,02-2309-9925,台北市,萬華區,寶興街４０號
FamilyMart 全家寶興店,02-2301-3308,台北市,萬華區,寶興街７８號
FamilyMart 全家大道店,02-2727-6692,台北市,信義區,大道路７９號１樓
FamilyMart 全家信吉店,02-2786-6062,台北市,信義區,中坡北路２５號
FamilyMart 全家協和店,02-2759-0819,台北市,信義區,中坡南路３８號１Ｆ
FamilyMart 全家新中坡店,02-2727-0460,台北市,信義區,中坡南路２２９號
FamilyMart 全家台北１０１店,02-8101-7976,台北市,信義區,市府路４５號Ｂ１（商場編號５３）
FamilyMart 全家厚雅店,02-2765-9814,台北市,信義區,永吉路３０巷１１８號１樓
FamilyMart 全家永吉二店,02-2749-1648,台北市,信義區,永吉路２２３號
FamilyMart 全家光復南路店,02-2729-4291,台北市,信義區,光復南路４４７之２號
FamilyMart 全家復昌店,02-2345-9489,台北市,信義區,光復南路５０５號、５０７號及文昌街３２
FamilyMart 全家松創店,02-2749-5690,台北市,信義區,光復南路１３３號（一號變電站庫房）
FamilyMart 全家富興店,02-2732-6104,台北市,信義區,吳興街１５６巷１６弄１號１樓
FamilyMart 全家挹翠店,02-2547-5096,台北市,信義區,吳興街６００巷５６號
FamilyMart 全家盛興店,02-2720-1400,台北市,信義區,吳興街３３４號
FamilyMart 全家北醫店,02-2722-9824,台北市,信義區,吳興街２６３號
FamilyMart 全家三興店,02-2723-2796,台北市,信義區,吳興街７號
FamilyMart 全家六張黎店,02-2733-8739,台北市,信義區,和平東路三段３８７號
FamilyMart 全家忠信店,02-2742-2963,台北市,信義區,忠孝東路五段４２５號１樓及地下室
FamilyMart 全家忠美店,02-2727-4597,台北市,信義區,忠孝東路五段４９８號１樓及地下１樓
FamilyMart 全家新忠隆店,02-2749-3532,台北市,信義區,忠孝東路五段７１巷８號壹樓
FamilyMart 全家松安店,02-8768-3628,台北市,信義區,忠孝東路五段４６５號１樓
FamilyMart 全家國館捷運站店,02-2749-1993,台北市,信義區,臺北市信義區忠孝東路４段４００號Ｂ１
FamilyMart 全家大巨蛋店,02-2756-3813,台北市,信義區,忠孝東路四段５１５號Ｂ１樓Ｃ－Ｂ１０２
FamilyMart 全家大巨蛋２店,02-2756-3663,台北市,信義區,忠孝東路四段５１５號Ｂ２樓Ｃ－Ｂ２１２
FamilyMart 全家聯合店,02-2768-5432,台北市,信義區,忠孝東路四段５５３巷６弄１７號１樓
FamilyMart 全家松盛店,02-2760-6140,台北市,信義區,松山路１５３號
FamilyMart 全家松傑店,02-2765-6379,台北市,信義區,松山路１１號地下１樓
FamilyMart 全家松山車站店,02-2747-1585,台北市,信義區,松山路１１號
FamilyMart 全家南山廣場店,02-2758-5233,台北市,信義區,松仁路１００號６樓之１
FamilyMart 全家新安興店,02-2720-4938,台北市,信義區,松仁路２４０巷２號
FamilyMart 全家永孝店,02-2767-8185,台北市,信義區,松信路１４５號
FamilyMart 全家建鑫店,02-2723-3205,台北市,信義區,松壽路２４號
FamilyMart 全家新信德店,02-2346-5799,台北市,信義區,松德路２８３號
FamilyMart 全家信安店,02-8789-5039,台北市,信義區,松德路２００巷１３號１樓
FamilyMart 全家新松林店,02-2749-3109,台北市,信義區,虎林街６１－４號
FamilyMart 全家欣富台店,02-2749-1525,台北市,信義區,虎林街１２０巷１６５號
FamilyMart 全家忠林店,02-8789-1305,台北市,信義區,虎林街１６６號１樓及地下室
FamilyMart 全家永林店,02-2747-0209,台北市,信義區,虎林街８２巷２３號
FamilyMart 全家海華店,02-8789-0667,台北市,信義區,虎林街１３２巷８１號１樓
FamilyMart 全家祥和店,02-2729-1793,台北市,信義區,信義路五段１５０巷４０１弄３１號
FamilyMart 全家松仁店,02-2723-7309,台北市,信義區,信義路５段１５０巷２２１號
FamilyMart 全家松友店,02-2346-0402,台北市,信義區,信義路六段７８號
FamilyMart 全家新貿店,02-8780-2293,台北市,信義區,臺北市信義區信義路四段４０７號壹樓
FamilyMart 全家永隆店,02-2767-8120,台北市,信義區,基隆路１段１４７巷７號
FamilyMart 全家財盛店,02-2713-0655,台北市,信義區,基隆路二段１１３之２號
FamilyMart 全家崇德店,02-2733-3493,台北市,信義區,崇德街２９號
FamilyMart 全家莊新店,02-2758-1883,台北市,信義區,莊敬路３０７號
FamilyMart 全家莊敬店,02-2720-1156,台北市,信義區,莊敬路３７４號
FamilyMart 全家景聯店,02-8786-1164,台北市,信義區,莊敬路１９０號１樓及地下室
FamilyMart 全家逸鑫店,02-2720-6664,台北市,信義區,逸仙路４２巷２３號
FamilyMart 全家廣慈店,02-2759-9373,台北市,信義區,福德街８４巷３２號１樓
FamilyMart 全家芝玉店,02-2834-3943,台北市,士林區,士東路２６６巷５弄１６號
FamilyMart 全家新士誠店,02-2831-4357,台北市,士林區,士東路８６號壹樓
FamilyMart 全家大東店,02-2883-4125,台北市,士林區,大東路６３號１樓
FamilyMart 全家新天地店,02-2881-1327,台北市,士林區,大南路３４６號１樓
FamilyMart 全家大南店,02-2883-3976,台北市,士林區,大南路５２號
FamilyMart 全家華港店,02-2881-0722,台北市,士林區,大南路２３１號
FamilyMart 全家金天玉店,02-2872-4513,台北市,士林區,中山北路七段８１巷８號１樓
FamilyMart 全家士林店,02-2834-8066,台北市,士林區,中山北路５段６９７號
FamilyMart 全家榮富店,02-2876-8631,台北市,士林區,中山北路六段７２６號北側
FamilyMart 全家天強店,02-2831-7990,台北市,士林區,中山北路六段２３８號壹樓
FamilyMart 全家仰德大樓店,02-2838-3850,台北市,士林區,中山北路六段８８號地下室
FamilyMart 全家士商店,02-2883-8435,台北市,士林區,中正路５０３號
FamilyMart 全家福林店,02-8861-1682,台北市,士林區,福林里中正路２３３號，２３３之１號
FamilyMart 全家新磺溪店,02-2876-7673,台北市,士林區,天母西路４０－２號１樓
FamilyMart 全家天山店,02-2876-9215,台北市,士林區,天母東路６９巷１１之９號１樓
FamilyMart 全家天成店,02-2874-7141,台北市,士林區,天福里天母東路３６號之５，之６
FamilyMart 全家新光醫院店,02-2831-3525,台北市,士林區,文昌路９５號地下三層
FamilyMart 全家文鑫店,02-2881-6801,台北市,士林區,文林路２０５號１樓及地下室
FamilyMart 全家大北店,02-2881-9255,台北市,士林區,臺北市士林區文林路３２０號
FamilyMart 全家中影店,02-2883-9581,台北市,士林區,至善路二段３４號
FamilyMart 全家至善店,02-2841-4153,台北市,士林區,臨溪里至善路二段２６８號一樓
FamilyMart 全家和豐店,02-2881-3084,台北市,士林區,福華里和豐街２號一樓
FamilyMart 全家社子島店,02-2810-5039,台北市,士林區,延平北路八段１０５號１樓
FamilyMart 全家新延店,02-2811-3485,台北市,士林區,延平北路五段２１７號１樓
FamilyMart 全家葫蘆店,02-8811-4965,台北市,士林區,延平北路五段２８３之１號
FamilyMart 全家新天和店,02-2872-3753,台北市,士林區,忠誠路二段１６８號１樓
FamilyMart 全家新蘭雅店,02-2831-4977,台北市,士林區,忠誠路二段５２號壹樓及地下室部份
FamilyMart 全家誠德店,02-2834-4780,台北市,士林區,忠誠路二段５號１樓
FamilyMart 全家永新店,02-2811-3436,台北市,士林區,社子街２７號
FamilyMart 全家社中店,02-2813-2673,台北市,士林區,社中街３８６號
FamilyMart 全家鑫社店,02-2811-2859,台北市,士林區,社中街２８０號１樓及２樓
FamilyMart 全家社正店,02-8811-5530,台北市,士林區,社正路２６號１樓
FamilyMart 全家致昇店,02-2838-5392,台北市,士林區,雨聲街３６號１樓
FamilyMart 全家大港店,02-2883-2065,台北市,士林區,前港街３９號
FamilyMart 全家福港店,02-2880-4266,台北市,士林區,前港街１２６號
FamilyMart 全家天文店,02-2831-9102,台北市,士林區,美崙街１１８號
FamilyMart 全家新葫東店,02-2816-2923,台北市,士林區,重慶北路四段１８４號１樓
FamilyMart 全家新格致店,02-2862-3855,台北市,士林區,格致路５３號１樓
FamilyMart 全家基河店,02-2883-7080,台北市,士林區,基河路１２８號１樓
FamilyMart 全家通河店,02-2885-8507,台北市,士林區,通河街１４５號
FamilyMart 全家新文大店,02-2862-0079,台北市,士林區,華岡路５５號
FamilyMart 全家美崙店,02-2834-6427,台北市,士林區,華榮街９７號
FamilyMart 全家百齡店,02-2883-4606,台北市,士林區,福港街１５８－１號
FamilyMart 全家芝興店,02-2834-1775,台北市,士林區,德行西路８９號１樓
FamilyMart 全家新芝蘭店,02-2834-5602,台北市,士林區,德行東路２８２號１樓
FamilyMart 全家德忠店,02-2831-8420,台北市,士林區,德行東路１０９巷７５號壹樓
FamilyMart 全家德行店,02-2831-4191,台北市,士林區,德行東路１０９巷３號
FamilyMart 全家三合店,02-2894-6764,台北市,北投區,三合街一段１１６號１樓
FamilyMart 全家崇合店,02-2897-2076,台北市,北投區,清江里三合街二段４８７號１樓
FamilyMart 全家大同店,02-2891-9974,台北市,北投區,大業路４５２巷３１號
FamilyMart 全家大業店,02-2896-4457,台北市,北投區,大興街２２號
FamilyMart 全家甲桂林店,02-2872-5427,台北市,北投區,中山北路七段２１９巷３弄１７１號壹樓
FamilyMart 全家文化店,02-2897-6316,台北市,北投區,中央北路二段９７號１樓
FamilyMart 全家新復興崗店,02-2891-0617,台北市,北投區,中央北路三段４號１樓
FamilyMart 全家義忠店,02-2894-5003,台北市,北投區,中央北路四段２９８號
FamilyMart 全家中央南路店,02-2891-1712,台北市,北投區,中央南路２段１５號１樓
FamilyMart 全家新和店,02-2891-2821,台北市,北投區,中和街４８９號
FamilyMart 全家鑫復中店,02-2523-9913,台北市,北投區,中和街３２２號
FamilyMart 全家中永店,02-2894-9813,台北市,北投區,開明里中和街２５２號一樓
FamilyMart 全家溫泉店,02-2891-6112,台北市,北投區,公館路６１－１號１樓
FamilyMart 全家永興店,02-2894-7414,台北市,北投區,中庸里永興路一段１號、３號一樓
FamilyMart 全家榮光店,02-2821-7765,台北市,北投區,石牌路一段１６６巷９３號
FamilyMart 全家華勝店,02-2821-7248,台北市,北投區,石牌路２段８８之１號１樓
FamilyMart 全家東榮店,02-2874-2808,台北市,北投區,石牌路二段２０１號（長青樓大樓）
FamilyMart 全家關渡慈濟店,02-2382-0683,台北市,北投區,立德路８號（二樓部分）
FamilyMart 全家光明店,02-2896-6631,台北市,北投區,光明路２３號，２５號
FamilyMart 全家北投店,02-2894-1595,台北市,北投區,光明路２１８之１號
FamilyMart 全家新自強店,02-2821-2852,台北市,北投區,自強街１１６號１樓
FamilyMart 全家東陽店,02-2821-2319,台北市,北投區,西安街一段２８３號
FamilyMart 全家華儷店,02-2926-6847,台北市,北投區,西安街二段２０３號１樓
FamilyMart 全家唭哩店,02-2821-9568,台北市,北投區,臺北市北投區西安街二段２８３號
FamilyMart 全家立賢店,02-2820-2721,台北市,北投區,立賢里承德路七段２９０號
FamilyMart 全家明德店,02-2823-9507,台北市,北投區,石牌里明德路９３號
FamilyMart 全家北護店,02-2821-2508,台北市,北投區,明德路３６５號教學研究大樓一樓
FamilyMart 全家東華店,02-2823-2256,台北市,北投區,東華街二段８８號
FamilyMart 全家新知行店,02-2858-6738,台北市,北投區,臺北市北投區知行路２３７號
FamilyMart 全家行勝店,02-2858-6707,台北市,北投區,知行路２９８號１樓
FamilyMart 全家振華店,02-2823-2410,台北市,北投區,振華街２號
FamilyMart 全家清江店,02-2897-0433,台北市,北投區,中央里清江路１號，中央南路一段６３號
FamilyMart 全家尊賢店,02-2827-1417,台北市,北投區,尊賢街２６０號１Ｆ
FamilyMart 全家新實店,02-2823-6547,台北市,北投區,臺北市北投區實踐街５１號１樓
FamilyMart 全家富貴店,02-2823-7199,台北市,北投區,榮華三路３之１號１樓
FamilyMart 全家榮岩店,02-2897-8095,台北市,北投區,磺港路２６１號１樓
FamilyMart 全家麗山店,02-2627-9495,台北市,內湖區,內湖路一段７３７巷４９號
FamilyMart 全家湖安店,02-2659-1427,台北市,內湖區,內湖路一段２８５巷１９號１樓
FamilyMart 全家碧湖店,02-2627-7149,台北市,內湖區,內湖路一段５９３號一樓及地下室
FamilyMart 全家陽湖店,02-2627-7102,台北市,內湖區,內湖路一段９１巷４號１樓
FamilyMart 全家湖濱店,02-2659-3051,台北市,內湖區,臺北市內湖區內湖路二段１０３巷１０４號
FamilyMart 全家文湖店,02-2797-3433,台北市,內湖區,文湖街５９號
FamilyMart 全家湖茂店,02-2797-8682,台北市,內湖區,文湖街２１巷７號１樓
FamilyMart 全家德陽店,02-2798-7160,台北市,內湖區,臺北市內湖區文德路２２巷２５號
FamilyMart 全家紫陽店,02-8751-9703,台北市,內湖區,文德路２１２號
FamilyMart 全家瑞陽店,02-2659-7471,台北市,內湖區,文德路９０巷４９號
FamilyMart 全家民善店,02-8792-2468,台北市,內湖區,民善街１號１樓
FamilyMart 全家三民店,02-2794-2827,台北市,內湖區,民權東路六段９０巷１號
FamilyMart 全家內華店,02-2791-1354,台北市,內湖區,民權東路六段１６２號
FamilyMart 全家湖洲店,02-2630-8735,台北市,內湖區,民權東路六段２９６巷７０號１樓
FamilyMart 全家金莊店,02-2794-1829,台北市,內湖區,石潭路６７號１樓
FamilyMart 全家東安店,02-2634-5521,台北市,內湖區,安康路４８０號
FamilyMart 全家新內湖店,02-2794-8239,台北市,內湖區,臺北市內湖區成功路２段４２０號
FamilyMart 全家湖興店,02-8792-6469,台北市,內湖區,成功路二段３２０巷２８號１樓
FamilyMart 全家興三總店,02-8791-7684,台北市,內湖區,成功路二段３２５號Ｂ１Ｆ
FamilyMart 全家達成店,02-8792-9553,台北市,內湖區,成功路三段１７４巷１８號一樓
FamilyMart 全家湖捷店,02-2794-6716,台北市,內湖區,成功路四段１７８號１樓
FamilyMart 全家德湖店,02-8792-3344,台北市,內湖區,成功路四段６２號１樓及Ｂ１
FamilyMart 全家行善公宅店,02-8792-6725,台北市,內湖區,行善路２６２號１樓
FamilyMart 全家行善店,02-2796-7192,台北市,內湖區,臺北市內湖區行善路２８９號
FamilyMart 全家新東湖店,02-2631-7679,台北市,內湖區,臺北市內湖區東湖路４３巷４號
FamilyMart 全家明美店,02-2794-1977,台北市,內湖區,金莊路８６號１樓
FamilyMart 全家金瑞店,02-2793-4276,台北市,內湖區,臺北市內湖區金龍路２２４號
FamilyMart 全家台塑店,02-2794-0810,台北市,內湖區,南京東路六段３７０號
FamilyMart 全家星湖店,02-2790-6271,台北市,內湖區,星雲街１６１巷１號
FamilyMart 全家內科店,02-8751-1523,台北市,內湖區,洲子街６１號１樓（部份）
FamilyMart 全家紫新店,02-2794-0091,台北市,內湖區,康寧路ㄧ段３７號ㄧ樓
FamilyMart 全家康雲店,02-2794-0805,台北市,內湖區,康寧路一段１１６號及地下室
FamilyMart 全家護校店,02-2634-2271,台北市,內湖區,康寧路三段７５巷１３７號
FamilyMart 全家東茂店,02-2631-7208,台北市,內湖區,康寧路三段１８９巷１２號１樓
FamilyMart 全家湖東店,02-2631-6023,台北市,內湖區,康樂街１１０巷１５號
FamilyMart 全家康福店,02-2633-9860,台北市,內湖區,康樂街８７號
FamilyMart 全家新瑞店,02-2659-2842,台北市,內湖區,堤頂大道２段４０７巷２６號一樓
FamilyMart 全家精英店,02-2657-9148,台北市,內湖區,堤頂大道二段２４１號壹樓
FamilyMart 全家港華店,02-8797-5015,台北市,內湖區,港華街４０號１樓
FamilyMart 全家陽盛店,02-2657-9844,台北市,內湖區,陽光街３５３號１樓
FamilyMart 全家行美店,02-2794-5755,台北市,內湖區,新明路３７６號
FamilyMart 全家新盛店,02-2794-3751,台北市,內湖區,新明路１６０號壹樓
FamilyMart 全家新湖店,02-2793-7065,台北市,內湖區,新湖二路２５０巷８號１樓
FamilyMart 全家瑞光店,02-8751-4993,台北市,內湖區,瑞光路５１０號１樓
FamilyMart 全家瑞湖店,02-8752-4016,台北市,內湖區,港墘里瑞光路５１３巷３９號１樓
FamilyMart 全家瑞興店,02-2659-1468,台北市,內湖區,瑞光路３０３號
FamilyMart 全家瑞豐店,02-8751-4934,台北市,內湖區,瑞光路２２０號
FamilyMart 全家瑞盛店,02-8792-6581,台北市,內湖區,瑞光路６６巷４０號
FamilyMart 全家瑞亞店,02-2657-3023,台北市,內湖區,瑞光路３０２號１樓
FamilyMart 全家瑞智店,02-8751-8611,台北市,內湖區,瑞光路４３３號１樓
FamilyMart 全家陽鑫店,02-2659-3732,台北市,內湖區,瑞湖街８０號１樓Ｒ３、Ｒ４
FamilyMart 全家新環山店,02-2883-9401,台北市,內湖區,環山路一段７號１樓
FamilyMart 全家新德明店,02-2799-6853,台北市,內湖區,臺北市內湖區環山路一段１１０號
FamilyMart 全家堤頂店,02-8798-9969,台北市,內湖區,舊宗路二段２０７號１樓（部份）
FamilyMart 全家湖山店,02-2657-2616,台北市,內湖區,麗山街３４８巷１０弄２號
FamilyMart 全家德民店,02-2653-6783,台北市,南港區,八德路四段７６８巷９號１樓
FamilyMart 全家工業三店,02-2783-3949,台北市,南港區,三重路６６之２號１樓
FamilyMart 全家工業一店,02-2655-0313,台北市,南港區,三重路１９－７號內之一部份
FamilyMart 全家宏展店,02-2653-9324,台北市,南港區,三重路６６號１樓
FamilyMart 全家新成鑫店,02-2785-3529,台北市,南港區,玉成街１７６巷１號
FamilyMart 全家港運店,02-2785-7667,台北市,南港區,玉成街５２巷２弄７號一樓
FamilyMart 全家小彎公宅店,02-2783-6507,台北市,南港區,向陽路２５６號１樓
FamilyMart 全家南港生技店,02-2653-4024,台北市,南港區,忠孝東路七段５０８之７號１樓
FamilyMart 全家港忠店,02-2651-1449,台北市,南港區,忠孝東路七段６３５號１樓
FamilyMart 全家南港車站店,02-2783-7703,台北市,南港區,忠孝東路七段３７１號Ｂ２
FamilyMart 全家新昆陽店,02-2788-3495,台北市,南港區,昆陽街１４５號
FamilyMart 全家南港公宅店,02-2654-6142,台北市,南港區,南港路二段３８巷６之２號
FamilyMart 全家港成店,02-2654-8729,台北市,南港區,南港路三段２號
FamilyMart 全家中研店,02-2783-9381,台北市,南港區,研究院路二段１２巷５５號１樓
FamilyMart 全家研究院店,02-2651-5140,台北市,南港區,研究院路２段７０巷１號
FamilyMart 全家重陽店,02-2789-3918,台北市,南港區,重陽路１８３、１８５號１樓
FamilyMart 全家向陽店,02-2788-7390,台北市,南港區,東新里重陽路１６號一樓
FamilyMart 全家富康店,02-2782-1423,台北市,南港區,富康街８６號１Ｆ
FamilyMart 全家工業二店,02-2655-8763,台北市,南港區,園區街３號２樓之７
FamilyMart 全家台肥大樓店,02-2651-8043,台北市,南港區,經貿一路１７０號２樓之６
FamilyMart 全家京石店,02-2783-1176,台北市,南港區,經貿二路２３５巷３８號１樓
FamilyMart 全家大聯大店,02-2651-0364,台北市,南港區,經貿二路１９１號一樓
FamilyMart 全家港福店,02-2654-3532,台北市,南港區,福德街３７３巷６３號１樓
FamilyMart 全家中視店,02-2786-4176,台北市,南港區,興南街３９號１樓
FamilyMart 全家興華店,02-2783-4076,台北市,南港區,興華路８６號
FamilyMart 全家國興店,02-2783-2665,台北市,南港區,舊莊街一段３巷３弄２號
FamilyMart 全家新莊研店,02-2785-3487,台北市,南港區,舊莊街一段１６９號
FamilyMart 全家胡適店,02-2788-8455,台北市,南港區,舊莊街一段３巷１６號
FamilyMart 全家舊莊店,02-2654-8106,台北市,南港區,舊莊街一段８８號一樓
FamilyMart 全家試院店,02-2236-9520,台北市,文山區,木柵路一段９１號９３號一樓
FamilyMart 全家木興店,02-2234-8419,台北市,文山區,木柵路２段５２號
FamilyMart 全家明興店,02-8661-8412,台北市,文山區,木柵路２段１０９巷２５弄２號．２－１號
FamilyMart 全家木柵路店,02-2936-2952,台北市,文山區,木柵路三段１４８號１５０號
FamilyMart 全家欣榮店,02-2234-3591,台北市,文山區,木新路三段９３號
FamilyMart 全家鑫木新店,02-2938-8551,台北市,文山區,木新路三段３４３號１樓
FamilyMart 全家仙岩店,02-8663-1305,台北市,文山區,仙岩路２號
FamilyMart 全家師美店,02-2932-2856,台北市,文山區,汀州路４段７７號
FamilyMart 全家順輝店,02-2938-8216,台北市,文山區,光輝路７號
FamilyMart 全家興昌店,02-2935-7810,台北市,文山區,辛亥路４段１０１巷１號
FamilyMart 全家名門店,02-2230-1700,台北市,文山區,臺北市文山區和平東路四段９５、９７號１樓
FamilyMart 全家大順店,02-2234-4799,台北市,文山區,忠順街一段１３１號
FamilyMart 全家鑫順店,02-2937-0174,台北市,文山區,忠順街二段１６號、１８號
FamilyMart 全家保儀店,02-2937-1061,台北市,文山區,保儀路７８號、８０號
FamilyMart 全家恆光店,02-2937-5738,台北市,文山區,恆光街２１號１樓
FamilyMart 全家興政店,02-8661-9335,台北市,文山區,指南路二段８３號壹＋貳樓
FamilyMart 全家政富店,02-8661-3075,台北市,文山區,指南路二段１４５號１樓
FamilyMart 全家指南店,02-2937-6465,台北市,文山區,指南路三段５１號１樓及２樓
FamilyMart 全家景中店,02-2933-4768,台北市,文山區,景中街５號，七號一樓
FamilyMart 全家景文店,02-2930-3305,台北市,文山區,景文街８３號
FamilyMart 全家景後店,02-2934-2042,台北市,文山區,景後街９５號
FamilyMart 全家新文華店,02-8663-3877,台北市,文山區,景華街３巷２號１樓及Ｂ１
FamilyMart 全家華德店,02-2935-6335,台北市,文山區,景華街７５號
FamilyMart 全家景富店,02-8931-3890,台北市,文山區,景福街２５號
FamilyMart 全家萬慶店,02-8663-1281,台北市,文山區,景福街２３０巷１號一樓
FamilyMart 全家世景店,02-8663-2846,台北市,文山區,景興路２８２巷２號壹樓
FamilyMart 全家興萬店,02-8230-1508,台北市,文山區,萬安街２９號一樓
FamilyMart 全家新福興店,02-2930-1491,台北市,文山區,臺北市文山區福興路６５號
FamilyMart 全家萬興店,02-2930-4220,台北市,文山區,臺北市文山區興隆路一段５５巷２７弄１－４號
FamilyMart 全家景興店,02-2930-4049,台北市,文山區,興隆路一段２４９號１樓
FamilyMart 全家興園店,02-2933-4696,台北市,文山區,興業里興隆路二段２２０巷３３號
FamilyMart 全家興業店,02-8663-5963,台北市,文山區,興隆路二段２７９號
FamilyMart 全家靜興店,02-2935-6712,台北市,文山區,興隆路二段７５號壹樓
FamilyMart 全家中科大店,02-2933-3950,台北市,文山區,興隆路三段３６巷９弄１０號
FamilyMart 全家再興店,02-2230-2780,台北市,文山區,興隆路３段２０７巷１１弄２號
FamilyMart 全家萬芳店,02-2934-8650,台北市,文山區,興隆路三段１１２巷２弄１號１樓
FamilyMart 全家文山公宅店,02-8661-9874,台北市,文山區,興隆路四段１０５巷４２號木柵大樓１樓
FamilyMart 全家興崙店,02-2939-7480,台北市,文山區,興隆路四段５０之１號
FamilyMart 全家萬和店,02-8663-6168,台北市,文山區,羅斯福路五段２１８巷３８弄２號１樓
FamilyMart 全家萬福店,02-2931-5696,台北市,文山區,羅斯福路五段２６９巷１１號
FamilyMart 全家羅和店,02-2935-2655,台北市,文山區,羅斯福路六段１４６－１號
FamilyMart 全家景和店,02-8931-9847,台北市,文山區,羅斯福路六段２７４號
FamilyMart 全家基隆車站店,02-2425-9160,基隆市,仁愛區,中山一路１６之１號
FamilyMart 全家基隆鑫仁二店,02-2425-9022,基隆市,仁愛區,仁二路１９８號壹樓及地下室
FamilyMart 全家基隆仁三店,02-2428-6905,基隆市,仁愛區,仁三路５９號壹樓
FamilyMart 全家基隆廟口店,02-2428-9166,基隆市,仁愛區,仁德里仁三路３３號一樓
FamilyMart 全家基隆仁四店,02-2426-5932,基隆市,仁愛區,仁四路５２號１樓
FamilyMart 全家基隆鑫忠孝店,02-2428-7939,基隆市,仁愛區,孝三路５４號壹樓
FamilyMart 全家基隆新站前店,02-2427-3646,基隆市,仁愛區,忠一路１９號
FamilyMart 全家基隆鑫忠二店,02-2425-9100,基隆市,仁愛區,忠二路１５號壹樓
FamilyMart 全家基隆仁愛店,02-2425-9270,基隆市,仁愛區,愛四路５６號１樓及夾層
FamilyMart 全家基隆精一店,02-2424-9183,基隆市,仁愛區,精一路４１號１樓
FamilyMart 全家基隆劉銘傳店,02-2425-9272,基隆市,仁愛區,劉銘傳路１５號壹樓
FamilyMart 全家基隆新正信店,02-2466-5413,基隆市,信義區,正信路１８１號
FamilyMart 全家基隆東信店,02-2466-9537,基隆市,信義區,東信路５號
FamilyMart 全家基隆信一店,02-2424-1255,基隆市,信義區,信一路１４８號
FamilyMart 全家基隆信義店,02-2425-5383,基隆市,信義區,信二路２３６－２號
FamilyMart 全家基隆深美店,02-2468-5554,基隆市,信義區,教忠街１０８號壹樓
FamilyMart 全家基隆新深溪店,02-2466-4970,基隆市,信義區,深溪路５９號
FamilyMart 全家基隆新澳坑店,02-2468-3722,基隆市,信義區,深澳坑路１０７號
FamilyMart 全家基隆新祥豐店,02-2462-7260,基隆市,中正區,中正路６２３號壹樓
FamilyMart 全家基隆正港店,02-2463-6316,基隆市,中正區,中正路６４４號
FamilyMart 全家基隆鑫港店,02-2427-5332,基隆市,中正區,中正路１８號壹樓
FamilyMart 全家基隆新中船店,02-2424-5729,基隆市,中正區,中船路８２號
FamilyMart 全家基隆富港店,02-2469-9625,基隆市,中正區,北寧路２５０－８號１．２樓
FamilyMart 全家基隆海洋店,02-2463-6575,基隆市,中正區,北寧路２號
FamilyMart 全家基隆二信店,02-2463-4966,基隆市,中正區,立德路２４３號壹樓
FamilyMart 全家基隆新和一店,02-2463-5157,基隆市,中正區,和一路１１０號
FamilyMart 全家基隆欣豐店,02-2469-9472,基隆市,中正區,新豐街３８１號
FamilyMart 全家基隆新義二店,02-2426-7442,基隆市,中正區,義二路３４號
FamilyMart 全家基隆觀海店,02-2460-6545,基隆市,中正區,砂子里觀海街１３６號１３８號一樓
FamilyMart 全家基隆觀山店,02-2460-7005,基隆市,中正區,觀海街６１號
FamilyMart 全家基隆中山店,02-2428-5091,基隆市,中山區,中山二路５３號．５３－１號
FamilyMart 全家基隆囍旺店,02-2437-0189,基隆市,中山區,中和路８５巷１２號１、２樓
FamilyMart 全家基隆鑫大慶店,02-2437-1195,基隆市,中山區,中和路１６８巷２弄１７號
FamilyMart 全家基隆華復店,02-2428-2937,基隆市,中山區,通化里中華路２號復旦路１號３號一樓
FamilyMart 全家基隆樂華店,02-2428-5782,基隆市,中山區,西康里西定路４６７號１樓
FamilyMart 全家基隆經國店,02-2437-4320,基隆市,中山區,復興路３３６－１號
FamilyMart 全家基隆新復興店,02-2436-6769,基隆市,中山區,復興路２０４－１號
FamilyMart 全家基隆鑫橫濱店,02-2436-5148,基隆市,中山區,復興路２１７號
FamilyMart 全家基隆新安和店,02-2434-1775,基隆市,安樂區,安和一街１２４號
FamilyMart 全家基隆新樂強店,02-2425-4734,基隆市,安樂區,安樂路一段２０６號１樓
FamilyMart 全家基隆長庚店,02-2432-6001,基隆市,安樂區,安樂路二段１５７號
FamilyMart 全家基隆武勝店,02-2432-8788,基隆市,安樂區,武訓街７２號壹樓
FamilyMart 全家基隆武嶺店,02-2433-5573,基隆市,安樂區,武嶺街１８１－６號１樓
FamilyMart 全家基隆情人湖店,02-2432-6530,基隆市,安樂區,基金一路２０８巷２００號Ｂ１
FamilyMart 全家基隆新國揚店,02-3401-2842,基隆市,安樂區,基金一路１２１巷１４號
FamilyMart 全家基隆萬金店,02-2433-3875,基隆市,安樂區,基金一路１４６號之地下室
FamilyMart 全家基隆新崙店,02-2431-3410,基隆市,安樂區,基金一路２０８巷９２之６號一樓
FamilyMart 全家基隆基金店,02-2432-9658,基隆市,安樂區,基金三路１４５號
FamilyMart 全家基隆金城店,02-3401-2667,基隆市,安樂區,麥金路２３１－１號
FamilyMart 全家基隆長樂店,02-2433-1198,基隆市,安樂區,麥金路２２２號地下一樓（基隆長庚醫院）
FamilyMart 全家基隆鑫樂富店,02-2434-9184,基隆市,安樂區,樂利二街６２巷２２５號
FamilyMart 全家基隆龍騰店,02-2433-4303,基隆市,安樂區,樂利三街８巷１６號底四層
FamilyMart 全家基隆新樂群店,02-2433-7917,基隆市,安樂區,樂利三街１２８號
FamilyMart 全家基隆樂利店,02-2432-2426,基隆市,安樂區,樂利三街３２巷１２號
FamilyMart 全家八堵車站店,02-2456-7770,基隆市,暖暖區,八堵路１４２號
FamilyMart 全家基隆暖盛店,02-2458-4927,基隆市,暖暖區,暖暖街２２０號壹樓及夾層
FamilyMart 全家基隆暖東店,02-2458-2882,基隆市,暖暖區,暖暖街１６３號
FamilyMart 全家基隆暖鑫店,02-2458-6460,基隆市,暖暖區,暖暖街４６１號壹樓
FamilyMart 全家基隆暖錠店,02-2459-4800,基隆市,暖暖區,源遠路１８９號
FamilyMart 全家基隆瑞發店,02-2458-3547,基隆市,暖暖區,源遠路２７５－１１號
FamilyMart 全家基隆暖港店,02-2457-4786,基隆市,暖暖區,過港路２５４號
FamilyMart 全家基隆吉市店,02-2458-7239,基隆市,暖暖區,碇內街１８８－９號壹樓及夾層
FamilyMart 全家七堵工明店,02-2451-9520,基隆市,七堵區,工建路１－１５號壹樓
FamilyMart 全家七堵永富店,02-2455-8170,基隆市,七堵區,永平里永富路１２０號、崇智街４８號一樓
FamilyMart 全家七堵自治店,02-2455-4377,基隆市,七堵區,自治街６號
FamilyMart 全家七堵新明德店,02-2451-7467,基隆市,七堵區,明德二路１５－５３號
FamilyMart 全家七堵東新店,02-2767-8206,基隆市,七堵區,東新街６７號壹樓
FamilyMart 全家七堵長安店,02-2451-9266,基隆市,七堵區,長安街２１２巷２－４號一樓及地下室
FamilyMart 全家七堵大興店,02-2456-0059,基隆市,七堵區,南興路３０號１樓
FamilyMart 全家七堵泰安店,02-2451-9733,基隆市,七堵區,泰安路２３－１２號
FamilyMart 全家基隆百福店,02-2452-9098,基隆市,七堵區,百福里福二街２０４號１樓
FamilyMart 全家萬里頂社店,02-2408-1473,新北市,萬里區,大鵬里頂社１號
FamilyMart 全家萬里漁澳店,02,新北市,萬里區,龜吼村漁澳１６－６號
FamilyMart 全家野柳新港口店,02-2492-7310,新北市,萬里區,港東路６８號
FamilyMart 全家金山中山店,02-2408-1325,新北市,金山區,中山路２０５號
FamilyMart 全家金山金美店,02-2408-1821,新北市,金山區,中山路２５２號
FamilyMart 全家金山金中店,02-2408-1427,新北市,金山區,中山路１０１號
FamilyMart 全家金山陽金店,02-2425-6032,新北市,金山區,中正路１４９號加（後方停車場）
FamilyMart 全家板橋振興店,02-8961-2085,新北市,板橋區,三民路一段３１巷８９弄３號
FamilyMart 全家板橋富山店,02-8964-1541,新北市,板橋區,三民路一段９４號，９６號
FamilyMart 全家板橋長壽店,02-2957-2584,新北市,板橋區,三民路二段８３號
FamilyMart 全家板橋正隆店,02-2957-8305,新北市,板橋區,正泰里三民路二段正隆巷３４號一樓
FamilyMart 全家板橋樂福店,02-2963-6100,新北市,板橋區,三民路二段２１巷６號１樓
FamilyMart 全家板橋長民店,02-2955-8365,新北市,板橋區,三民路二段１５３巷１－３號１樓＆Ｂ１
FamilyMart 全家板橋天和店,02-2955-6108,新北市,板橋區,三民路二段１４０號１樓
FamilyMart 全家板橋居仁店,02-2959-6251,新北市,板橋區,三民路二段２４３號
FamilyMart 全家板橋大勇店,02-2272-0109,新北市,板橋區,大仁街３６號
FamilyMart 全家板橋大仁店,02-2966-0911,新北市,板橋區,大仁街１０８之１號
FamilyMart 全家板橋興安店,02-2967-2852,新北市,板橋區,大觀路二段３７巷３８號１樓
FamilyMart 全家板橋浮州店,02-2275-5855,新北市,板橋區,大觀路二段２６５巷１６號１樓
FamilyMart 全家板橋新光店,02-2955-0932,新北市,板橋區,中山路一段１４１－２號１樓
FamilyMart 全家板橋新府店,02-2951-0276,新北市,板橋區,中山路一段１６０－６號
FamilyMart 全家板橋興隆店,02-8951-0091,新北市,板橋區,中山路二段９０巷１０號
FamilyMart 全家板橋新光仁店,02-8953-9335,新北市,板橋區,中山路二段２５號１－５樓
FamilyMart 全家板橋光復店,02-2964-3847,新北市,板橋區,中山路二段５０３號１樓
FamilyMart 全家板橋大庭店,02-2967-0325,新北市,板橋區,中正路１９１號
FamilyMart 全家板橋瑞安店,02-2967-7282,新北市,板橋區,中正路３９５號１樓
FamilyMart 全家板橋美庭店,02-2960-7413,新北市,板橋區,中正路２１６巷２１號、２３號１樓
FamilyMart 全家板橋新花園店,02-2967-5960,新北市,板橋區,中正路１巷１２號
FamilyMart 全家板橋香社店,02-8965-8681,新北市,板橋區,中正路３２５巷２５號１樓
FamilyMart 全家板橋福德店,02-8969-7916,新北市,板橋區,中正路２５４號１樓
FamilyMart 全家板橋勝文店,02-8252-8693,新北市,板橋區,仁化街４６號及４６之１號１樓
FamilyMart 全家板橋文心店,02-2256-2587,新北市,板橋區,介壽街２０號１樓
FamilyMart 全家板橋傑仕堡店,02-2254-0391,新北市,板橋區,文化路一段１８８巷５７號１樓（配送用）
FamilyMart 全家板橋致科店,02-2256-9453,新北市,板橋區,文化路一段３１３號１樓
FamilyMart 全家板橋新埔店,02-2251-8500,新北市,板橋區,文化路一段４２１巷４號１樓
FamilyMart 全家板橋文化店,02-2254-4632,新北市,板橋區,文化路一段２８０號
FamilyMart 全家板橋新民店,02-2257-0742,新北市,板橋區,文化路一段１８８巷４２號１樓
FamilyMart 全家板橋龍江店,02-8253-5436,新北市,板橋區,文化路二段１８２巷３弄９１，９３號１樓
FamilyMart 全家板橋立都店,02-2255-9171,新北市,板橋區,文化路二段２５９號１樓
FamilyMart 全家板橋國翠店,02-8252-7477,新北市,板橋區,文化路二段３９６號
FamilyMart 全家板橋興盛店,02-8258-9625,新北市,板橋區,文聖街１６１號１樓
FamilyMart 全家板橋川府店,02-2951-1412,新北市,板橋區,四川路一段６５號１樓
FamilyMart 全家板橋新遠店,02-8953-9873,新北市,板橋區,四川路一段３７１號１樓
FamilyMart 全家板橋華德店,02-8967-6847,新北市,板橋區,四川路二段４７巷３弄４號１樓
FamilyMart 全家板橋板川店,02-8967-4495,新北市,板橋區,四川路二段２４５巷７號１樓
FamilyMart 全家板橋互維店,02-2258-6320,新北市,板橋區,四維路２９３號１樓
FamilyMart 全家板橋勝維店,02-8257-0329,新北市,板橋區,四維路３１８號１樓
FamilyMart 全家板橋宏翠店,02-8257-2973,新北市,板橋區,四維路１００號１樓
FamilyMart 全家板橋四維店,02-2254-2469,新北市,板橋區,四維路１８０號
FamilyMart 全家板橋廣榮店,02-2964-8983,新北市,板橋區,民生路一段３３號１樓之１
FamilyMart 全家板橋金典店,02-2964-2035,新北市,板橋區,民生路二段１６之１號１樓＆夾層
FamilyMart 全家板橋文興店,02-2257-9434,新北市,板橋區,民生路二段２３０號１樓
FamilyMart 全家板橋金巨蛋店,02-2257-3505,新北市,板橋區,民生路二段２５０號１樓及ｂ１
FamilyMart 全家板橋新金富店,02-8257-0768,新北市,板橋區,民生路三段８５號
FamilyMart 全家板橋懷治店,02-8252-9989,新北市,板橋區,民治街１１７號１樓
FamilyMart 全家板橋民族店,02-8951-0850,新北市,板橋區,民族路６１號
FamilyMart 全家板橋公館店,02-2967-1852,新北市,板橋區,民權路２０２巷７弄１號１樓
FamilyMart 全家板橋聯翠店,02-2255-9113,新北市,板橋區,光武街２２號壹樓
FamilyMart 全家板橋興宜宅店,02-2966-0189,新北市,板橋區,合宜路１７５號
FamilyMart 全家板橋祝山店,02-2255-4105,新北市,板橋區,吳鳳路２１巷２號１樓
FamilyMart 全家板橋和平店,02-2953-5609,新北市,板橋區,和平路１００號
FamilyMart 全家板橋大東店,02-8969-8004,新北市,板橋區,府中路１２７號１樓
FamilyMart 全家板橋板農店,02-2272-3346,新北市,板橋區,府中路２９—１號１樓
FamilyMart 全家板橋大隆店,02-2953-3231,新北市,板橋區,福星里忠孝路５０號一樓
FamilyMart 全家板橋中勝店,02-2272-4924,新北市,板橋區,林園街２號
FamilyMart 全家板橋板長店,02-2954-5602,新北市,板橋區,板新路９７＆９９號１樓
FamilyMart 全家板橋松翠店,02-2254-2581,新北市,板橋區,松江街２５號１樓
FamilyMart 全家板橋松柏店,02-8252-0901,新北市,板橋區,松柏街１３號
FamilyMart 全家板橋金鑽店,02-2675-0923,新北市,板橋區,成和里金門街２９號
FamilyMart 全家板橋公園店,02-2675-3572,新北市,板橋區,金門街２０６＆２０８號１樓
FamilyMart 全家板橋金成店,02-2685-5676,新北市,板橋區,金門街３１３號１樓
FamilyMart 全家板橋金園店,02-2683-7125,新北市,板橋區,金門街１２９號一樓
FamilyMart 全家板橋白金店,02-2685-5960,新北市,板橋區,金門街３６６號１樓
FamilyMart 全家板橋金市店,02-2675-7155,新北市,板橋區,金門街８６號１樓（如附圖）
FamilyMart 全家板橋美華店,02-2965-7713,新北市,板橋區,金華街１０巷４８弄７８號１樓
FamilyMart 全家板橋安東店,02-2951-4997,新北市,板橋區,長安街１３８巷１弄５０號１樓
FamilyMart 全家板橋永安店,02-2964-5603,新北市,板橋區,長安街３３１巷９４號１樓
FamilyMart 全家板橋新安店,02-2951-3527,新北市,板橋區,長安街２９７號
FamilyMart 全家板橋新巨蛋店,02-8257-3052,新北市,板橋區,長江路一段４０３號
FamilyMart 全家板橋富安店,02-8257-1724,新北市,板橋區,長江路一段１００號１樓
FamilyMart 全家板橋江北店,02-8257-0100,新北市,板橋區,長江路二段３１３號１樓
FamilyMart 全家板橋漢江店,02-2259-3499,新北市,板橋區,長江路二段１２０號１樓
FamilyMart 全家板橋干城店,02-2964-4958,新北市,板橋區,信義路２４３號１樓
FamilyMart 全家板橋信義店,02-2953-6686,新北市,板橋區,信義路７１號１樓
FamilyMart 全家板橋信陽店,02-2950-6920,新北市,板橋區,信義里信義路７２號一樓
FamilyMart 全家板橋新雅店,02-2965-5750,新北市,板橋區,南雅東路８號（代表號）１樓
FamilyMart 全家板橋大雅店,02-2964-9724,新北市,板橋區,南雅南路二段５號１樓
FamilyMart 全家板橋湳雅店,02-2964-7980,新北市,板橋區,南雅南路二段９４號
FamilyMart 全家板橋華東店,02-8966-0536,新北市,板橋區,南雅南路二段１４４巷１８號
FamilyMart 全家板橋英仕店,02-2259-9823,新北市,板橋區,英士路５４號１樓
FamilyMart 全家板橋慶豐店,02-8953-5147,新北市,板橋區,重慶路２７８號１樓
FamilyMart 全家板橋擎天店,02-2955-8982,新北市,板橋區,重慶路２４３號１樓
FamilyMart 全家板橋新慶店,02-2951-1914,新北市,板橋區,重慶路６０－１號１樓＆地下室
FamilyMart 全家板橋板慶店,02-8953-9805,新北市,板橋區,重慶路２９０巷３號１樓
FamilyMart 全家板橋運山店,02-8964-7745,新北市,板橋區,海山路３３號
FamilyMart 全家板橋國泰店,02-2959-6571,新北市,板橋區,國泰街３７號１樓
FamilyMart 全家板橋莒安店,02-8253-6711,新北市,板橋區,莒光路１３１號
FamilyMart 全家板橋莒光店,02-2259-3060,新北市,板橋區,莒光路２２５，２２７號
FamilyMart 全家板橋益豐店,02-2257-7224,新北市,板橋區,莒光路３６號１樓
FamilyMart 全家板橋禾原店,02-2258-7428,新北市,板橋區,莒光路２８巷１３號
FamilyMart 全家板橋莊敬店,02-2259-9622,新北市,板橋區,莊敬路８９號
FamilyMart 全家板橋萬板店,02-2254-6290,新北市,板橋區,莊敬路２２０巷１號１樓
FamilyMart 全家板橋新富陽店,02-2275-0133,新北市,板橋區,復興街１３３號
FamilyMart 全家板橋華利店,02-2254-1201,新北市,板橋區,華江一路１５６號
FamilyMart 全家板橋華雅店,02-2955-1279,新北市,板橋區,華興街９０號
FamilyMart 全家板橋華興店,02-2952-4563,新北市,板橋區,華興街４１．４３號
FamilyMart 全家板橋貴興店,02-2959-7811,新北市,板橋區,貴興路４９－１號１樓
FamilyMart 全家板橋華陽店,02-2258-5156,新北市,板橋區,陽明里陽明街８８、９０號一樓
FamilyMart 全家板橋板民店,02-2954-5946,新北市,板橋區,新民街３９號１樓
FamilyMart 全家板橋新甫華店,02-2272-5443,新北市,板橋區,新生街２２號
FamilyMart 全家板橋富貴店,02-2259-9157,新北市,板橋區,新海路４６２，４６４，４６６號１樓
FamilyMart 全家板橋新農店,02-2253-8884,新北市,板橋區,新海路３２８，３３０號１樓
FamilyMart 全家板橋欣興店,02-2965-4269,新北市,板橋區,新興路１號１樓
FamilyMart 全家板橋板崑店,02-2686-5706,新北市,板橋區,溪崑二街１６號
FamilyMart 全家板橋溪崑店,02-2687-6563,新北市,板橋區,溪崑二街１３４、１３６、１３８號１樓
FamilyMart 全家板橋裕盛店,02-2258-1579,新北市,板橋區,裕民街９５號
FamilyMart 全家板橋新裕店,02-8257-1571,新北市,板橋區,裕民街１３０號１及２樓
FamilyMart 全家板橋富裕店,02-8252-9995,新北市,板橋區,裕民街１１號１樓
FamilyMart 全家板橋僑一店,02-2967-9685,新北市,板橋區,僑中一街１２４巷９弄１號
FamilyMart 全家板橋僑二店,02-8969-9174,新北市,板橋區,僑中二街１１６巷１號１樓
FamilyMart 全家板橋國民店,02-2957-2609,新北市,板橋區,實踐路１３２號１樓
FamilyMart 全家板橋漢西店,02-2254-8179,新北市,板橋區,文化路一段３１３號
FamilyMart 全家板橋新都店,02-2964-9535,新北市,板橋區,漢生東路１５９號１樓
FamilyMart 全家板橋遠東店,02-2964-2052,新北市,板橋區,遠東路１號１樓
FamilyMart 全家板橋廣和店,02-8951-8657,新北市,板橋區,廣福里廣和街７９號１樓
FamilyMart 全家板橋宜居店,02-8969-7435,新北市,板橋區,樂群路１５８號１樓
FamilyMart 全家板橋堂春店,02-2683-5266,新北市,板橋區,篤行路三段１號１樓
FamilyMart 全家板橋雙城店,02-2954-4584,新北市,板橋區,縣民大道二段１０６號１樓
FamilyMart 全家板橋北站店,02-2965-7973,新北市,板橋區,縣民大道二段７號
FamilyMart 全家板橋東站店,02-2965-0450,新北市,板橋區,縣民大道二段７號
FamilyMart 全家板橋車站店,02-8969-3201,新北市,板橋區,縣民大道二段７號Ｂ１
FamilyMart 全家板橋觀光店,02-2955-0575,新北市,板橋區,縣民大道二段１９６號１樓
FamilyMart 全家板橋麗寶店,02-8968-2022,新北市,板橋區,縣民大道二段３號
FamilyMart 全家板橋雙子店,02-2964-9816,新北市,板橋區,縣民大道二段６６號１樓
FamilyMart 全家板橋市民店,02-2964-1484,新北市,板橋區,縣民大道二段２２號Ｂ１
FamilyMart 全家板橋聚星店,02-2953-9549,新北市,板橋區,館前西路４號、４－１號１樓
FamilyMart 全家板橋館西店,02-2965-5570,新北市,板橋區,館前西路１２８號
FamilyMart 全家板橋新泉店,02-8257-3744,新北市,板橋區,龍泉街１２６號
FamilyMart 全家板橋德翠店,02-8257-3511,新北市,板橋區,龍泉街７８號
FamilyMart 全家板橋美堤店,02-2968-2151,新北市,板橋區,龍興街７１巷１號１樓
FamilyMart 全家板橋新月店,02-2968-6480,新北市,板橋區,環河西路五段２１７號
FamilyMart 全家板橋雙十店,02-2254-6231,新北市,板橋區,雙十路二段６—８號，６—９號，６—１０
FamilyMart 全家板橋華江店,02-2255-4256,新北市,板橋區,雙十路三段５４號
FamilyMart 全家板橋江翠店,02-2252-5104,新北市,板橋區,懷德街１２７巷１號及３號１Ｆ
FamilyMart 全家板橋懷聖店,02-2250-5214,新北市,板橋區,懷德街２０１巷２號
FamilyMart 全家板橋新翠店,02-2254-4470,新北市,板橋區,懷德街１２７巷２３弄７號１樓
FamilyMart 全家汐止力行店,02-2640-1386,新北市,汐止區,力行街１號
FamilyMart 全家汐止茂盛店,02-2641-3633,新北市,汐止區,大同路一段２２５號壹樓
FamilyMart 全家汐止智興店,02-2649-0742,新北市,汐止區,大同路二段２００號
FamilyMart 全家汐止光明店,02-8642-3750,新北市,汐止區,大同路二段５２１號１樓
FamilyMart 全家汐止龍安店,02-2649-0723,新北市,汐止區,大同路二段１８４巷１１號
FamilyMart 全家汐止宏國店,02-8692-3110,新北市,汐止區,大同路２段２８３號
FamilyMart 全家汐止大同店,02-8648-6545,新北市,汐止區,大同路三段２６９，２７１號
FamilyMart 全家汐止經貿店,02-8647-3139,新北市,汐止區,大同路三段１９０號壹樓部份
FamilyMart 全家汐止摩天店,02-2690-5548,新北市,汐止區,大同路三段６１１之３號壹樓
FamilyMart 全家汐止農會店,02-8691-6715,新北市,汐止區,中正路１０６號１樓
FamilyMart 全家汐止興中店,02-8693-3681,新北市,汐止區,中興路１５８號
FamilyMart 全家汐止福全店,02-2647-9466,新北市,汐止區,仁愛路１４９號
FamilyMart 全家汐止桂冠店,02-2647-4855,新北市,汐止區,水源路二段３４號
FamilyMart 全家汐止橫科店,02-2719-8993,新北市,汐止區,民權街二段６８號１樓
FamilyMart 全家汐止興萬店,02-2646-4086,新北市,汐止區,汐萬路一段３５５號壹樓
FamilyMart 全家汐止伯爵店,02-2647-4757,新北市,汐止區,伯爵街５２巷１號壹樓部份
FamilyMart 全家汐止勤進店,02-2649-4650,新北市,汐止區,秀峰路１１９號
FamilyMart 全家汐止和平店,02-2643-9807,新北市,汐止區,和平街４８號
FamilyMart 全家汐止鑫宜興店,02-2660-6803,新北市,汐止區,宜興街１６號
FamilyMart 全家汐止橋東店,02-8647-5279,新北市,汐止區,忠孝東路４０２號
FamilyMart 全家汐止新忠孝店,02-2691-9701,新北市,汐止區,忠孝東路２５８號
FamilyMart 全家汐止秀峰店,02-2691-9425,新北市,汐止區,忠孝東路２２８號
FamilyMart 全家汐止鑫峰店,02-2695-3467,新北市,汐止區,明峰街１６２號
FamilyMart 全家汐止車站店,02-2649-4180,新北市,汐止區,信義路１號２樓
FamilyMart 全家汐止保興店,02-8648-9793,新北市,汐止區,保一街３９號
FamilyMart 全家汐止站前店,02-8692-3096,新北市,汐止區,南昌街１６號
FamilyMart 全家汐止建安店,02-2641-8761,新北市,汐止區,建成路５９巷９號．１５號
FamilyMart 全家汐止建泰店,02-2690-2115,新北市,汐止區,建成路５９巷２號（國泰醫院汐止院區）
FamilyMart 全家汐止康寧店,02-2695-9946,新北市,汐止區,康寧街１６９巷２３號１樓
FamilyMart 全家汐止日月光店,02-2648-6322,新北市,汐止區,康寧街７４７號．７４９號
FamilyMart 全家汐止東城店,02-8695-1885,新北市,汐止區,康寧街４５９巷１０號１樓
FamilyMart 全家汐止祥雲店,02-2646-2022,新北市,汐止區,祥雲街１號壹樓部份
FamilyMart 全家汐止興莊店,02-8642-4336,新北市,汐止區,莊敬街３２號壹樓全部
FamilyMart 全家汐止莊敬店,02-2643-5764,新北市,汐止區,莊敬街１３９號
FamilyMart 全家汐止新水蓮店,02-2690-9465,新北市,汐止區,湖前街１１０巷９７弄２４號Ｂ１之１之２
FamilyMart 全家汐止湖前店,02-2692-7433,新北市,汐止區,湖前街４９號１樓
FamilyMart 全家汐止鄉長店,02-2691-9409,新北市,汐止區,鄉長路一段２７號壹樓及貳樓
FamilyMart 全家汐止連新店,02-2691-9772,新北市,汐止區,新台五路一段１５１號壹樓及地下室
FamilyMart 全家汐止青山店,02-2648-9817,新北市,汐止區,新台五路一段２１２號；２１２之１號
FamilyMart 全家汐止宏碁店,02-2696-0486,新北市,汐止區,新台五路一段８２號部份
FamilyMart 全家汐止東科店,02-2696-9769,新北市,汐止區,新台五路一段９６號Ｃ棟
FamilyMart 全家汐止新遠雄店,02-2697-1106,新北市,汐止區,新台五路一段９３號地下一層之２
FamilyMart 全家新遠雄二店,02-2697-5513,新北市,汐止區,新台五路一段９７號地下一層之６
FamilyMart 全家汐止新興店,02-2691-9264,新北市,汐止區,新興路２１及２３號
FamilyMart 全家汐止福旺店,02-8693-3934,新北市,汐止區,福德一路１０９號
FamilyMart 全家汐止長虹店,02-2694-8906,新北市,汐止區,福德二路８１－１號
FamilyMart 全家汐止興福店,02-8693-2048,新北市,汐止區,福德二路１３４號
FamilyMart 全家汐止福德店,02-2765-3612,新北市,汐止區,福德三路１６號壹樓
FamilyMart 全家汐止忠厚店,02-2691-7067,新北市,汐止區,樟樹一路１３５巷２７號１樓
FamilyMart 全家汐止忠樹店,02-2649-4703,新北市,汐止區,樟樹一路１１９巷２５號１樓
FamilyMart 全家汐止樟興店,02-2690-4033,新北市,汐止區,樟樹一路１６號，１８號
FamilyMart 全家汐止樟中店,02-8642-5058,新北市,汐止區,樟樹一路１２７號１樓
FamilyMart 全家汐止樟福店,02-8692-3181,新北市,汐止區,樟樹一路２２０號
FamilyMart 全家汐止新樹店,02-2648-7704,新北市,汐止區,樟樹二路２７３號
FamilyMart 全家汐止導航店,02-2654-8039,新北市,汐止區,樟樹二路６８號
FamilyMart 全家汐止興龍店,02-2648-8674,新北市,汐止區,龍安路３８號１樓
FamilyMart 全家深坑紅葉店,02-2664-3929,新北市,深坑區,北深路１段１０６號
FamilyMart 全家深坑金典店,02-2662-4307,新北市,深坑區,北深路二段７７號
FamilyMart 全家深坑北福店,02-2662-9753,新北市,深坑區,北深路三段２３９號
FamilyMart 全家深坑北深店,02-2664-4845,新北市,深坑區,北深路三段１７９號
FamilyMart 全家深坑埔新店,02-2664-1876,新北市,深坑區,埔新里埔新街９３號１樓
FamilyMart 全家深坑昇高店,02-2664-9860,新北市,深坑區,埔新街５９號
FamilyMart 全家石碇雙溪店,02-2663-3324,新北市,石碇區,隆盛里雙溪５８號
FamilyMart 全家石碇國道店,02-2663-3428,新北市,石碇區,文山路一段６號
FamilyMart 全家瑞芳龍川店,02-2406-1884,新北市,瑞芳區,一坑路１１之１號
FamilyMart 全家瑞芳明燈店,02-2496-9741,新北市,瑞芳區,民生街２０號１樓及２樓部份
FamilyMart 全家瑞芳前站店,02-2497-1401,新北市,瑞芳區,明燈路三段８４號１．２樓
FamilyMart 全家金瓜石黃金店,02-2496-2382,新北市,瑞芳區,金光路３６號１樓（部份）
FamilyMart 全家瑞芳傑魚坑店,02-2496-9517,新北市,瑞芳區,傑魚坑路６２號
FamilyMart 全家九份觀景店,02-2496-9045,新北市,瑞芳區,輕便路４３號４樓
FamilyMart 全家平溪平安店,02-2495-1706,新北市,平溪區,石底街５３號
FamilyMart 全家平溪十分店,02-2495-9087,新北市,平溪區,靜安路三段３３１號
FamilyMart 全家貢寮澳底一店,02-2490-3521,新北市,貢寮區,大澳街１之１、３號１樓
FamilyMart 全家鑫福隆店,02-2499-2209,新北市,貢寮區,興隆街２２號１．２樓
FamilyMart 全家新店慶民店,02-8919-3666,新北市,新店區,二十張路３號
FamilyMart 全家新店鑫民店,02-2918-8975,新北市,新店區,三民路８１號１樓
FamilyMart 全家新店三富店,02-8665-9629,新北市,新店區,三民路１４１號１樓
FamilyMart 全家新店新豐店,02-2915-8240,新北市,新店區,大豐路１０號１樓
FamilyMart 全家新店福民店,02-2219-4351,新北市,新店區,中央路１４５號
FamilyMart 全家新店新中央店,02-2219-7580,新北市,新店區,中央路６３號
FamilyMart 全家新店大鵬店,02-2218-4729,新北市,新店區,中正路６９８號
FamilyMart 全家新店莊敬店,02-8219-3280,新北市,新店區,中正路５２３號
FamilyMart 全家新店新百合店,02-2219-9017,新北市,新店區,中正路４０４號
FamilyMart 全家新店正中店,02-2219-5702,新北市,新店區,中正路３６６號
FamilyMart 全家新店正民店,02-2913-7185,新北市,新店區,中正路２２４號
FamilyMart 全家新店華盛店,02-8665-8387,新北市,新店區,中正路１４３號１樓
FamilyMart 全家新店五豐店,02-8914-5746,新北市,新店區,中正路５９號
FamilyMart 全家新店中盛店,02-8667-3532,新北市,新店區,中正路４９３－２號１樓
FamilyMart 全家新店中華店,02-8665-8913,新北市,新店區,中華路５０號
FamilyMart 全家新店鑫峰店,02-2918-4798,新北市,新店區,中興路１段２８２號１樓
FamilyMart 全家新店新寶安店,02-2915-7211,新北市,新店區,中興路三段２０９號
FamilyMart 全家新店新文強店,02-2910-7458,新北市,新店區,文化路１７號
FamilyMart 全家新店總站店,02-2918-3917,新北市,新店區,北宜路一段２號
FamilyMart 全家新店站前店,02-2914-7259,新北市,新店區,北宜路一段６號
FamilyMart 全家新店長春店,02-8217-1585,新北市,新店區,北宜路二段１４９號１樓
FamilyMart 全家新店美譚店,02-2217-1398,新北市,新店區,北宜路二段４１９號
FamilyMart 全家新店北宜店,02-2217-1961,新北市,新店區,北宜路二段１８號１樓＋地下室
FamilyMart 全家新店行政店,02-8914-6697,新北市,新店區,北新路一段８８巷１２號３樓
FamilyMart 全家新店新華店,02-2912-4931,新北市,新店區,北新路一段２８７號１樓＋２樓
FamilyMart 全家新店七張站店,02-8665-7572,新北市,新店區,北新路２段１５０－１號
FamilyMart 全家新店忠誠店,02-2915-8815,新北市,新店區,北新路二段１１９號１樓
FamilyMart 全家新店金采店,02-8914-6548,新北市,新店區,北新路３段２１３號旁壹樓部份（如附圖）
FamilyMart 全家新店公宅店,02-2218-7268,新北市,新店區,央北二路３９８號
FamilyMart 全家新店央北店,02-2218-2512,新北市,新店區,央北二路２２９號１樓
FamilyMart 全家新店民德店,02-8911-3923,新北市,新店區,民族路６號
FamilyMart 全家新店新民族店,02-2913-7896,新北市,新店區,民族路９７號１樓＋地下室
FamilyMart 全家新店復興店,02-2218-4982,新北市,新店區,民權路１３２號１樓
FamilyMart 全家新店寶元店,02-2915-6106,新北市,新店區,民權路１９號
FamilyMart 全家新店民權店,02-8667-3437,新北市,新店區,民權路１０５號１樓
FamilyMart 全家新店民佳店,02-8665-8005,新北市,新店區,民權路７２號
FamilyMart 全家新北捷十四張店,02-2218-5671,新北市,新店區,民權路２８２號２樓
FamilyMart 全家新店皇家店,02-2949-9704,新北市,新店區,永平里永平街２７號一樓
FamilyMart 全家新店安和店,02-2947-5039,新北市,新店區,永平街８９號１樓
FamilyMart 全家新店新和店,02-2941-3706,新北市,新店區,永安街８１號１樓
FamilyMart 全家新店永業店,02-2913-1378,新北市,新店區,永業路８１巷１弄１號
FamilyMart 全家新店光明店,02-8665-4542,新北市,新店區,廣明里７鄰光明街１３６號１樓
FamilyMart 全家新店光盛店,02-8914-7282,新北市,新店區,光明街１８１號１樓
FamilyMart 全家新店如意店,02-2210-1261,新北市,新店區,如意街２９號１樓
FamilyMart 全家新店安民店,02-8666-2484,新北市,新店區,安民街１號１樓
FamilyMart 全家新店安順店,02-2212-1274,新北市,新店區,安民街１９２號１樓
FamilyMart 全家新店鑫景大店,02-2212-3445,新北市,新店區,安忠路９９號（Ｃ１０４）
FamilyMart 全家新店陽光店,02-8666-5549,新北市,新店區,安忠路５７巷１０號１樓
FamilyMart 全家新店永安店,02-8666-1942,新北市,新店區,安康路二段１５７號
FamilyMart 全家新店德安店,02-8666-3307,新北市,新店區,安康路二段３０３號
FamilyMart 全家新店康橋店,02-2214-0466,新北市,新店區,安康路３段７３８號、７４０號１樓
FamilyMart 全家新店城泰店,02-2214-3601,新北市,新店區,安康路三段３１１號１樓
FamilyMart 全家新店襄陽店,02-8215-1522,新北市,新店區,安祥路１０４－１０號
FamilyMart 全家新店香坡店,02-2200-5350,新北市,新店區,安祥路１１３號，１１５號
FamilyMart 全家新店德順店,02-2212-1692,新北市,新店區,安德街１２０巷６號
FamilyMart 全家新店康德店,02-2212-1574,新北市,新店區,安德街７１巷２號、４號１樓
FamilyMart 全家新店健民店,02-2916-2699,新北市,新店區,明德路６９巷２８號
FamilyMart 全家新店玫瑰店,02-2210-3956,新北市,新店區,玫瑰路５８巷１號１樓
FamilyMart 全家新店新陽店,02-2666-9640,新北市,新店區,粗坑里花園一路一段２號一樓
FamilyMart 全家新店慈濟店,02-8219-2878,新北市,新店區,建國路２８９號Ｂ１慈濟醫院大愛美食坊
FamilyMart 全家新店江陵店,02-2219-0529,新北市,新店區,建國路２１９號
FamilyMart 全家新店順安店,02-8919-3423,新北市,新店區,順安街５７號
FamilyMart 全家新店新安店,02-2940-3474,新北市,新店區,新和街６０號１樓
FamilyMart 全家新店鑫碧潭店,02-8665-7744,新北市,新店區,新店路２１１號
FamilyMart 全家新店龜山店,02-2666-6253,新北市,新店區,新烏路三段１４４號１樓
FamilyMart 全家新店溪園店,02-8218-9189,新北市,新店區,中山里溪園路３８９號一樓
FamilyMart 全家新店鑫泉店,02-8667-7615,新北市,新店區,溪園路４０１號
FamilyMart 全家新店僑信店,02-2214-3950,新北市,新店區,僑信路２０號１樓
FamilyMart 全家新店涵碧店,02-2212-4064,新北市,新店區,碧潭路３７號
FamilyMart 全家新店德正店,02-2912-6411,新北市,新店區,德正街２７巷１號
FamilyMart 全家新店寶中店,02-2911-7614,新北市,新店區,寶中路７７號
FamilyMart 全家新店保高店,02-8914-5842,新北市,新店區,寶高路２８－１號
FamilyMart 全家新店寶興店,02-8665-4892,新北市,新店區,寶橋里寶橋路８０號一樓
FamilyMart 全家新店橋興店,02-8919-2388,新北市,新店區,寶橋路２３５巷１２９號
FamilyMart 全家新店新寶橋店,02-2912-2431,新北市,新店區,寶橋路５１號１，２樓
FamilyMart 全家新店新寶工店,02-8914-5941,新北市,新店區,寶橋路２３５巷８號
FamilyMart 全家新店統寶店,02-8914-7339,新北市,新店區,寶興路４７號
FamilyMart 全家坪林順益店,02-2665-7521,新北市,坪林區,水柳腳路１３３號
FamilyMart 全家烏來溫泉店,02-2661-8084,新北市,烏來區,烏來街７９號１樓
FamilyMart 全家烏來烏萊店,02-2661-7682,新北市,烏來區,環山路６２號１樓
FamilyMart 全家永和新樂新店,02-8660-7125,新北市,永和區,大新街３號１樓
FamilyMart 全家永和正新店,02-2946-4214,新北市,永和區,中正路２７８號１樓
FamilyMart 全家永和大福店,02-2925-4322,新北市,永和區,中正路６０８．６１０．６１０之１號
FamilyMart 全家永和正得店,02-2920-0317,新北市,永和區,中正路３４２號一樓
FamilyMart 全家永和耕莘店,02-2924-0539,新北市,永和區,中興街９５號１樓
FamilyMart 全家永和鼎豐店,02-2920-0709,新北市,永和區,中興街７號１樓
FamilyMart 全家永和新仁愛店,02-8660-9734,新北市,永和區,仁愛路１０３號１樓
FamilyMart 全家永和新仁店,02-8660-2630,新北市,永和區,仁愛路３５２巷９４號、９６號
FamilyMart 全家永和仁和店,02-3233-0262,新北市,永和區,仁愛路３３號
FamilyMart 全家永和保順店,02-8921-3384,新北市,永和區,仁愛路２８２巷１號１樓
FamilyMart 全家永和文化店,02-8660-4492,新北市,永和區,文化路１８，２０，２２號１樓
FamilyMart 全家永和維源店,02-8923-0231,新北市,永和區,水源街３９巷２號
FamilyMart 全家永和教室店,02-8941-8262,新北市,永和區,民生路６５號１樓及地下室
FamilyMart 全家永和新民有店,02-2949-5196,新北市,永和區,民有街６５號
FamilyMart 全家永和國艷店,02-2923-2783,新北市,永和區,民樂街３９巷２號１樓
FamilyMart 全家永和騎士店,02-8943-3594,新北市,永和區,民權路５３號１樓
FamilyMart 全家永和永平店,02-8660-3548,新北市,永和區,永平路２３２號
FamilyMart 全家永和永亨店,02-2920-8853,新北市,永和區,永亨路６２號、６４號、６６號１樓
FamilyMart 全家永和永福店,02-2923-4354,新北市,永和區,永和路一段９３號
FamilyMart 全家永和永復店,02-2928-6095,新北市,永和區,永和路二段３１６號１樓
FamilyMart 全家永和保安店,02-2920-7792,新北市,永和區,永貞路３８７號
FamilyMart 全家永和保平店,02-8923-1532,新北市,永和區,永貞路３５４號，３５６號
FamilyMart 全家永和秀成店,02-2921-5822,新北市,永和區,成功路一段１３７，１３９號
FamilyMart 全家永和田單店,02-2943-2844,新北市,永和區,成功路二段１５７號１樓
FamilyMart 全家永和御林店,02-8925-0327,新北市,永和區,竹林路２１３巷４４號１樓
FamilyMart 全家永和永林店,02-8927-4417,新北市,永和區,竹林路３７號
FamilyMart 全家永和竹勝店,02-8925-8511,新北市,永和區,竹林路２１５號１樓
FamilyMart 全家永和復興店,02-2925-4364,新北市,永和區,秀朗路一段１８６號１Ｆ
FamilyMart 全家永和秀和店,02-2928-0903,新北市,永和區,秀朗路一段７６、７８號
FamilyMart 全家永和樂華店,02-2926-4823,新北市,永和區,保平路１８巷１２號１樓
FamilyMart 全家永和羅鄰店,02-2929-3596,新北市,永和區,保平路２６８巷２５號１樓
FamilyMart 全家永和仁保店,02-2928-5824,新北市,永和區,保福路二段１０３號１樓
FamilyMart 全家永和國和店,02-2928-1175,新北市,永和區,國中路８６巷２號
FamilyMart 全家永和得元店,02-2926-5391,新北市,永和區,得和路３７３巷２９號
FamilyMart 全家永和得和店,02-2941-6037,新北市,永和區,得和路３７２號
FamilyMart 全家永和頂溪店,02-2926-2511,新北市,永和區,復興街３號
FamilyMart 全家永和新富店,02-8921-5154,新北市,永和區,福和路５７巷１４弄２號１樓
FamilyMart 全家永和新廷店,02-2920-3971,新北市,永和區,福和路３２０號１樓
FamilyMart 全家永和福和店,02-2921-3528,新北市,永和區,福和路１７３．１７５號
FamilyMart 全家永和水悅店,02-2926-7011,新北市,永和區,環河西路一段８３號１．２樓
FamilyMart 全家永和環河店,02-3233-9160,新北市,永和區,環河西路二段２１９號，２２１號
FamilyMart 全家永和環東店,02-8927-8437,新北市,永和區,環河東路一段１２２號，１２４號
FamilyMart 全家中和仁勇店,02-2940-0962,新北市,中和區,大勇街２０號１樓
FamilyMart 全家中和威利店,02-2247-4176,新北市,中和區,中山路二段２９１號１樓
FamilyMart 全家中和佳和店,02-2245-0773,新北市,中和區,佳和里中山路二段１３２號、１３４號１樓
FamilyMart 全家中和勝鴻店,02-8245-1477,新北市,中和區,中山路二段２巷４５弄１號１樓
FamilyMart 全家中和中漢店,02-2223-9355,新北市,中和區,中山路三段１４６－２號
FamilyMart 全家中和中環店,02-2226-7465,新北市,中和區,中山路三段１１１號１樓
FamilyMart 全家中和漢陽店,02-2223-0343,新北市,中和區,瑞穗里中山路三段１７２號１樓
FamilyMart 全家中和環球店,02-3234-9461,新北市,中和區,中山路三段１２０之１１號
FamilyMart 全家中和元氣店,02-2225-6901,新北市,中和區,中山路３段３９號２樓
FamilyMart 全家中和和興店,02-2244-6249,新北市,中和區,中正路１１號，１３號
FamilyMart 全家中和廣場店,02-8227-8301,新北市,中和區,平河里中正路７１２號一樓
FamilyMart 全家中和國華店,02-3234-3009,新北市,中和區,中正路８６８－１號
FamilyMart 全家中和力行店,02-2243-5392,新北市,中和區,中正路２４２號
FamilyMart 全家中和鎮順店,02-2242-7811,新北市,中和區,中正路１６７巷１６號、１８號１樓
FamilyMart 全家中和德民店,02-2221-4027,新北市,中和區,中正路１１８６號１樓
FamilyMart 全家中和中鼎店,02-2929-4187,新北市,中和區,中安里中安街８０號一樓
FamilyMart 全家中和中安店,02-2925-6006,新北市,中和區,中安街１９２號
FamilyMart 全家中和中和店,02-3233-8551,新北市,中和區,中和路４８０號１Ｆ
FamilyMart 全家中和左岸店,02-2226-4967,新北市,中和區,中原三街３號
FamilyMart 全家中和金原店,02-8221-1769,新北市,中和區,中原街１２６號１樓
FamilyMart 全家中和巴黎店,02-2240-7145,新北市,中和區,中興街２３５巷１號
FamilyMart 全家中和中興店,02-8242-3542,新北市,中和區,復興里中興街１１１號，１１３號
FamilyMart 全家中和仁義店,02-2948-4666,新北市,中和區,仁愛街３６號
FamilyMart 全家中和光明店,02-8953-5241,新北市,中和區,民生街８５巷２弄１號１樓
FamilyMart 全家中和國院店,02-2221-3432,新北市,中和區,民安街５１號１樓
FamilyMart 全家中和嘉穗店,02-2222-1242,新北市,中和區,民利街９１號１樓
FamilyMart 全家中和福美店,02-2243-5180,新北市,中和區,永和路７４號１樓
FamilyMart 全家中和永貞店,02-2928-8350,新北市,中和區,永貞路２４４號
FamilyMart 全家中和秀山店,02-8942-1005,新北市,中和區,立人街６５號，６７號
FamilyMart 全家中和建業店,02-2222-4223,新北市,中和區,立德街１８９號１樓
FamilyMart 全家中和德勝店,02-2228-6849,新北市,中和區,立德街１５０號１樓
FamilyMart 全家中和萊陽店,02-8245-6393,新北市,中和區,瓦嗂里光華街１號３號一樓
FamilyMart 全家中和安樂店,02-2940-0326,新北市,中和區,安樂路８１號
FamilyMart 全家中和秀吉店,02-2941-2382,新北市,中和區,自立路１７號
FamilyMart 全家中和大智店,02-2949-4154,新北市,中和區,自立路３６號１樓及地下室
FamilyMart 全家中和新秀店,02-2942-6524,新北市,中和區,秀朗路三段４４號１樓
FamilyMart 全家中和平興店,02-2943-1824,新北市,中和區,和平街２０號
FamilyMart 全家中和和平店,02-2944-4304,新北市,中和區,和平街５６號１樓；５４巷１弄１號１樓
FamilyMart 全家中和新忠店,02-2942-5376,新北市,中和區,忠孝街２７號１樓
FamilyMart 全家中和鑫發店,02-2943-4443,新北市,中和區,忠孝街１０５號
FamilyMart 全家中和水源店,02-8245-9519,新北市,中和區,保平路３２０號、３２２號
FamilyMart 全家中和保健店,02-2944-4222,新北市,中和區,保健路１７號
FamilyMart 全家中和南勢角店,02-8941-2772,新北市,中和區,南山路３９９巷１０號１樓
FamilyMart 全家中和勝華店,02-2242-5933,新北市,中和區,南華路６７號壹樓
FamilyMart 全家中和遠建店,02-8227-2991,新北市,中和區,建一路１７６號１樓
FamilyMart 全家中和圓順店,02-2228-9923,新北市,中和區,建一路１４１號
FamilyMart 全家中和建新店,02-8226-3686,新北市,中和區,建八路２８號１樓
FamilyMart 全家中和員慶店,02-2223-6924,新北市,中和區,員山路７３號一樓
FamilyMart 全家中和員科店,02-2222-1264,新北市,中和區,員山路５０４之１號１樓
FamilyMart 全家中和新慶店,02-8221-7342,新北市,中和區,員山路１３７號１樓
FamilyMart 全家中和員山店,02-2226-7296,新北市,中和區,員山路３２５之４號、之５號１樓
FamilyMart 全家中和泰和店,02-2242-0605,新北市,中和區,泰和街３８巷１號１樓
FamilyMart 全家中和興國店,02-2963-5114,新北市,中和區,國光街１０４號１樓
FamilyMart 全家中和莒城店,02-2223-0924,新北市,中和區,莒光路１８１號
FamilyMart 全家中和自強店,02-3234-6883,新北市,中和區,莒光路１３１號
FamilyMart 全家中和連勝店,02-2249-0286,新北市,中和區,連城路２３１號１樓及２樓
FamilyMart 全家中和連福店,02-3234-7896,新北市,中和區,連城路３９１號，３９３號
FamilyMart 全家中和世紀店,02-8227-8716,新北市,中和區,連城路２６８之１號１樓
FamilyMart 全家中和和連店,02-8245-7861,新北市,中和區,建和里連城路２６５巷１號一樓
FamilyMart 全家中和連新店,02-3234-6707,新北市,中和區,連城路５２１之１號１樓
FamilyMart 全家中和新后店,02-2221-6706,新北市,中和區,連城路４６９巷２３號１樓
FamilyMart 全家中和安勝店,02-2243-0244,新北市,中和區,連勝街５９號
FamilyMart 全家中和秀欣店,02-2243-2645,新北市,中和區,復興路２６７號１樓及地下室
FamilyMart 全家東森一號店,02-8943-4426,新北市,中和區,景平路２５８號１樓
FamilyMart 全家中和福中店,02-2246-0574,新北市,中和區,景平路７１０號１號
FamilyMart 全家中和景會店,02-2242-4705,新北市,中和區,景平路４３３號１樓
FamilyMart 全家中和勝平店,02-2247-4417,新北市,中和區,景平路５１７、５１９號１樓
FamilyMart 全家中和福真店,02-2246-9262,新北市,中和區,景平路７０１、７０１之１號２樓
FamilyMart 全家中和摩天店,02-8942-3447,新北市,中和區,景平路１８２號１樓
FamilyMart 全家中和景平店,02-8942-2184,新北市,中和區,景平路４７８號
FamilyMart 全家中和景秀店,02-8668-0018,新北市,中和區,景平路７１—２號
FamilyMart 全家中和捷勝店,02-2242-6396,新北市,中和區,景安路１２８號１樓
FamilyMart 全家中和雙捷店,02-8941-7765,新北市,中和區,景新街４６８號
FamilyMart 全家中和景明店,02-2946-6803,新北市,中和區,景新街２１２號１樓
FamilyMart 全家中和新平店,02-8941-1655,新北市,中和區,景新街２６５、２６７號
FamilyMart 全家中和景欣店,02-2943-9032,新北市,中和區,景本里景新街３８５號，３８５號之１
FamilyMart 全家中和朕新店,02-2942-6294,新北市,中和區,景德街１２４號１樓
FamilyMart 全家中和華順店,02-2954-2123,新北市,中和區,華順街５９號１樓
FamilyMart 全家中和華福店,02-2950-6983,新北市,中和區,華順街１１７號，１１９號
FamilyMart 全家中和華夏店,02-2947-9070,新北市,中和區,華新街２０２號，２０４號
FamilyMart 全家中和華隆店,02-2941-4221,新北市,中和區,華新街１０９巷１－３號
FamilyMart 全家中和華樹店,02-2949-3985,新北市,中和區,華新街５５號１樓
FamilyMart 全家中和圓峰店,02-2243-3191,新北市,中和區,圓通路２２６號１樓
FamilyMart 全家中和錦順店,02-2242-6992,新北市,中和區,圓通路３９５號１樓
FamilyMart 全家中和凌雲店,02-2242-7725,新北市,中和區,圓通路３６７巷２號
FamilyMart 全家中和安邦店,02-2246-0866,新北市,中和區,圓通路１６９號
FamilyMart 全家中和圓通店,02-2245-4902,新北市,中和區,圓通路３０７之５號
FamilyMart 全家中和新生店,02-3234-2883,新北市,中和區,新生街１３２號
FamilyMart 全家中和新正店,02-2226-3432,新北市,中和區,新生街１９０號１樓
FamilyMart 全家中和新中穗店,02-2225-3237,新北市,中和區,新生街８號１樓
FamilyMart 全家中和民德店,02-2964-0401,新北市,中和區,壽德里壽德街２６號１樓
FamilyMart 全家中和新福祥店,02-2242-1670,新北市,中和區,福祥路４２號
FamilyMart 全家中和南中店,02-2246-4585,新北市,中和區,廣福路６２號１樓
FamilyMart 全家中和德穗店,02-8952-6580,新北市,中和區,德光路２４．２６號１樓
FamilyMart 全家中和橋安店,02-2242-4182,新北市,中和區,橋和路１２０號
FamilyMart 全家中和橋和店,02-2244-5415,新北市,中和區,橋和路１５２號，１５６號
FamilyMart 全家中和新興店,02-2942-7198,新北市,中和區,興南路二段３６號
FamilyMart 全家中和南興店,02-2942-0466,新北市,中和區,興南路二段５號
FamilyMart 全家中和烘爐店,02-2946-8782,新北市,中和區,興南路２段１２０號１樓
FamilyMart 全家中和錦福店,02-8245-3548,新北市,中和區,錦和路９５號１樓
FamilyMart 全家中和錦中店,02-2245-8753,新北市,中和區,錦中里錦和路３５６號１樓
FamilyMart 全家土城工業店,02-2267-8853,新北市,土城區,中山路６１號１樓
FamilyMart 全家土城鴻騰店,02-2269-4254,新北市,土城區,中山路６８號１１樓（部分）
FamilyMart 全家土城德興店,02-2270-3829,新北市,土城區,中央路一段４３號
FamilyMart 全家土城新德店,02-2264-4631,新北市,土城區,中央路一段２４８之２號
FamilyMart 全家土城員仁店,02-8262-3135,新北市,土城區,中央路二段３０８號
FamilyMart 全家土城中源店,02-8262-3623,新北市,土城區,中央路二段２６０號１樓
FamilyMart 全家土城中央店,02-2274-1563,新北市,土城區,員林里中央路二段８９號
FamilyMart 全家土城順風店,02-8261-2108,新北市,土城區,中央路二段１５４號
FamilyMart 全家土城永寧店,02-2269-4365,新北市,土城區,中央路三段７４－１號＆７４號１樓
FamilyMart 全家土城大安店,02-2269-0923,新北市,土城區,中央路三段１８７號
FamilyMart 全家土城欣隆店,02-2268-3967,新北市,土城區,中央路三段２８３號１樓
FamilyMart 全家土城鴻海附店,02-2268-9435,新北市,土城區,中央路四段５３－１號１樓
FamilyMart 全家土城頂埔店,02-2267-4416,新北市,土城區,中央路四段２６２號１樓
FamilyMart 全家土城恆山店,02-2268-4232,新北市,土城區,中央路４段２８１號１樓
FamilyMart 全家土城頂運店,02-2267-1054,新北市,土城區,中央路四段７０號１樓
FamilyMart 全家土城大道店,02-2261-6909,新北市,土城區,中華路一段３１號
FamilyMart 全家土城永豐店,02-8273-2850,新北市,土城區,永豐路１９５號
FamilyMart 全家土城虎躍店,02-2269-5054,新北市,土城區,自由街２號１樓
FamilyMart 全家土城新亞店,02-2269-7840,新北市,土城區,亞洲路５７號
FamilyMart 全家土城行政店,02-8261-8798,新北市,土城區,和平路１０－２號１樓
FamilyMart 全家土城吉城店,02-2270-0166,新北市,土城區,延吉街８０號１樓
FamilyMart 全家土城吉美店,02-2260-2720,新北市,土城區,延吉街２３９號１樓
FamilyMart 全家土城峰吉店,02-2262-8864,新北市,土城區,延吉街１５９號１樓
FamilyMart 全家土城冠延店,02-2262-2680,新北市,土城區,延和路１１１號
FamilyMart 全家土城明城店,02-2270-5842,新北市,土城區,明（上山＋下夆）街２０號１樓＋Ｂ１
FamilyMart 全家土城義鴻店,02-2273-3196,新北市,土城區,明德路一段３１１號１樓
FamilyMart 全家土城德清店,02-2262-8154,新北市,土城區,明德路一段１０３號１樓
FamilyMart 全家土城立雲店,02-2264-3909,新北市,土城區,金城路二段２５８之５號
FamilyMart 全家土城香榭店,02-2264-5031,新北市,土城區,金城路三段１０號１樓
FamilyMart 全家土城大城店,02-8262-0927,新北市,土城區,金城路三段１４１號１樓＆地下一樓
FamilyMart 全家土城青水店,02-2270-7634,新北市,土城區,青仁路３２號１樓
FamilyMart 全家土城雲陽店,02-2274-0328,新北市,土城區,青雲路１８５號１樓
FamilyMart 全家土城寬樺店,02-8273-3720,新北市,土城區,清和里青雲路３８２號、３８４號
FamilyMart 全家土城青雲店,02-2274-3769,新北市,土城區,青雲路４２號，４４號
FamilyMart 全家土城承天店,02-2269-5901,新北市,土城區,南天母路４７號（地下層）
FamilyMart 全家土城新仁愛店,02-2274-8910,新北市,土城區,清水路１７２號一樓
FamilyMart 全家土城莊園店,02-8273-3441,新北市,土城區,莊園街１００號＋１０２號１樓（配送用）
FamilyMart 全家土城裕成店,02-8273-2092,新北市,土城區,裕民路２１０號
FamilyMart 全家土城學富店,02-2264-1614,新北市,土城區,裕民路６９號１樓
FamilyMart 全家土城海裕店,02-2262-2604,新北市,土城區,裕民路９２巷２２弄３號１樓
FamilyMart 全家土城御昇店,02-2262-9626,新北市,土城區,裕生路１２號１樓
FamilyMart 全家土城裕勝店,02-2262-3307,新北市,土城區,裕生路５７號１．２樓
FamilyMart 全家土城城堡店,02-2274-3213,新北市,土城區,福仁街５０巷１號
FamilyMart 全家土城金福店,02-2269-5639,新北市,土城區,福安街１號１－３樓全棟
FamilyMart 全家土城福祥店,02-8261-5458,新北市,土城區,福祥街４６號一樓
FamilyMart 全家土城廣義店,02-8967-4909,新北市,土城區,廣明街４９號
FamilyMart 全家土城學士店,02-8273-1487,新北市,土城區,學士路２６號一樓
FamilyMart 全家土城學心店,02-8273-1491,新北市,土城區,學士路１６１號一樓
FamilyMart 全家土城學林店,02-8262-0694,新北市,土城區,學成路３６號１樓
FamilyMart 全家土城新學店,02-8262-4507,新北市,土城區,學府路一段１８７號１樓
FamilyMart 全家土城廣興店,02-2264-7450,新北市,土城區,廣興里學府路一段１００號
FamilyMart 全家土城海山店,02-2264-7851,新北市,土城區,學府路一段２９４號
FamilyMart 全家土城廣福店,02-2273-8441,新北市,土城區,學府路一段１６２號
FamilyMart 全家土城美仁店,02-8261-4954,新北市,土城區,學府路２段２１號１樓
FamilyMart 全家土城龍山店,02-8261-8609,新北市,土城區,龍山一街１７號
FamilyMart 全家三峽新莉雅店,02-2674-1580,新北市,三峽區,二鬮路５９之１號１樓
FamilyMart 全家三峽三樹店,02-2673-9736,新北市,三峽區,龍埔里三樹路２５７號２５９號一樓
FamilyMart 全家三峽同發店,02-8671-4604,新北市,三峽區,大同路３－１號１樓及地下層全部
FamilyMart 全家三峽金同店,02-8672-1784,新北市,三峽區,大同路１９６之１號１樓
FamilyMart 全家三峽大德店,02-3501-2620,新北市,三峽區,大德路４８３號１樓
FamilyMart 全家三峽福容店,02-2672-8452,新北市,三峽區,大學路８１號１樓
FamilyMart 全家三峽心湖店,02-3501-2534,新北市,三峽區,大學路１５１號１樓（心湖會館）
FamilyMart 全家三峽觀成店,02-8672-3040,新北市,三峽區,大觀路８０號１樓
FamilyMart 全家三峽峇里店,02-2673-6076,新北市,三峽區,鳶山里中山路３０３號一樓
FamilyMart 全家三峽金寶店,02-8671-4922,新北市,三峽區,中山路２４０號
FamilyMart 全家三峽新介壽店,02-8676-6209,新北市,三峽區,介壽路三段１７６號１樓
FamilyMart 全家三峽文化店,02-2672-8908,新北市,三峽區,文化路１１７號１樓
FamilyMart 全家三峽大勇店,02-2673-4590,新北市,三峽區,文化路２５４號１樓
FamilyMart 全家三峽民權店,02-8671-1532,新北市,三峽區,民權街２３１號１樓
FamilyMart 全家三峽光明店,02-2674-9014,新北市,三峽區,光明路６號，８號１樓
FamilyMart 全家三峽大同店,02-8674-2229,新北市,三峽區,光明路１００之６號
FamilyMart 全家三峽錦隆店,02-8671-7821,新北市,三峽區,國光街１號１樓
FamilyMart 全家三峽國光店,02-3501-2046,新北市,三峽區,國光街４２號
FamilyMart 全家三峽龍恩店,02-3501-2609,新北市,三峽區,國慶路１４８號
FamilyMart 全家三峽國寧店,02-8672-1143,新北市,三峽區,國學街３１．３３號
FamilyMart 全家三峽和平店,02-2673-5218,新北市,三峽區,復興路１５７號１樓
FamilyMart 全家三峽恩主店,02-2671-4305,新北市,三峽區,復興路３７３、３７５號１樓
FamilyMart 全家三峽復興店,02-2671-4174,新北市,三峽區,復興路５６號１樓
FamilyMart 全家三峽大學店,02-8672-1732,新北市,三峽區,學勤路１號１樓
FamilyMart 全家三峽學勝店,02-8671-6146,新北市,三峽區,學勤路１６２號１樓
FamilyMart 全家樹林德園店,02-2680-7279,新北市,樹林區,八德街６００及６０２號
FamilyMart 全家樹林俊興店,02-2688-7701,新北市,樹林區,三俊街１２７號１Ｆ
FamilyMart 全家樹林新三俊店,02-2676-1569,新北市,樹林區,三俊街１１２號
FamilyMart 全家樹林三福店,02-8688-3800,新北市,樹林區,三福街４５號１樓
FamilyMart 全家樹林圳福店,02-2686-8521,新北市,樹林區,千歲街６１巷２號１樓
FamilyMart 全家樹林大安店,02-2687-7960,新北市,樹林區,大安路５０１號１樓
FamilyMart 全家樹林金安店,02-2687-5845,新北市,樹林區,大安路５８５號１樓
FamilyMart 全家樹林凱旋店,02-8970-0748,新北市,樹林區,南園里大成路１０號１樓（光纖）三峽鎮
FamilyMart 全家樹林藝術店,02-2668-7483,新北市,樹林區,大雅路２８７號１樓
FamilyMart 全家樹林大雅店,02-2668-9762,新北市,樹林區,大雅路３９３號１樓
FamilyMart 全家樹林學誠店,02-3501-7864,新北市,樹林區,大義路１９６＆１９８號
FamilyMart 全家樹林中新店,02-2683-0689,新北市,樹林區,中山路一段１０８巷２２號
FamilyMart 全家樹林新中店,02-2668-5755,新北市,樹林區,中山路三段１０７號及１０７－１號
FamilyMart 全家樹林三德店,02-2676-3033,新北市,樹林區,中正路４８２號１樓
FamilyMart 全家樹林新全球店,02-8686-2215,新北市,樹林區,中華路２９１號
FamilyMart 全家樹林中華店,02-8686-7009,新北市,樹林區,中華路１８３．１８５號１樓
FamilyMart 全家樹林太平店,02-8684-5773,新北市,樹林區,太元街５８號
FamilyMart 全家樹林仁醫店,02-2684-2900,新北市,樹林區,文化街１４號１樓
FamilyMart 全家樹林日新店,02-2687-6139,新北市,樹林區,日新街５０號１樓
FamilyMart 全家樹林新育店,02-2686-0566,新北市,樹林區,育英街５３號１樓
FamilyMart 全家樹林新育園店,02-2668-5274,新北市,樹林區,佳園路一段４５號
FamilyMart 全家樹林五圓店,02-8685-0375,新北市,樹林區,忠孝街９９號１樓
FamilyMart 全家樹林欣榮店,02-8685-7876,新北市,樹林區,東榮街１０７號１樓
FamilyMart 全家樹林東興店,02-8684-7363,新北市,樹林區,東興街２２號１樓
FamilyMart 全家樹林東豐店,02-8684-9952,新北市,樹林區,東豐街５１號
FamilyMart 全家樹林工業店,02-2684-6582,新北市,樹林區,武林街２號
FamilyMart 全家樹林武林店,02-2688-8778,新北市,樹林區,保安街二段１０９號
FamilyMart 全家樹林新保安店,02-2688-6257,新北市,樹林區,保安街二段２１５號１樓
FamilyMart 全家樹林俊霖店,02-2676-5503,新北市,樹林區,俊英街１５５巷１號１樓
FamilyMart 全家樹林俊信店,02-2675-8782,新北市,樹林區,俊英街１１８號１樓
FamilyMart 全家樹林俊英店,02-2689-9787,新北市,樹林區,俊英街１１３號
FamilyMart 全家樹林三龍店,02-2676-5401,新北市,樹林區,俊興街２７７號
FamilyMart 全家樹林車站店,02-2681-3492,新北市,樹林區,後站街８號
FamilyMart 全家樹林新柑園店,02-2668-4823,新北市,樹林區,柑園街一段３０２號１樓
FamilyMart 全家樹林國凱店,02-8686-0727,新北市,樹林區,國凱街８２號
FamilyMart 全家樹林博愛店,02-8675-5840,新北市,樹林區,博愛街１５８號１樓
FamilyMart 全家樹林佳瑪店,02-2687-8166,新北市,樹林區,博愛街８９號１樓
FamilyMart 全家樹林嘉聯益店,02-8684-4863,新北市,樹林區,博愛街２４８號
FamilyMart 全家樹林復興店,02-2687-3547,新北市,樹林區,復興路２７２號，２７４號
FamilyMart 全家樹林潭興店,02-2682-9851,新北市,樹林區,潭興街２２號１樓、地下室
FamilyMart 全家樹林學園店,02-3501-9721,新北市,樹林區,學成路６０１號１樓
FamilyMart 全家樹林學勤店,02-8970-5219,新北市,樹林區,學勤路５５０．５５２號１樓
FamilyMart 全家樹林龍興店,02-2688-9613,新北市,樹林區,龍興街１５號
FamilyMart 全家樹林台鐵店,02-2681-7735,新北市,樹林區,鎮前街１１２號
FamilyMart 全家鶯歌行政店,02-2678-1963,新北市,鶯歌區,中正一路１５４號
FamilyMart 全家鶯歌正鶯店,02-8678-2074,新北市,鶯歌區,中正一路３７１號
FamilyMart 全家鶯歌車站店,02-8677-7836,新北市,鶯歌區,文化路６８號之１
FamilyMart 全家鶯歌永和店,02-8677-4362,新北市,鶯歌區,永和街１５１號１樓
FamilyMart 全家鶯歌永明店,02-2670-3617,新北市,鶯歌區,永明街７８號１樓
FamilyMart 全家鶯歌光明店,02-2670-3487,新北市,鶯歌區,光明街１７７號
FamilyMart 全家鶯歌尖峰店,02-8677-4110,新北市,鶯歌區,尖山路１２６號１樓
FamilyMart 全家鶯歌新南雅店,02-2670-4972,新北市,鶯歌區,南雅路４４２號
FamilyMart 全家鶯歌國慶店,02-2677-6756,新北市,鶯歌區,建國路１２２號１樓
FamilyMart 全家鶯歌站前店,02-8677-4875,新北市,鶯歌區,建國路５３之５號、、５３之６號１樓
FamilyMart 全家鶯歌尖山店,02-2679-7270,新北市,鶯歌區,國中街１－３號
FamilyMart 全家鶯歌鶯桃店,02-2670-6210,新北市,鶯歌區,鶯桃路４５號１樓
FamilyMart 全家三重力行店,02-2980-8615,新北市,三重區,力行路一段４０號
FamilyMart 全家三重大勇店,02-2982-9253,新北市,三重區,永發里力行路二段２號一樓
FamilyMart 全家三重三民店,02-2984-3629,新北市,三重區,三民街１１２號
FamilyMart 全家三重新福田店,02-2982-3712,新北市,三重區,三民街２７０號１樓
FamilyMart 全家三重三安店,02-2981-9584,新北市,三重區,三和路三段４０號
FamilyMart 全家三重厚德店,02-2981-5241,新北市,三重區,三和路三段１８６號１樓
FamilyMart 全家三重龍和店,02-2976-2428,新北市,三重區,三和路三段５９號
FamilyMart 全家三重福運店,02-2286-3881,新北市,三重區,三和路四段２５０號１樓
FamilyMart 全家三重銀和店,02-2287-0339,新北市,三重區,三和路四段３９４號１樓
FamilyMart 全家三重三張店,02-8985-2190,新北市,三重區,三張街１０８號１樓
FamilyMart 全家三重新三陽店,02-2971-8178,新北市,三重區,三陽路１３巷２號１樓
FamilyMart 全家三重陽光店,02-2971-7002,新北市,三重區,三陽路１１０號１樓
FamilyMart 全家三重富貴店,02-8287-6954,新北市,三重區,三賢街２０１號
FamilyMart 全家三重大同店,02-2984-1445,新北市,三重區,大同北路６號１樓
FamilyMart 全家三重車勇店,02-2986-8439,新北市,三重區,大勇街１號１樓
FamilyMart 全家三重大智店,02-2980-7923,新北市,三重區,大智街９４號
FamilyMart 全家三重致學店,02-2986-9646,新北市,三重區,大智街１９７號１樓
FamilyMart 全家三重三佾店,02-2978-4888,新北市,三重區,中央北路５８號１樓
FamilyMart 全家三重中央店,02-2974-4057,新北市,三重區,中央南路５１號１樓
FamilyMart 全家三重興南店,02-2974-2923,新北市,三重區,中央南路８號１樓
FamilyMart 全家三重金勇店,02-2985-0689,新北市,三重區,中正北路３７８號１樓
FamilyMart 全家三重新正店,02-2972-0095,新北市,三重區,中正南路１８４號１樓
FamilyMart 全家三重華泰店,02-2987-4587,新北市,三重區,中華路５３號１樓
FamilyMart 全家三重華山店,02-2987-9931,新北市,三重區,中華路２８號
FamilyMart 全家三重谷王店,02-2999-5146,新北市,三重區,五谷王北街１７１號１樓
FamilyMart 全家三重華興店,02-2987-6468,新北市,三重區,五華街４５號．４７號１樓
FamilyMart 全家三重新五華店,02-2988-9750,新北市,三重區,五華街８３號１樓
FamilyMart 全家三重仁美店,02-8287-9284,新北市,三重區,仁美街１０４號
FamilyMart 全家三重新仁義店,02-8985-9488,新北市,三重區,仁義街１６４號１樓
FamilyMart 全家三重華義店,02-8985-9180,新北市,三重區,仁義街２４４號、富華街１９３號１樓
FamilyMart 全家三重通華店,02-8287-5919,新北市,三重區,仁義街３１７號
FamilyMart 全家三重仁興店,02-2993-7198,新北市,三重區,仁興街３９巷４１號１樓及地下室
FamilyMart 全家三重大榮店,02-2976-1842,新北市,三重區,文化北路１５號１樓
FamilyMart 全家三重新文化店,02-2974-9186,新北市,三重區,文化南路３０號１樓
FamilyMart 全家三重正義北店,02-2986-3442,新北市,三重區,正義北路２５３號１樓
FamilyMart 全家三重民生店,02-2980-9320,新北市,三重區,民生東街２號
FamilyMart 全家三重永安店,02-2857-9121,新北市,三重區,永安北路二段１１號１樓
FamilyMart 全家三重福旺店,02-2286-3796,新北市,三重區,永福街１２３號１樓
FamilyMart 全家三重新永福店,02-2280-0071,新北市,三重區,永福街１２４號、１２６號１樓
FamilyMart 全家三重興富店,02-8512-4587,新北市,三重區,光復路一段７０號１樓
FamilyMart 全家三重群光店,02-2999-9287,新北市,三重區,光復路二段６９號１樓
FamilyMart 全家三重環南店,02-2974-3620,新北市,三重區,成功路５２號，５４號，５６號１樓
FamilyMart 全家三重成功店,02-2974-2342,新北市,三重區,福德里成功路１４５巷４５號４７號一樓
FamilyMart 全家三重欣田店,02-8983-7451,新北市,三重區,自強路二段２４號
FamilyMart 全家三重自立店,02-2986-3917,新北市,三重區,自強路三段１５號１樓
FamilyMart 全家三重車路頭店,02-8283-9334,新北市,三重區,車路頭街１４０號１樓及地下室
FamilyMart 全家三重田心店,02-2984-4120,新北市,三重區,田心里忠孝路三段５０巷８２號一樓
FamilyMart 全家三重長壽店,02-8982-7026,新北市,三重區,雙園里長壽西街１號
FamilyMart 全家三重新光榮店,02-2976-7953,新北市,三重區,長興街５７號１樓
FamilyMart 全家三重金陽店,02-8985-9597,新北市,三重區,重陽路一段７９號１樓
FamilyMart 全家三重九陽店,02-2984-5805,新北市,三重區,重陽路二段３０號１樓
FamilyMart 全家三重力陽店,02-2980-6455,新北市,三重區,重陽路三段１２６號１樓
FamilyMart 全家三重重仁店,02-8988-3651,新北市,三重區,重陽路三段５巷３０號
FamilyMart 全家三重信安店,02-2987-8001,新北市,三重區,重陽路四段５５號１樓
FamilyMart 全家三重天台店,02-2974-4755,新北市,三重區,重新路二段７８號
FamilyMart 全家三重菜寮店,02-2974-9493,新北市,三重區,重新路三段１２６號１樓
FamilyMart 全家三重重光店,02-2974-6074,新北市,三重區,重新路三段１７６號１樓
FamilyMart 全家三重湯城店,02-2999-2495,新北市,三重區,重新路５段６０９巷１４號之７＆之８
FamilyMart 全家三重中興店,02-2999-2889,新北市,三重區,重新路五段５９５，５９７號
FamilyMart 全家三重國泰店,02-2972-0115,新北市,三重區,重新路四段８９號重新第二大樓１樓
FamilyMart 全家三重新運店,02-2987-9457,新北市,三重區,捷運路１９巷６弄２０號１樓
FamilyMart 全家三重街口店,02-2987-5620,新北市,三重區,頂崁街２１０巷２號１樓
FamilyMart 全家三重頂崁店,02-2980-9001,新北市,三重區,博愛里２２鄰頂崁街２１０巷３１號１樓
FamilyMart 全家三重集勇店,02-2857-0741,新北市,三重區,集勇街１９號
FamilyMart 全家三重集美店,02-2974-2761,新北市,三重區,集美街１４９號１樓
FamilyMart 全家三重新集明店,02-2974-2458,新北市,三重區,集美街１１８號１樓
FamilyMart 全家三重醫院店,02-2984-5054,新北市,三重區,新北大道一段３號前棟２樓
FamilyMart 全家三重溪尾店,02-2286-7450,新北市,三重區,溪尾街１６０號１樓
FamilyMart 全家三重福溪店,02-8287-3066,新北市,三重區,溪尾街５６號
FamilyMart 全家三重過圳店,02-2986-8554,新北市,三重區,過圳街３號１樓
FamilyMart 全家三重大橋店,02-2976-9363,新北市,三重區,福德南路１０號１樓
FamilyMart 全家三重興德店,02-8512-4015,新北市,三重區,興德路１２３號
FamilyMart 全家三重龍門店,02-2972-3089,新北市,三重區,龍門路２７６號
FamilyMart 全家三重龍美店,02-2978-5611,新北市,三重區,龍濱路１２０號１樓
FamilyMart 全家三重龍明店,02-2978-1104,新北市,三重區,龍濱路１６８號１樓
FamilyMart 全家三重環北店,02-2973-6779,新北市,三重區,成功里環河南路２５３號一樓
FamilyMart 全家新莊八德店,02-2201-4759,新北市,新莊區,八德街１５巷２號，１７號
FamilyMart 全家新莊新德勝店,02-2201-4708,新北市,新莊區,八德街１３５號
FamilyMart 全家新莊副都店,02-8521-8124,新北市,新莊區,中央路４３７號１樓
FamilyMart 全家新莊中央店,02-8521-9448,新北市,新莊區,中央路５５８號１樓
FamilyMart 全家新莊中悅店,02-8521-5084,新北市,新莊區,中平路４００號１樓
FamilyMart 全家新莊新中平店,02-2996-6949,新北市,新莊區,中平路２９０號１樓
FamilyMart 全家新莊忠承店,02-2990-6231,新北市,新莊區,中平路３７７巷２號１樓
FamilyMart 全家新莊新幸福店,02-2996-9520,新北市,新莊區,中平路１８４巷１０弄７號１樓
FamilyMart 全家新莊狀元店,02-2998-4996,新北市,新莊區,中平路２６８號
FamilyMart 全家新莊中永店,02-8992-0165,新北市,新莊區,中平路６６號
FamilyMart 全家新莊安和店,02-2903-6055,新北市,新莊區,中正路８２９巷２２弄１號
FamilyMart 全家新莊福海店,02-2203-8885,新北市,新莊區,中正路４０１號
FamilyMart 全家新莊龍鳳店,02-2901-7635,新北市,新莊區,中正路７２９號
FamilyMart 全家新莊迴龍店,02-2901-1240,新北市,新莊區,中正路８９５－２６號１樓
FamilyMart 全家新莊新建店,02-2901-3769,新北市,新莊區,中正路新建巷４０號１樓
FamilyMart 全家新莊新正店,02-2990-0756,新北市,新莊區,中正路２６１號全部
FamilyMart 全家新莊中環店,02-2990-6924,新北市,新莊區,中和街１５５巷２號１樓＋２樓部分
FamilyMart 全家新莊和運店,02-2990-7549,新北市,新莊區,中和街１７號１樓
FamilyMart 全家新莊新中信店,02-8992-7949,新北市,新莊區,中信街４１號１樓
FamilyMart 全家新莊福前店,02-8521-8649,新北市,新莊區,中原東路５６號１樓
FamilyMart 全家新莊中原店,02-8992-0047,新北市,新莊區,中原路２９７號
FamilyMart 全家新莊福壽店,02-2990-8643,新北市,新莊區,中原路４５號
FamilyMart 全家新莊新和港店,02-2993-8945,新北市,新莊區,中港一街１４３號
FamilyMart 全家新莊中港店,02-2994-4832,新北市,新莊區,中港路１２６號
FamilyMart 全家新莊中美店,02-2279-6927,新北市,新莊區,中港路４１３＆４１５號１樓
FamilyMart 全家新莊華寧店,02-2994-6014,新北市,新莊區,中華路１段８號１樓
FamilyMart 全家新莊華運店,02-8992-1279,新北市,新莊區,中華路一段６７號１樓＋地下室
FamilyMart 全家新莊首富店,02-2990-2685,新北市,新莊區,中華里中華路二段５號
FamilyMart 全家新莊中榮店,02-2998-3442,新北市,新莊區,中榮街８４號
FamilyMart 全家新莊新工店,02-2298-9786,新北市,新莊區,福興里五工二路８１號一樓
FamilyMart 全家新莊五工店,02-2298-8045,新北市,新莊區,五工路７０號１樓＋Ｂ１
FamilyMart 全家新莊五權店,02-2298-0962,新北市,新莊區,五權一路３６號１樓＆２樓
FamilyMart 全家新莊泰園店,02-2975-7564,新北市,新莊區,公園一路１０３號１樓
FamilyMart 全家新莊樹成店,02-8521-4163,新北市,新莊區,化成路７３８號
FamilyMart 全家新莊福成店,02-2994-8672,新北市,新莊區,化成路５５２號１樓及地下室
FamilyMart 全家新莊新市店,02-8521-2417,新北市,新莊區,化成路４３１巷７６號
FamilyMart 全家新莊新雙鳳店,02-2901-1246,新北市,新莊區,天祥街２號
FamilyMart 全家新莊天美店,02-2903-0732,新北市,新莊區,天祥街４２號１樓
FamilyMart 全家新莊天祥店,02-2901-3468,新北市,新莊區,天祥街２９號１樓
FamilyMart 全家新莊維新店,02-2204-1652,新北市,新莊區,四維路１４７號１樓
FamilyMart 全家新莊德祐店,02-2208-3680,新北市,新莊區,四維路１５０巷９號１樓
FamilyMart 全家新莊民本店,02-2203-2338,新北市,新莊區,民本街２３巷２號１樓
FamilyMart 全家新莊民和店,02-2204-9299,新北市,新莊區,民安西路２４７號１樓
FamilyMart 全家新莊安華店,02-2966-7664,新北市,新莊區,民安西路３２１號１樓＋２樓
FamilyMart 全家新莊光明店,02-2206-2208,新北市,新莊區,民安西路１９２號１樓
FamilyMart 全家新莊富安店,02-2204-6753,新北市,新莊區,民安路２８５之１號
FamilyMart 全家新莊立信店,02-2998-2115,新北市,新莊區,立信一街１２號
FamilyMart 全家新莊自成店,02-2994-9824,新北市,新莊區,自信街２號１樓
FamilyMart 全家新莊自強店,02-8991-6578,新北市,新莊區,自強街２號
FamilyMart 全家新莊盛華店,02-2204-6755,新北市,新莊區,西盛街３９０號１樓
FamilyMart 全家新莊盛寧店,02-2203-0264,新北市,新莊區,西盛街１５１號１樓
FamilyMart 全家新莊興盛店,02-2204-7033,新北市,新莊區,西盛街２３０號１樓
FamilyMart 全家新莊昌平店,02-2990-6374,新北市,新莊區,昌平街５０號
FamilyMart 全家新莊昌盛店,02-2276-4464,新北市,新莊區,幸福里昌盛街６７號一樓
FamilyMart 全家新莊新明中店,02-2998-5116,新北市,新莊區,明中街１８號１樓
FamilyMart 全家新莊明志店,02-2901-4536,新北市,新莊區,明志路１９號１樓＆２樓
FamilyMart 全家新莊建中店,02-2277-9137,新北市,新莊區,建中街１１８號、１２０號、１２２號
FamilyMart 全家新莊建安店,02-2204-4299,新北市,新莊區,建安街４２號
FamilyMart 全家新莊建興店,02-2201-5482,新北市,新莊區,建安街１８號１樓
FamilyMart 全家新莊建國店,02-2908-1905,新北市,新莊區,建國一路４９號１樓右半
FamilyMart 全家新莊學輔店,02-2901-8239,新北市,新莊區,建國一路２號
FamilyMart 全家新莊新園寧店,02-2994-9325,新北市,新莊區,建興街１０１號
FamilyMart 全家新莊新建明店,02-2204-8981,新北市,新莊區,後港一路４８號１樓
FamilyMart 全家新莊部北店,02-2994-4981,新北市,新莊區,思源路１２７號
FamilyMart 全家新莊宏匯店,02-8521-3845,新北市,新莊區,思源路５５５號１樓
FamilyMart 全家新莊新頭前店,02-8521-9644,新北市,新莊區,思源路５９７號１樓
FamilyMart 全家新莊超級店,02-2204-5567,新北市,新莊區,莊崑路２５號１樓
FamilyMart 全家新莊金富店,02-2202-3655,新北市,新莊區,富國路１７６巷７號１樓
FamilyMart 全家新莊景德店,02-2206-4530,新北市,新莊區,景德路３８２號
FamilyMart 全家新莊天成店,02-2901-8545,新北市,新莊區,新北大道七段２１９號
FamilyMart 全家新莊城邦店,02-8521-6513,新北市,新莊區,新北大道三段７號１樓
FamilyMart 全家新莊泰豐店,02-2202-6118,新北市,新莊區,新泰路３巷１號
FamilyMart 全家新莊金泰店,02-2990-2069,新北市,新莊區,新泰路３０５巷１號１樓
FamilyMart 全家新莊新泰店,02-2997-2384,新北市,新莊區,新泰路１４６號
FamilyMart 全家新莊新立店,02-2992-2460,新北市,新莊區,新泰路２２５巷１號１樓
FamilyMart 全家新莊武廟店,02-2997-5613,新北市,新莊區,新莊路４３５號，４３５號之１
FamilyMart 全家新莊海山店,02-2204-2064,新北市,新莊區,新莊路７４１號１樓
FamilyMart 全家新莊通樹店,02-2204-3156,新北市,新莊區,新樹路２８８號１樓
FamilyMart 全家新莊新樹店,02-2207-5970,新北市,新莊區,新樹路６１３號１樓
FamilyMart 全家新莊新豐店,02-2202-0432,新北市,新莊區,新豐街１１號、１３號１樓
FamilyMart 全家新莊萬安店,02-2203-7583,新北市,新莊區,萬安街８０號
FamilyMart 全家新莊裕民店,02-2901-7969,新北市,新莊區,裕民街９７號１樓
FamilyMart 全家新莊福美店,02-8521-6435,新北市,新莊區,福美街１２６號１樓
FamilyMart 全家新莊福祿店,02-8993-8193,新北市,新莊區,福壽街８１號１樓
FamilyMart 全家新莊仁義店,02-2996-2848,新北市,新莊區,福壽街３８號１Ｆ
FamilyMart 全家新莊新福義店,02-2996-4281,新北市,新莊區,福壽街１３２號１樓
FamilyMart 全家新莊福樂店,02-8992-3468,新北市,新莊區,福樂街３０號１樓
FamilyMart 全家新莊正龍店,02-2904-6684,新北市,新莊區,龍安路９號１樓
FamilyMart 全家新莊金豐店,02-2206-9828,新北市,新莊區,豐年街６６號１樓
FamilyMart 全家新莊豐盛店,02-2204-0213,新北市,新莊區,豐盛二街１１號１樓
FamilyMart 全家新莊祥鳳店,02-2902-2674,新北市,新莊區,雙鳳路１０６號
FamilyMart 全家新莊三鳳店,02-2908-0840,新北市,新莊區,雙鳳路１３０號
FamilyMart 全家新莊瓊泰店,02-2204-9577,新北市,新莊區,瓊泰路７１號１樓
FamilyMart 全家泰山白金店,02-2297-9409,新北市,泰山區,仁愛路１０８號１樓
FamilyMart 全家泰山同興店,02-2900-7443,新北市,泰山區,仁義路２２０巷２號、８號１樓
FamilyMart 全家泰山新民權店,02-8531-3299,新北市,泰山區,民權街３３號１樓
FamilyMart 全家泰山辭修店,02-2297-1269,新北市,泰山區,明志路一段３７４號１樓
FamilyMart 全家泰山明豐店,02-2904-8829,新北市,泰山區,明志路二段３８３號１樓
FamilyMart 全家泰山銘志店,02-2909-5501,新北市,泰山區,明志路二段２３６號一樓
FamilyMart 全家泰山新義學店,02-2909-7397,新北市,泰山區,明志路二段５３號１樓
FamilyMart 全家泰山工專店,02-2904-6856,新北市,泰山區,明志路三段１７０號
FamilyMart 全家泰山明日城店,02-2297-2309,新北市,泰山區,信華一街３５號１樓
FamilyMart 全家泰山南科店,02-2904-5893,新北市,泰山區,南林路９８號支援二棟６樓販賣部
FamilyMart 全家泰山新泰林店,02-2900-0777,新北市,泰山區,泰林路二段１０７號１樓
FamilyMart 全家泰山麗池店,02-2900-7046,新北市,泰山區,泰林路二段５１８號
FamilyMart 全家泰山黎明店,02-2297-9445,新北市,泰山區,泰林路二段５７５號、５７７號１樓
FamilyMart 全家泰山憲訓店,02-2900-5487,新北市,泰山區,泰林路２段３６４號１樓
FamilyMart 全家泰山新貴子店,02-2903-6660,新北市,泰山區,貴子路３８號１樓
FamilyMart 全家泰山新輔醫店,02-2901-4162,新北市,泰山區,貴子路６９號Ｂ１
FamilyMart 全家泰山福興店,02-8531-1767,新北市,泰山區,同興里福興一街６０號一樓
FamilyMart 全家林口洪福店,02-2606-1202,新北市,林口區,下福里１１鄰１４７號之１
FamilyMart 全家林口工六店,02-2601-6951,新北市,林口區,東林里工六路７８號
FamilyMart 全家林口麗林店,02-2602-4790,新北市,林口區,中山路５２２號１樓
FamilyMart 全家林口南林店,02-2601-0881,新北市,林口區,中山路５５５號
FamilyMart 全家林口中正店,02-2601-5562,新北市,林口區,中正路２６６號
FamilyMart 全家林口正新店,02-2601-7615,新北市,林口區,中正路５１號１樓
FamilyMart 全家林口中菁店,02-2601-2057,新北市,林口區,新北巿林口區中正路２０１號１樓
FamilyMart 全家林口菁埔店,02-2601-7544,新北市,林口區,仁愛路一段２９２號
FamilyMart 全家林口新高中店,02-8601-2624,新北市,林口區,仁愛路二段１５６號１樓
FamilyMart 全家林口新創園店,02-8601-8695,新北市,林口區,仁愛路二段４９６號１樓
FamilyMart 全家林口文園店,02-2609-0261,新北市,林口區,公園路１７８號１樓
FamilyMart 全家林口住都店,02-2606-8053,新北市,林口區,文化一路一段１６６－１號１樓
FamilyMart 全家林口樂活店,02-2608-9613,新北市,林口區,文化二路１段２６９號１樓
FamilyMart 全家林口文化店,02-2608-3394,新北市,林口區,文化二路一段６８巷１號１樓
FamilyMart 全家林口隆林店,02-2602-2405,新北市,林口區,文化二路二段９０．９２號
FamilyMart 全家林口新都店,02-2600-9183,新北市,林口區,文化三路一段５５７號．５５９號１樓
FamilyMart 全家林口幸福店,02-2609-8325,新北市,林口區,文化三路一段３５號１樓
FamilyMart 全家林口菁英店,02-2608-9574,新北市,林口區,文化三路１段１２１號１樓
FamilyMart 全家林口影城店,02-2609-0534,新北市,林口區,文化三路一段４０６號１樓
FamilyMart 全家林口廣場店,02-2606-9860,新北市,林口區,文化三路一段２２３號一樓
FamilyMart 全家林口采都店,02-2600-5775,新北市,林口區,民族路８６號１樓
FamilyMart 全家林口忠一店,02-2600-9084,新北市,林口區,忠孝一路２６號１樓
FamilyMart 全家林口忠孝店,02-2608-5421,新北市,林口區,忠孝路６０１號
FamilyMart 全家林口竹林店,02-2602-4731,新北市,林口區,林口路１２６號１Ｆ
FamilyMart 全家林口文義店,02-2609-0866,新北市,林口區,湖南里信義路２８９號
FamilyMart 全家林口南勢店,02-2600-7216,新北市,林口區,南勢街２２８號１樓
FamilyMart 全家林口醒吾店,02-2603-1858,新北市,林口區,東林村粉寮路１段６６號１樓
FamilyMart 全家林口國宅店,02-2608-1140,新北市,林口區,麗園一街４巷１號１之４
FamilyMart 全家蘆洲恆德店,02-8281-4638,新北市,蘆洲區,三民路２６巷２２號，２４號
FamilyMart 全家蘆洲希望店,02-8286-6754,新北市,蘆洲區,三民路３７８之３號１樓
FamilyMart 全家蘆洲徐匯店,02-8281-1345,新北市,蘆洲區,中山一路２５號１樓
FamilyMart 全家徐匯廣場店,02-8281-1061,新北市,蘆洲區,中山一路６號１樓
FamilyMart 全家蘆洲中央店,02-8285-0698,新北市,蘆洲區,仁復里５鄰中央路５６號
FamilyMart 全家蘆洲正原店,02-2289-2773,新北市,蘆洲區,中正路１８５巷１９號
FamilyMart 全家蘆洲保正店,02-8281-1438,新北市,蘆洲區,中正路１８１－１號部份及２樓全部
FamilyMart 全家蘆洲中原店,02-2285-0171,新北市,蘆洲區,中原路３號１樓
FamilyMart 全家蘆洲新福原店,02-2289-2264,新北市,蘆洲區,中原路７０號
FamilyMart 全家蘆洲華安店,02-2848-8839,新北市,蘆洲區,中華街６巷５２號１樓
FamilyMart 全家蘆洲興賢店,02-8286-6445,新北市,蘆洲區,中興街６０號１樓
FamilyMart 全家蘆洲新民愛店,02-2847-0046,新北市,蘆洲區,仁愛街８１號１樓
FamilyMart 全家蘆洲新民生店,02-2285-2487,新北市,蘆洲區,民生街１２３號１樓
FamilyMart 全家蘆洲保佑店,02-8285-5113,新北市,蘆洲區,民族路４２３號
FamilyMart 全家蘆洲仁德店,02-8281-2279,新北市,蘆洲區,民族路７４號１樓
FamilyMart 全家蘆洲玉清店,02-8282-2002,新北市,蘆洲區,民族路１７８號，１８０號一樓
FamilyMart 全家蘆洲民華店,02-8283-1441,新北市,蘆洲區,民族路４２２巷８２弄１４，１６號
FamilyMart 全家蘆洲民仁店,02-8283-5024,新北市,蘆洲區,民族路４４８號
FamilyMart 全家蘆洲名族店,02-8285-2406,新北市,蘆洲區,民族路２５１號１樓
FamilyMart 全家蘆洲水湳店,02-2848-9350,新北市,蘆洲區,民族路５００號１樓
FamilyMart 全家蘆洲義興店,02-2848-4834,新北市,蘆洲區,民義街６８巷２、６號１樓
FamilyMart 全家蘆洲新虹展店,02-8286-2521,新北市,蘆洲區,民義街２２巷１８號
FamilyMart 全家蘆洲新鷺江店,02-8285-1197,新北市,蘆洲區,民權路３５號１樓
FamilyMart 全家蘆洲福安店,02-8285-4511,新北市,蘆洲區,民權路６６號１樓
FamilyMart 全家蘆洲永萍店,02-2848-1736,新北市,蘆洲區,永平街３２巷１７號１樓
FamilyMart 全家蘆洲永成店,02-2848-7328,新北市,蘆洲區,成功里永樂街８３號一樓
FamilyMart 全家蘆洲永樂店,02-2847-0014,新北市,蘆洲區,永樂街３８巷５７弄１號１Ｆ
FamilyMart 全家蘆洲光華店,02-8282-3555,新北市,蘆洲區,光華路１３２巷１號，１３４號１樓
FamilyMart 全家蘆洲金華店,02-2282-7493,新北市,蘆洲區,光華路１５０巷３８號１樓
FamilyMart 全家蘆洲得勝店,02-8285-1290,新北市,蘆洲區,成功路９９號１樓
FamilyMart 全家蘆洲中華店,02-8281-4768,新北市,蘆洲區,和平路１２２，１２４號
FamilyMart 全家蘆洲成功店,02-8283-1373,新北市,蘆洲區,長安街２４８號
FamilyMart 全家蘆洲長興店,02-2848-1192,新北市,蘆洲區,長安街１６８號１樓
FamilyMart 全家蘆洲長發店,02-8286-0503,新北市,蘆洲區,長安街１１號１樓＆Ｂ１
FamilyMart 全家蘆洲新安店,02-8286-8249,新北市,蘆洲區,長安街３０１號１樓
FamilyMart 全家蘆洲安宅店,02-2848-1650,新北市,蘆洲區,長安街７１號１樓
FamilyMart 全家蘆洲正榮店,02-8286-3084,新北市,蘆洲區,長榮路２０９號１樓
FamilyMart 全家蘆洲長樂店,02-2288-0271,新北市,蘆洲區,長樂路１７６號１樓
FamilyMart 全家蘆洲信義店,02-8285-4161,新北市,蘆洲區,信義路２２０號１樓
FamilyMart 全家蘆洲復江店,02-2288-1963,新北市,蘆洲區,復興路１５０．１５２號一樓
FamilyMart 全家蘆洲復興店,02-8285-2663,新北市,蘆洲區,復興路１１號１樓
FamilyMart 全家蘆洲花園店,02-8286-3423,新北市,蘆洲區,集賢路２６９巷１０號１樓
FamilyMart 全家蘆洲集賢店,02-2289-7841,新北市,蘆洲區,集賢路２３７號
FamilyMart 全家五股新工商店,02-2295-2430,新北市,五股區,工商路８７號１樓
FamilyMart 全家五股高亞店,02-2984-4397,新北市,五股區,興珍里中興路一段１４２號１４２之１號一
FamilyMart 全家五股五權店,02-2298-4246,新北市,五股區,五工五路３４號
FamilyMart 全家五股六福店,02-2293-1649,新北市,五股區,五福路７０號１樓
FamilyMart 全家五股五福店,02-8295-7618,新北市,五股區,五福里五福路２４號
FamilyMart 全家五股維興店,02-8981-3796,新北市,五股區,四維路７８號．８０號１樓
FamilyMart 全家五股新五義店,02-2293-9726,新北市,五股區,民義路一段１０９號１樓
FamilyMart 全家五股民義店,02-2294-2736,新北市,五股區,民義路二段１６號１樓
FamilyMart 全家五股水碓店,02-2297-7124,新北市,五股區,成泰路一段７巷２１號、２３號１樓
FamilyMart 全家五股蓬萊店,02-8292-1512,新北市,五股區,成泰路一段２３５－１１號１樓及Ｂ１
FamilyMart 全家五股成泰店,02-2293-1703,新北市,五股區,成泰路三段５７７巷１３８號１樓
FamilyMart 全家五股青水店,02-8292-3238,新北市,五股區,成泰路四段１６號１樓
FamilyMart 全家五股自強店,02-8292-1942,新北市,五股區,自強路７４號１樓
FamilyMart 全家五股貿商店,02-2293-6597,新北市,五股區,自強路１５４號１樓
FamilyMart 全家五股御雲店,02-2293-1757,新北市,五股區,西雲路２號１樓
FamilyMart 全家五股金雲店,02-2295-2906,新北市,五股區,西雲路２０８號１樓
FamilyMart 全家五股芳洲店,02-2295-3094,新北市,五股區,芳洲一路３８號１樓＆２樓
FamilyMart 全家五股新凌雲店,02-2295-3163,新北市,五股區,凌雲路一段７９號一樓
FamilyMart 全家五股御成店,02-2295-1046,新北市,五股區,御成路７５號１樓
FamilyMart 全家五股登科店,02-2293-1643,新北市,五股區,登林路７６之９號１樓
FamilyMart 全家五股新五店,02-2295-3177,新北市,五股區,新五路三段２５號１樓部份
FamilyMart 全家五股洲子洋店,02-2295-3856,新北市,五股區,新城八路７２號１樓
FamilyMart 全家八里龍王店,02-2610-1008,新北市,八里區,中山路一段１３１號１樓
FamilyMart 全家八里中廣店,02-2904-0262,新北市,八里區,中山路二段２７６號１樓
FamilyMart 全家八里中華店,02-8630-3476,新北市,八里區,中華路二段４６８號１樓
FamilyMart 全家八里華城店,02-8630-4933,新北市,八里區,中華路二段３０６號１樓
FamilyMart 全家八里廖添丁店,02-2610-1005,新北市,八里區,中華路３段１７號１樓
FamilyMart 全家八里富塘店,02-8630-3914,新北市,八里區,訊塘路６２號１樓
FamilyMart 全家八里船頭店,02-8630-4308,新北市,八里區,渡船頭街１號
FamilyMart 全家八里龍米店,02-2618-7522,新北市,八里區,龍米路一段２２２號１樓
FamilyMart 全家八里左岸店,02-2619-2618,新北市,八里區,觀海大道３７號１樓
FamilyMart 全家淡水興忠店,02-2626-3386,新北市,淡水區,水碓里１１鄰大忠街４３號１樓
FamilyMart 全家淡水新生店,02-2622-4332,新北市,淡水區,新興里大義街１１號
FamilyMart 全家淡水新江店,02-2622-7391,新北市,淡水區,中山北路二段１８８巷１６號１樓
FamilyMart 全家淡水市鎮店,02-2623-6102,新北市,淡水區,中山北路二段１８５號１樓
FamilyMart 全家淡水正中店,02-2628-2285,新北市,淡水區,竿蓁里中正東路一段７７號７９號
FamilyMart 全家淡水紅林店,02-2809-2016,新北市,淡水區,八勢里中正東路二段６９號１樓
FamilyMart 全家淡水新天闊店,02-2808-4041,新北市,淡水區,中正東路二段３３號
FamilyMart 全家淡水登峰店,02-2808-5461,新北市,淡水區,中正東路二段２７號２樓
FamilyMart 全家淡水滬鑫店,02-2622-8730,新北市,淡水區,中正路１３３號
FamilyMart 全家淡水成功店,02-2623-6052,新北市,淡水區,中正路５７號
FamilyMart 全家淡水捷運店,02-2626-9599,新北市,淡水區,中正路１號（捷運站１２號舖面）
FamilyMart 全家淡水淡海店,02-2805-0241,新北市,淡水區,中正路一段６２巷２號
FamilyMart 全家淡水水源店,02-2629-1496,新北市,淡水區,水源街一段１２４號１樓
FamilyMart 全家淡水源德店,02-2626-4758,新北市,淡水區,水源街一段１號
FamilyMart 全家淡水富山店,02-2623-9971,新北市,淡水區,水源街二段１７７巷６７號
FamilyMart 全家淡水五虎崗店,02-2622-4612,新北市,淡水區,水源街二段８６號１樓
FamilyMart 全家淡水北淡店,02-2621-5175,新北市,淡水區,北新路１８２巷３４號一樓
FamilyMart 全家淡水新旭店,02-2625-3827,新北市,淡水區,北新路１６９巷３５號１樓
FamilyMart 全家淡水學城店,02-2629-9127,新北市,淡水區,北新路１８２巷２１弄１－１號
FamilyMart 全家淡水天元店,02-2383-1985,新北市,淡水區,北新路二段１５０號
FamilyMart 全家淡水民生店,02-2808-1841,新北市,淡水區,民生路１１９號１樓
FamilyMart 全家淡水竹圍店,02-2809-9936,新北市,淡水區,民生路５８號
FamilyMart 全家淡水竹勝店,02-2808-2083,新北市,淡水區,民族路５６號１樓
FamilyMart 全家淡水加州店,02-8809-3432,新北市,淡水區,民權路１９號
FamilyMart 全家淡水自強店,02-2808-0360,新北市,淡水區,自強路８２號、８４號
FamilyMart 全家淡水埔嵿店,02-2808-7606,新北市,淡水區,自強路１５６號１樓
FamilyMart 全家淡水銘崙店,02-2805-9796,新北市,淡水區,沙崙路９號１樓
FamilyMart 全家淡水沙崙店,02-2805-0829,新北市,淡水區,沙崙里沙崙路１４９號
FamilyMart 全家淡水江南店,02-2625-5132,新北市,淡水區,沙崙路一段１０８號
FamilyMart 全家淡水海樂地店,02-2805-5711,新北市,淡水區,沙崙路二段７７７號
FamilyMart 全家淡水校園店,02-2620-9881,新北市,淡水區,英專路１５１號〈淡大美食廣場Ｂ１部分〉
FamilyMart 全家淡水大學店,02-2622-6380,新北市,淡水區,英專路１５１號
FamilyMart 全家淡水紅毛城店,02-2626-9188,新北市,淡水區,真理街２之１號
FamilyMart 全家淡江中學一店,02-2621-9750,新北市,淡水區,真理街２６號（綜合大樓二樓）
FamilyMart 全家淡江中學二店,02-8631-4669,新北市,淡水區,真理街２６號（原尋根園舊址１樓）
FamilyMart 全家淡水摩洛哥店,02-8626-8106,新北市,淡水區,淡金路３８巷７０號
FamilyMart 全家淡水新莊店,02-2622-7867,新北市,淡水區,淡金路一段１６６號
FamilyMart 全家淡水新崙店,02-2805-3641,新北市,淡水區,淡海路７６號１樓
FamilyMart 全家淡水青水店,02-2620-9862,新北市,淡水區,清水街９－５號一樓
FamilyMart 全家淡水淡水店,02-2623-7472,新北市,淡水區,博愛街１４號
FamilyMart 全家淡水義山店,02-2625-8537,新北市,淡水區,新市一路一段１０３號１樓
FamilyMart 全家淡水海都二店,02-2625-6142,新北市,淡水區,新市三路二段２７９號
FamilyMart 全家淡水海都三店,02-2625-7449,新北市,淡水區,新市三路二段３４３號１樓
FamilyMart 全家淡水新頂店,02-2805-9891,新北市,淡水區,新市五路２段３號１樓
FamilyMart 全家淡水海都店,02-2623-8741,新北市,淡水區,新市五路三段３１２號
FamilyMart 全家淡水新園店,02-2621-8918,新北市,淡水區,新民街７８號
FamilyMart 全家淡水新民店,02-2622-3099,新北市,淡水區,新民街１８０之６號
FamilyMart 全家淡水新盛店,02-2629-3924,新北市,淡水區,新民街１２２號
FamilyMart 全家淡水旭陞店,02-2621-7371,新北市,淡水區,新興里新生街５３號１樓
FamilyMart 全家淡水新摩天店,02-2625-5587,新北市,淡水區,新春街１８４號
FamilyMart 全家淡水福春店,02-2628-1994,新北市,淡水區,新興里新春街２號一樓
FamilyMart 全家淡水新春店,02-2620-0131,新北市,淡水區,新春街９５之７號１樓
FamilyMart 全家淡水新興店,02-2623-0631,新北市,淡水區,新興街６４號
FamilyMart 全家淡水凱旋店,02-2623-9952,新北市,淡水區,義山路一段２１６號
FamilyMart 全家淡水鄧公店,02-2628-2840,新北市,淡水區,鄧公路３２巷１號
FamilyMart 全家淡水麗景店,02-2625-2260,新北市,淡水區,學府路３０號１樓
FamilyMart 全家淡水財庫店,02-8631-9663,新北市,淡水區,學府路１３６巷４６號一樓
FamilyMart 全家淡水濱海店,02-2622-8293,新北市,淡水區,濱海路一段３０８號
FamilyMart 全家淡水上璟店,02-2623-0810,新北市,淡水區,濱海路二段２０２巷１７號１樓
FamilyMart 全家三芝如意店,02-2636-8526,新北市,三芝區,中山路一段７５號
FamilyMart 全家三芝吉祥店,02-2636-1917,新北市,三芝區,淡金路一段７３，７５，７７號
FamilyMart 全家白沙灣店,02-2638-3925,新北市,石門區,德茂里下員坑３０號之８
FamilyMart 全家石門粽香店,02-2638-2011,新北市,石門區,中央路２４號
FamilyMart 全家中壢原大店,034379511,桃園市,中壢區,大仁二街１７號１樓
FamilyMart 全家中壢新仁店,034659758,桃園市,中壢區,大仁四街１６號１樓
FamilyMart 全家中壢中央一店,034206551,桃園市,中壢區,中大路３００號（松果餐廳）
FamilyMart 全家中壢中央二店,034265685,桃園市,中壢區,中大路３００號（男九舍）
FamilyMart 全家中壢中央三店,034205531,桃園市,中壢區,中大路３００號松苑餐廳１樓
FamilyMart 全家中壢太子店,034665494,桃園市,中壢區,中山東路三段５１號
FamilyMart 全家中壢新仁美店,034565503,桃園市,中壢區,中山東路三段２１１之１號
FamilyMart 全家中壢龍文店,034668032,桃園市,中壢區,中山東路四段３４號
FamilyMart 全家中壢金央店,034254651,桃園市,中壢區,中山路１００號１Ｆ
FamilyMart 全家中壢中北店,034364237,桃園市,中壢區,中北路３１號
FamilyMart 全家中壢龍凱店,034207322,桃園市,中壢區,中央路２１８號１樓
FamilyMart 全家中壢站前店,034265615,桃園市,中壢區,石頭里５鄰中平路１、３號１樓
FamilyMart 全家中壢源興店,032807380,桃園市,中壢區,中平路８６－１號（興中移）
FamilyMart 全家中壢龍正店,034268507,桃園市,中壢區,中正路３５號１樓
FamilyMart 全家中壢聯運店,034265772,桃園市,中壢區,中和路１４６、１４８號１樓
FamilyMart 全家中壢新臺鐵店,032841406,桃園市,中壢區,中和路１３９號
FamilyMart 全家中壢國美店,032805571,桃園市,中壢區,中美路二段１１５號１樓
FamilyMart 全家中壢自強店,034510952,桃園市,中壢區,中華路一段８１０、８１２號
FamilyMart 全家中壢明光店,034536307,桃園市,中壢區,中華路一段５５０號８樓
FamilyMart 全家中壢龍園店,034629416,桃園市,中壢區,中園路１５號
FamilyMart 全家中壢宏大店,034535014,桃園市,中壢區,中園路１９２－２號
FamilyMart 全家中壢萬能店,034620757,桃園市,中壢區,中園路二段９１號
FamilyMart 全家中壢六合店,034255260,桃園市,中壢區,六和路４８號
FamilyMart 全家中壢文忠店,034332555,桃園市,中壢區,文中路二段５１－９號
FamilyMart 全家中壢元生店,034341827,桃園市,中壢區,文化二路２５２號２５６號
FamilyMart 全家中壢日新店,034361235,桃園市,中壢區,日新路２４號
FamilyMart 全家中壢三和店,034654605,桃園市,中壢區,日新路８０號
FamilyMart 全家中壢導航店,034627211,桃園市,中壢區,北園路２４號
FamilyMart 全家中壢弘福店,034384005,桃園市,中壢區,弘揚路９０號１Ｆ＋Ｂ１
FamilyMart 全家中壢弘志店,034658967,桃園市,中壢區,弘揚路２９號
FamilyMart 全家中壢外環店,034916512,桃園市,中壢區,民族路二段１３２號一樓
FamilyMart 全家中壢高嶺店,034207529,桃園市,中壢區,民族路五段３２６之２號
FamilyMart 全家中壢雙榮店,034200497,桃園市,中壢區,民族路五段６號１樓
FamilyMart 全家中壢元權店,034951945,桃園市,中壢區,民權路３４０號１樓。２樓
FamilyMart 全家中壢富裕店,034523403,桃園市,中壢區,永強街１０３號１樓
FamilyMart 全家中壢中美店,034269866,桃園市,中壢區,光復街１３號
FamilyMart 全家中壢吉林店,034514926,桃園市,中壢區,吉林二路７９巷２號
FamilyMart 全家中壢吉園店,034610309,桃園市,中壢區,吉林路６８之１號
FamilyMart 全家中壢城章店,034625435,桃園市,中壢區,成章一街１５６號
FamilyMart 全家中壢台達店,033270551,桃園市,中壢區,自強一路５－１號
FamilyMart 全家中壢復華店,034341338,桃園市,中壢區,復華里自強四路８８號一樓
FamilyMart 全家中壢工業店,034612181,桃園市,中壢區,西園路１１６號１樓
FamilyMart 全家中壢天晟店,034343442,桃園市,中壢區,延平路１４９號１樓
FamilyMart 全家中壢延平店,034266124,桃園市,中壢區,延平路５５２號
FamilyMart 全家中壢過嶺店,034906791,桃園市,中壢區,松義路１００號１樓
FamilyMart 全家中壢新銳店,03,桃園市,中壢區,青心路８８號１樓、２樓、Ｂ１
FamilyMart 全家中壢青峰店,032878058,桃園市,中壢區,青峰路一段６７號
FamilyMart 全家中壢忠孝店,034519387,桃園市,中壢區,信義路７６號
FamilyMart 全家中壢西園店,034552182,桃園市,中壢區,永福里南園二路１２號１４號一樓
FamilyMart 全家中壢金園店,034536048,桃園市,中壢區,南園二路３２３號１樓
FamilyMart 全家桃園高鐵一店,032878402,桃園市,中壢區,高鐵北路一段６號Ｂ１樓
FamilyMart 全家桃園高鐵二店,03,桃園市,中壢區,高鐵北路一段６號Ｂ１樓
FamilyMart 全家中壢青昇店,032878057,桃園市,中壢區,高鐵北路二段８０號１樓
FamilyMart 全家中壢青塘店,032872745,桃園市,中壢區,高鐵南路二段２２３號１樓
FamilyMart 全家中壢清英店,034280454,桃園市,中壢區,健行路２２９號
FamilyMart 全家中壢後站店,034593622,桃園市,中壢區,健行路２號１樓
FamilyMart 全家中壢培英店,034518277,桃園市,中壢區,培英路２４６號
FamilyMart 全家中壢莊敬店,034359580,桃園市,中壢區,莊敬路７７９號
FamilyMart 全家中壢自立店,034612172,桃園市,中壢區,莊敬路８２３號
FamilyMart 全家中壢復興店,034259562,桃園市,中壢區,復興路１號１樓
FamilyMart 全家中壢十里店,034272590,桃園市,中壢區,復興路１６１號
FamilyMart 全家中壢華勛店,034568778,桃園市,中壢區,華美一路１４３號
FamilyMart 全家中壢華美店,034163035,桃園市,中壢區,華美三路３８６之１號
FamilyMart 全家中壢文藝店,034253287,桃園市,中壢區,慈惠三街１３１號１樓
FamilyMart 全家中壢新中原店,034657833,桃園市,中壢區,新中北路２４３號１樓
FamilyMart 全家中壢禾凱店,034355908,桃園市,中壢區,新中北路３８０號
FamilyMart 全家中壢興廣店,034536026,桃園市,中壢區,新中北路二段４８９號
FamilyMart 全家中壢九和店,034279208,桃園市,中壢區,新生路１９８號
FamilyMart 全家中壢柏德店,034382027,桃園市,中壢區,實踐路２２１號
FamilyMart 全家中壢榮安店,032850697,桃園市,中壢區,榮安十三街２０５號
FamilyMart 全家中壢榮光店,034610427,桃園市,中壢區,榮安十三街２６２號
FamilyMart 全家中壢福爵店,034616552,桃園市,中壢區,福州二街５２６號１樓
FamilyMart 全家中壢大福店,034535514,桃園市,中壢區,福州二街４５７號
FamilyMart 全家中壢福安店,032118463,桃園市,中壢區,福州二街３６８號
FamilyMart 全家中壢元大一店,034358022,桃園市,中壢區,遠東路１３５號（元智大學宿舍區）
FamilyMart 全家中壢元大二店,034357993,桃園市,中壢區,遠東路１３５號（元智大學圖書館）
FamilyMart 全家中壢青埔店,032873133,桃園市,中壢區,洽溪里７鄰領航北路二段６６號１樓
FamilyMart 全家中壢中埔店,032876435,桃園市,中壢區,領航北路二段１５１號
FamilyMart 全家中壢航權店,033315307,桃園市,中壢區,領航南路一段８７號１樓
FamilyMart 全家中壢新埔店,032873962,桃園市,中壢區,領航南路二段１８１號１樓如附圖
FamilyMart 全家中壢青雲店,032873930,桃園市,中壢區,領航南路三段４５２號
FamilyMart 全家中壢元智店,034358772,桃園市,中壢區,興仁里興仁路二段６３號
FamilyMart 全家中壢興榮店,032854760,桃園市,中壢區,興仁路二段２８８號１樓
FamilyMart 全家中壢龍川店,034371941,桃園市,中壢區,龍川街３號１樓．２樓約５坪
FamilyMart 全家中壢龍航店,034670906,桃園市,中壢區,龍岡路一段２０４號
FamilyMart 全家中壢龍岡店,034578429,桃園市,中壢區,龍岡路二段１１５號
FamilyMart 全家中壢龍環店,034287885,桃園市,中壢區,龍岡路二段３１３號１樓
FamilyMart 全家中壢玉龍店,034280179,桃園市,中壢區,龍岡路三段１１７號
FamilyMart 全家中壢龍門店,034507940,桃園市,中壢區,龍岡路三段６１６號
FamilyMart 全家中壢金龍店,034572182,桃園市,中壢區,龍岡路三段１８４號１樓如附圖所示
FamilyMart 全家中壢龍慈店,034687862,桃園市,中壢區,龍岡路三段２７５號１Ｆ
FamilyMart 全家中壢龍樹店,034381941,桃園市,中壢區,龍東路２０５號１樓、２樓
FamilyMart 全家中壢米干店,034384109,桃園市,中壢區,龍東路２６０號
FamilyMart 全家中壢龍平店,034657273,桃園市,中壢區,龍東路４２６號
FamilyMart 全家中壢龍城店,034668114,桃園市,中壢區,龍慈路５９號１樓
FamilyMart 全家中壢富強店,033716791,桃園市,中壢區,環中東路８號１樓
FamilyMart 全家中壢環中店,032853547,桃園市,中壢區,環中東路２０８號、２０８之１號１樓
FamilyMart 全家中壢環福店,034586493,桃園市,中壢區,環中東路二段３１４號１樓及夾層
FamilyMart 全家中壢環廣店,034925056,桃園市,中壢區,環西路１２１號１樓
FamilyMart 全家中壢環西店,034944757,桃園市,中壢區,環西路二段３０２號１樓、２樓
FamilyMart 全家平鎮上海店,033979040,桃園市,平鎮區,上海路２０５號１樓
FamilyMart 全家平鎮中庸店,034397398,桃園市,平鎮區,金星里中庸路１２６號１２８號一樓
FamilyMart 全家平鎮中興店,033388086,桃園市,平鎮區,中興路平鎮段３５７號１樓
FamilyMart 全家平鎮台達店,034191972,桃園市,平鎮區,中興路平鎮段４５８號
FamilyMart 全家平鎮湧光店,034191848,桃園市,平鎮區,中豐路山頂段２１０號１樓
FamilyMart 全家平鎮日星店,034693600,桃園市,平鎮區,中豐路山頂段３號１、２樓
FamilyMart 全家平鎮南東店,034397532,桃園市,平鎮區,中豐路南勢二段１號
FamilyMart 全家平鎮南勢店,033490469,桃園市,平鎮區,金星里中豐路南勢二段２０６號１樓
FamilyMart 全家平鎮平南店,034031551,桃園市,平鎮區,中豐路南勢二段４６２號１樓
FamilyMart 全家平鎮富民店,034952304,桃園市,平鎮區,文化街１１６號１樓
FamilyMart 全家平鎮東安店,034602272,桃園市,平鎮區,平東路２３３號１樓
FamilyMart 全家平鎮東順店,034501388,桃園市,平鎮區,平東路５７１號１樓
FamilyMart 全家平鎮新明店,034952141,桃園市,平鎮區,民族路１３５號壹樓（如附圖所示）
FamilyMart 全家平鎮民族店,034024798,桃園市,平鎮區,民族路二段１８９，１９１號１樓
FamilyMart 全家平鎮雙連店,034204064,桃園市,平鎮區,民族路雙連二段１２０號旁
FamilyMart 全家平鎮義興店,034931646,桃園市,平鎮區,育達路７５號１Ｆ
FamilyMart 全家平鎮振興店,034576430,桃園市,平鎮區,北勢里和平路２１６號
FamilyMart 全家平鎮彩虹店,034028491,桃園市,平鎮區,延平路二段３４１號一樓（前段約１８坪）
FamilyMart 全家平鎮極光店,034013607,桃園市,平鎮區,延平路二段１５號
FamilyMart 全家平鎮平興店,034918563,桃園市,平鎮區,延平路二段４３０巷２２號１Ｆ
FamilyMart 全家平鎮大仁店,034575027,桃園市,平鎮區,金陵路三段６８號
FamilyMart 全家平鎮金豐店,034396499,桃園市,平鎮區,南平路１１９號
FamilyMart 全家平鎮南豐店,034695915,桃園市,平鎮區,南豐路１１２號１樓
FamilyMart 全家平鎮新德店,034936884,桃園市,平鎮區,振興西路１３８號１樓
FamilyMart 全家平鎮復興店,033768427,桃園市,平鎮區,復興街５２號
FamilyMart 全家平鎮義廣店,034931243,桃園市,平鎮區,廣明路５９號
FamilyMart 全家平鎮壢新店,034918197,桃園市,平鎮區,廣泰路１００號１樓
FamilyMart 全家平鎮廣南店,034024499,桃園市,平鎮區,環南路二段３７號１樓
FamilyMart 全家平鎮德育店,034589131,桃園市,平鎮區,環南路三段９３號
FamilyMart 全家龍潭大昌店,034897902,桃園市,龍潭區,大昌路一段３０號１樓
FamilyMart 全家龍潭龍昌店,034797183,桃園市,龍潭區,大昌路二段８０號
FamilyMart 全家龍潭五福店,034807507,桃園市,龍潭區,中正路１８７之９號
FamilyMart 全家龍潭興龍店,034809934,桃園市,龍潭區,中正路１４８號
FamilyMart 全家龍潭魯冰花店,034798627,桃園市,龍潭區,中正路三林段５００號
FamilyMart 全家龍潭高原店,034717489,桃園市,龍潭區,中原路三段１５號
FamilyMart 全家龍潭中興店,034990684,桃園市,龍潭區,中興村中興路６５號１樓
FamilyMart 全家龍潭陸醫店,034096642,桃園市,龍潭區,中興路１６８號１樓
FamilyMart 全家龍潭武漢店,034798052,桃園市,龍潭區,中興路３３４號１樓
FamilyMart 全家龍潭中豐店,034799899,桃園市,龍潭區,中豐路５３５號１樓
FamilyMart 全家龍潭車旅店,032806386,桃園市,龍潭區,公園路５０號
FamilyMart 全家龍潭龍華店,034705634,桃園市,龍潭區,北龍路１５３號１樓
FamilyMart 全家龍潭兄弟店,034092818,桃園市,龍潭區,民生路１０號
FamilyMart 全家龍潭百年店,034097375,桃園市,龍潭區,百年路１９號
FamilyMart 全家龍潭東龍店,034796251,桃園市,龍潭區,東龍路２０２號１樓部分
FamilyMart 全家龍潭龍聖店,034096182,桃園市,龍潭區,梅龍路１８９號１樓
FamilyMart 全家龍潭金友達店,034096873,桃園市,龍潭區,龍園一路２８８號（友達光電Ｋ棟）
FamilyMart 全家楊梅三民店,034314516,桃園市,楊梅區,金溪里三民路二段９６巷２號一樓
FamilyMart 全家楊梅金立店,033834873,桃園市,楊梅區,中山北路一段１８６號壹樓＋地下室
FamilyMart 全家楊梅金品店,034859293,桃園市,楊梅區,中山北路一段３６９號壹樓
FamilyMart 全家楊梅楊光店,034827453,桃園市,楊梅區,中山北路二段４８之１號１樓
FamilyMart 全家楊梅縱貫店,032889474,桃園市,楊梅區,中山南路５９０號
FamilyMart 全家楊梅富岡店,032821711,桃園市,楊梅區,中正路９５、９７號１樓
FamilyMart 全家楊梅晟熙店,034311570,桃園市,楊梅區,中興路４２號１樓
FamilyMart 全家楊梅四維店,034828986,桃園市,楊梅區,文化街２６３號１樓
FamilyMart 全家楊梅文化店,034345363,桃園市,楊梅區,文化街８５號壹樓
FamilyMart 全家楊梅永美店,034825087,桃園市,楊梅區,永美路３９３－１號１Ｆ
FamilyMart 全家楊梅埔心店,034315180,桃園市,楊梅區,埔心里永美路２１０號
FamilyMart 全家楊梅青城店,034963453,桃園市,楊梅區,青山五街２６號１樓與地下１樓
FamilyMart 全家楊梅校前店,034023615,桃園市,楊梅區,校前路３０６之１號
FamilyMart 全家楊梅瑞梅店,034312535,桃園市,楊梅區,梅獅路二段６９之１號
FamilyMart 全家楊梅瑞平店,034317536,桃園市,楊梅區,梅獅路二段１６８號１樓
FamilyMart 全家楊梅新成店,034855816,桃園市,楊梅區,新成路１７１號
FamilyMart 全家楊梅金山店,034750721,桃園市,楊梅區,新農街６０６號１樓
FamilyMart 全家楊梅揚新店,034752859,桃園市,楊梅區,楊新北路２５７、２５９號壹樓
FamilyMart 全家楊梅車站店,034757495,桃園市,楊梅區,楊新路６５號壹樓
FamilyMart 全家楊梅幼獅店,034965695,桃園市,楊梅區,獅一路１之６號
FamilyMart 全家楊梅瑞溪店,034313895,桃園市,楊梅區,瑞溪路一段１２９號
FamilyMart 全家楊梅北都店,034314050,桃園市,楊梅區,裕成里裕成南路３３２號一樓
FamilyMart 全家楊梅民族店,034207805,桃園市,楊梅區,新榮里電研路２５０巷１號１樓
FamilyMart 全家楊梅福德店,034518150,桃園市,楊梅區,福德街６６號壹樓部份
FamilyMart 全家新屋永安店,034863716,桃園市,新屋區,中山西路三段６４７號壹樓（如附圖框線）
FamilyMart 全家新屋車站店,034770006,桃園市,新屋區,中山路３６１號１樓
FamilyMart 全家新屋清華店,034970524,桃園市,新屋區,中華路６１４號
FamilyMart 全家新屋富榮店,034904523,桃園市,新屋區,新榮路２０６號
FamilyMart 全家觀音大觀店,034761360,桃園市,觀音區,保障村大觀路一段３４５號
FamilyMart 全家觀音草漯店,034830671,桃園市,觀音區,草漯里大觀路二段１９０－７號
FamilyMart 全家觀音新坡店,032825391,桃園市,觀音區,中山路二段６７３號１＆２樓
FamilyMart 全家觀音敬業店,034160058,桃園市,觀音區,成功路一段５５１，５５３，５５５號１樓
FamilyMart 全家觀音成功店,034831031,桃園市,觀音區,成功路二段８２９號
FamilyMart 全家觀音忠愛店,034989002,桃園市,觀音區,忠愛路１號
FamilyMart 全家觀音新城店,034834435,桃園市,觀音區,建國路１８８號
FamilyMart 全家觀音嘉聯益店,033362313,桃園市,觀音區,桃科十路８號１樓
FamilyMart 全家桃園力行店,033321461,桃園市,桃園區,力行路１９４號１樓
FamilyMart 全家桃園宏海店,032173319,桃園市,桃園區,上海路１００號
FamilyMart 全家桃園車站店,033317405,桃園市,桃園區,大同路２８號１樓
FamilyMart 全家桃園冠倫店,033562892,桃園市,桃園區,大有路５５４號
FamilyMart 全家桃園大友店,033359491,桃園市,桃園區,大有里１７鄰大有路３０２號１樓
FamilyMart 全家桃園後站店,033642526,桃園市,桃園區,建國里大林路７１號１Ｆ
FamilyMart 全家桃園元富店,033355731,桃園市,桃園區,大業路一段４６號、４８號１樓
FamilyMart 全家桃園民富店,033314635,桃園市,桃園區,大業路一段１２６號１樓
FamilyMart 全家桃園帝國店,033588900,桃園市,桃園區,大興西路一段２０８號
FamilyMart 全家桃園御賞店,032161611,桃園市,桃園區,寶慶里大興西路二段１２８號１樓
FamilyMart 全家桃園鶴岡店,032160572,桃園市,桃園區,大興西路二段１３９巷７７號
FamilyMart 全家桃園中路店,033019519,桃園市,桃園區,大興西路三段２５７號
FamilyMart 全家桃園大豐店,033642026,桃園市,桃園區,大豐路１０２號１樓
FamilyMart 全家桃園朝陽店,033381667,桃園市,桃園區,中山東路１７號
FamilyMart 全家桃園國陽店,033377356,桃園市,桃園區,中山東路３２之２１號１樓．Ｂ１
FamilyMart 全家桃園中山店,033334800,桃園市,桃園區,中山路５０５號１Ｆ
FamilyMart 全家桃園武陵店,033708946,桃園市,桃園區,中山路９９２號
FamilyMart 全家桃園國鼎店,033693436,桃園市,桃園區,中山路８４５號１樓Ｂ室
FamilyMart 全家桃園育樂店,034228332,桃園市,桃園區,中山路２９５號１樓、２樓
FamilyMart 全家桃園吉昌店,032207751,桃園市,桃園區,中平路３２號
FamilyMart 全家桃園世貿店,033577571,桃園市,桃園區,中正路１０６９號
FamilyMart 全家桃園和信店,033366772,桃園市,桃園區,中正路４８巷１６號
FamilyMart 全家桃園東埔店,033357105,桃園市,桃園區,東埔里中正路３７８號
FamilyMart 全家桃園同德店,033588136,桃園市,桃園區,莊敬里中正路１３１６號，１３１８號１樓
FamilyMart 全家桃園站前店,033367478,桃園市,桃園區,中正路１３，１５，１７號
FamilyMart 全家桃園中寧店,033589158,桃園市,桃園區,中正路１１６７號１樓
FamilyMart 全家桃園大正店,033344775,桃園市,桃園區,中正路３０２號１樓
FamilyMart 全家桃園百貨店,033475553,桃園市,桃園區,中正路６１號１樓
FamilyMart 全家桃園新北埔店,033319149,桃園市,桃園區,中正路５０９號１樓
FamilyMart 全家桃園中州店,032288471,桃園市,桃園區,中州街５７號
FamilyMart 全家桃園壽星店,033795374,桃園市,桃園區,仁愛路６０號１樓。２樓
FamilyMart 全家桃園陽明店,033640968,桃園市,桃園區,介壽路１６５號１樓
FamilyMart 全家桃園介壽店,033637128,桃園市,桃園區,介壽路４０８號１＆２樓
FamilyMart 全家桃園龍昇店,032184602,桃園市,桃園區,介壽路１７號一樓
FamilyMart 全家桃園文中店,033275621,桃園市,桃園區,文中路４０９－１號
FamilyMart 全家桃園米蘭店,034770939,桃園市,桃園區,正光路７００號１樓
FamilyMart 全家桃園早稻田店,033465031,桃園市,桃園區,正康三街１８１號１樓
FamilyMart 全家桃園民安店,033397059,桃園市,桃園區,武陵里民生路７４號１樓
FamilyMart 全家桃園民光店,033588972,桃園市,桃園區,民光東路１２０號
FamilyMart 全家桃園青溪店,032878403,桃園市,桃園區,民光東路３２６號１樓
FamilyMart 全家桃園縣安店,033335813,桃園市,桃園區,民安路９９號１樓
FamilyMart 全家桃園民樂店,033368935,桃園市,桃園區,民族路１８７號
FamilyMart 全家桃園文昌店,033355445,桃園市,桃園區,民權路３１號１樓
FamilyMart 全家桃園龍彩店,033171967,桃園市,桃園區,永安北路４２４號１樓之１
FamilyMart 全家桃園永安店,033395404,桃園市,桃園區,永安路２１９號
FamilyMart 全家桃園永行店,032121391,桃園市,桃園區,永安路３８１號１樓
FamilyMart 全家桃園永順店,033267140,桃園市,桃園區,永安路７５２號１樓
FamilyMart 全家桃園中埔店,033414897,桃園市,桃園區,同德十街３５號、３７號１樓
FamilyMart 全家桃園新天地店,033462225,桃園市,桃園區,同德五街９８號１樓
FamilyMart 全家桃園東陽店,033395478,桃園市,桃園區,成功路二段６９號１樓
FamilyMart 全家桃園竹城店,033464097,桃園市,桃園區,幸福路２３８號１樓
FamilyMart 全家桃園建國店,033766328,桃園市,桃園區,延平路１３５之１號１樓
FamilyMart 全家桃園延平店,033615185,桃園市,桃園區,金門二街２３４號１樓
FamilyMart 全家桃園長沙店,033634586,桃園市,桃園區,長沙街７２號
FamilyMart 全家桃園同安店,033586804,桃園市,桃園區,南平路２１１號
FamilyMart 全家桃園南平店,033463509,桃園市,桃園區,南平路１９４．１９６號
FamilyMart 全家桃園寶安店,033468826,桃園市,桃園區,南平路４１６號１樓＆地下一樓
FamilyMart 全家桃園愛國店,033767528,桃園市,桃園區,建國路４０號
FamilyMart 全家桃園建新店,033751735,桃園市,桃園區,建新街８８號
FamilyMart 全家桃園興國強店,033693212,桃園市,桃園區,國強一街２０８號
FamilyMart 全家桃園鼎聖店,033922199,桃園市,桃園區,國鼎一街２８號
FamilyMart 全家桃園崇法店,032151970,桃園市,桃園區,國際路二段５９６號１樓
FamilyMart 全家桃園國安店,033702861,桃園市,桃園區,國豐三街１０６號１樓
FamilyMart 全家桃園大郡店,033460250,桃園市,桃園區,莊敬路一段２０４號１樓及Ｂ１
FamilyMart 全家桃園莊敬店,033585850,桃園市,桃園區,莊敬路一段３７６號，中正路１４１６號
FamilyMart 全家桃園莊園店,032160387,桃園市,桃園區,莊敬路二段２４３之１號
FamilyMart 全家桃園復興店,033355002,桃園市,桃園區,復興路１５１號
FamilyMart 全家桃園慈愛店,033576920,桃園市,桃園區,慈光街１１４號
FamilyMart 全家桃園水岸店,033151030,桃園市,桃園區,經國二路８７號－Ａ１
FamilyMart 全家桃園金盛店,033589240,桃園市,桃園區,經國路１３０號１樓
FamilyMart 全家桃園榮運店,033586466,桃園市,桃園區,經國路８９９號一樓房屋
FamilyMart 全家桃園麗品店,033469068,桃園市,桃園區,經國路２２３號１Ｆ
FamilyMart 全家桃園天祥店,033562389,桃園市,桃園區,經國路４５１號一樓
FamilyMart 全家桃園榮華店,033673728,桃園市,桃園區,榮華街６３巷２９號１樓
FamilyMart 全家桃園市府店,033946139,桃園市,桃園區,縣府路１號
FamilyMart 全家桃園宏達電店,033632025,桃園市,桃園區,興華路２３號
FamilyMart 全家桃園台達店,033630540,桃園市,桃園區,興隆路１８號１樓
FamilyMart 全家桃園龍安店,032172781,桃園市,桃園區,龍安街１６９之３號，國強十一街７１號
FamilyMart 全家桃園雙龍店,033702193,桃園市,桃園區,龍壽里龍壽街１５８號
FamilyMart 全家桃園寶山店,033579430,桃園市,桃園區,寶山街３７５．３７７號１樓
FamilyMart 全家桃園金寶店,033268325,桃園市,桃園區,寶山街２６５號１樓
FamilyMart 全家龜山大傳店,033492278,桃園市,龜山區,大同路２３２號１樓＋２樓
FamilyMart 全家龜山大同店,033192481,桃園市,龜山區,大同路３６７號１樓
FamilyMart 全家龜山銘成店,032118462,桃園市,龜山區,大同路１９６號
FamilyMart 全家龜山山鶯店,033595062,桃園市,龜山區,山鶯路４１號
FamilyMart 全家龜山中興店,033129053,桃園市,龜山區,中興路一段１０號１樓
FamilyMart 全家龜山庚行店,033273822,桃園市,龜山區,文化一路２５９號１樓（管理大樓）
FamilyMart 全家龜山庚勤店,032118033,桃園市,龜山區,文化一路２６１號庚勤樓Ｌ棟５樓
FamilyMart 全家龜山庚德店,033270034,桃園市,龜山區,文化一路２５９號Ｂ１樓（據德樓宿舍）
FamilyMart 全家龜山竹城店,033272415,桃園市,龜山區,文化一路２１８號１樓
FamilyMart 全家龜山樂高店,033186127,桃園市,龜山區,文化七路９７號１樓
FamilyMart 全家龜山文銓店,033284576,桃園市,龜山區,文化七路１８６號１樓
FamilyMart 全家龜山長庚店,033273046,桃園市,龜山區,文化二路３２之２２號
FamilyMart 全家龜山文華店,033278705,桃園市,龜山區,文化三路３９９號１樓＆夾層
FamilyMart 全家龜山文湖店,033684036,桃園市,龜山區,文化三路７８巷４３號１樓
FamilyMart 全家龜山文青店,033275297,桃園市,龜山區,文青二路１８８號１樓
FamilyMart 全家龜山新都店,033974704,桃園市,龜山區,文青路３５７號１＆２樓
FamilyMart 全家龜山新城店,033183264,桃園市,龜山區,文青路２１７號１樓
FamilyMart 全家龜山致茂店,033275293,桃園市,龜山區,文茂路８６號１樓
FamilyMart 全家龜山文德店,033972063,桃園市,龜山區,文德路７６號１樓
FamilyMart 全家龜山善捷店,033270649,桃園市,龜山區,牛角坡路２５２號１樓＆夾層
FamilyMart 全家龜山光峰店,033495020,桃園市,龜山區,光峰路１８５號
FamilyMart 全家龜山自強店,033207774,桃園市,龜山區,新興村３８鄰自強南路７１號７３號１樓
FamilyMart 全家龜山幸美店,033197009,桃園市,龜山區,幸美九街２７號１樓
FamilyMart 全家龜山幸福店,033196352,桃園市,龜山區,幸福一街２４號１樓
FamilyMart 全家龜山美滿店,033498992,桃園市,龜山區,幸福七街２６之１號１樓
FamilyMart 全家龜山忠義店,033494488,桃園市,龜山區,楓樹村忠義路一段５６號一樓
FamilyMart 全家龜山大湖店,033272353,桃園市,龜山區,忠義路二段６２６號１樓
FamilyMart 全家龜山長慶店,033731140,桃園市,龜山區,長慶二街７８號１樓
FamilyMart 全家蘆竹南祥店,033216145,桃園市,龜山區,南上路４３５號
FamilyMart 全家龜山興龍店,033597922,桃園市,龜山區,振興路５０號一樓
FamilyMart 全家龜山陸光店,032132197,桃園市,龜山區,陸光路９８號１樓
FamilyMart 全家龜山頂興店,033590358,桃園市,龜山區,山福村頂興路３９之６號一樓
FamilyMart 全家龜山文欣店,033279270,桃園市,龜山區,復興一路７４號１樓
FamilyMart 全家龜山華亞科店,033273961,桃園市,龜山區,復興三路３２號
FamilyMart 全家龜山復興店,033973323,桃園市,龜山區,復興北路４３號１樓
FamilyMart 全家龜山文醫店,033972056,桃園市,龜山區,復興街５號１樓
FamilyMart 全家龜山雲蓮店,033183365,桃園市,龜山區,復興街３０２號
FamilyMart 全家龜山導航店,033273147,桃園市,龜山區,華亞二路２７０號Ｂ１樓
FamilyMart 全家龜山樂善店,033275378,桃園市,龜山區,華亞三路３９巷２號１樓
FamilyMart 全家龜山天際店,034225316,桃園市,龜山區,華亞三路２０１號
FamilyMart 全家龜山龍壽店,02-8200-1091,桃園市,龜山區,龍壽村萬壽路一段９３號
FamilyMart 全家龜山光啟店,02-8200-1363,桃園市,龜山區,萬壽路一段２６８之３號
FamilyMart 全家龜山龍華店,02-8209-2667,桃園市,龜山區,萬壽路一段１１６號
FamilyMart 全家龜山萬壽店,033501272,桃園市,龜山區,龜山村萬壽路二段６６２號６６２之１號一
FamilyMart 全家龜山興壽店,033296967,桃園市,龜山區,萬壽路二段１２３３號１樓
FamilyMart 全家龜山德明店,033509883,桃園市,龜山區,德明路１０５號，１０７號１樓
FamilyMart 全家龜山銘園店,033297518,桃園市,龜山區,德明路５號．第二餐廳旁
FamilyMart 全家龜山銘美店,033197261,桃園市,龜山區,德明路５號１樓
FamilyMart 全家龜山文吉店,033170925,桃園市,龜山區,樂善二路５１３號
FamilyMart 全家龜山金文達店,033274636,桃園市,龜山區,樂學三路９０號
FamilyMart 全家八德大和店,033749852,桃園市,八德區,大和路１０３號１樓。２樓
FamilyMart 全家八德豐德店,033680294,桃園市,八德區,中山路２１９號１樓（如附圖）
FamilyMart 全家八德桃華店,032172762,桃園市,八德區,中華路２６８．２７０號
FamilyMart 全家八德介壽店,033645872,桃園市,八德區,介壽路一段６４３號
FamilyMart 全家八德大義店,033712776,桃園市,八德區,介壽路一段７８５號１樓
FamilyMart 全家八德福壽店,033619253,桃園市,八德區,介壽路一段３９２號１樓
FamilyMart 全家八德瑞豐店,033657530,桃園市,八德區,介壽路二段７９０號一樓
FamilyMart 全家八德金順店,034516327,桃園市,八德區,介壽路二段１０２４號１樓
FamilyMart 全家八德瑞泰店,033629623,桃園市,八德區,介壽路二段４９４號１樓
FamilyMart 全家八德貴族店,033661473,桃園市,八德區,介壽路二段３０９號
FamilyMart 全家八德瑞德店,033658715,桃園市,八德區,瑞德里１３鄰介壽路二段１３８２號１樓
FamilyMart 全家八德廣豐店,033616976,桃園市,八德區,公園路８６號一樓
FamilyMart 全家八德和平店,033710180,桃園市,八德區,和平路８１８號
FamilyMart 全家八德大愛店,033642251,桃園市,八德區,和平路１９６號
FamilyMart 全家八德忠誠店,033660842,桃園市,八德區,忠孝街１２號
FamilyMart 全家八德大勇店,033742641,桃園市,八德區,忠勇街４１５號１樓
FamilyMart 全家八德櫻花店,033754001,桃園市,八德區,長安街３７５號１樓
FamilyMart 全家八德仁興店,033731041,桃園市,八德區,建國路２４１號
FamilyMart 全家八德建國店,033713364,桃園市,八德區,建國路６５７號一樓部分
FamilyMart 全家八德建興店,033732907,桃園市,八德區,建國路５９號１樓及２樓
FamilyMart 全家八德茄苳店,033715371,桃園市,八德區,茄苳路８４６號１樓
FamilyMart 全家八德重慶店,033629735,桃園市,八德區,重慶街１８９號
FamilyMart 全家八德桃鶯店,033621084,桃園市,八德區,大明里桃鶯路３４號
FamilyMart 全家八德新興店,033775940,桃園市,八德區,新興路３０１號
FamilyMart 全家八德忠勇店,033677792,桃園市,八德區,義勇街１０５號（八德東勇移店）
FamilyMart 全家八德銀和店,033746651,桃園市,八德區,銀和街２９＆３１號
FamilyMart 全家八德金和店,033744118,桃園市,八德區,銀和街６３號加地下室
FamilyMart 全家八德廣順店,033619465,桃園市,八德區,廣福路４２號１樓角間
FamilyMart 全家八德德富店,033756696,桃園市,八德區,廣福路８０５號
FamilyMart 全家八德新市店,033680546,桃園市,八德區,興豐路４８５號
FamilyMart 全家八德國豐店,033680493,桃園市,八德區,興豐路８３０號１樓
FamilyMart 全家八德豐吉店,033683640,桃園市,八德區,瑞豐里豐田一路２號
FamilyMart 全家八德青年店,033684147,桃園市,八德區,豐德路３１８號１樓
FamilyMart 全家大溪松樹店,033805861,桃園市,大溪區,仁善里松樹２１之１號
FamilyMart 全家大溪仁東店,033802401,桃園市,大溪區,仁和七街５２號
FamilyMart 全家大溪仁和店,033900112,桃園市,大溪區,南興里仁和路二段２１９號
FamilyMart 全家大溪三本店,033804467,桃園市,大溪區,仁善街１８２、１８６號
FamilyMart 全家大溪仁美店,033802547,桃園市,大溪區,介壽路５４２號
FamilyMart 全家大溪崎頂店,033808479,桃園市,大溪區,介壽路８８６號１樓
FamilyMart 全家大溪永昌店,033804394,桃園市,大溪區,永昌路３５５號
FamilyMart 全家大溪員林店,033900461,桃園市,大溪區,員林路一段１１號
FamilyMart 全家大溪交流店,033804491,桃園市,大溪區,仁和里員林路一段４５１號
FamilyMart 全家大溪員明店,033807960,桃園市,大溪區,員林路二段２７５號１－３樓
FamilyMart 全家大溪員樹林店,033803545,桃園市,大溪區,員林路二段４１７號１樓
FamilyMart 全家大溪埔頂店,033907337,桃園市,大溪區,埔頂路二段１５８號
FamilyMart 全家大溪慈湖店,033885439,桃園市,大溪區,復興路２號１樓
FamilyMart 全家大園晴空店,034222900,桃園市,大園區,海豐坡１０之１００號
FamilyMart 全家大園大工店,033840468,桃園市,大園區,大工路６２號１樓＋２樓部分
FamilyMart 全家大園蓮園店,033858411,桃園市,大園區,大觀路６０２號
FamilyMart 全家大園都心店,033842104,桃園市,大園區,中山北路３１號１樓。２樓
FamilyMart 全家大園帝景店,033860431,桃園市,大園區,中正西路１號
FamilyMart 全家大園航園店,033865480,桃園市,大園區,中正東路３３８號
FamilyMart 全家大園華園店,033854615,桃園市,大園區,中華路６１號
FamilyMart 全家大園公園店,032877426,桃園市,大園區,公園路一段７２號
FamilyMart 全家大園仁德店,033854237,桃園市,大園區,和平西路１００號壹樓
FamilyMart 全家大園果林店,033936443,桃園市,大園區,（十十）果林里（十十）果林路２７號
FamilyMart 全家大園青山店,032807841,桃園市,大園區,青埔路二段２號
FamilyMart 全家大園春德店,032876232,桃園市,大園區,春德路１２８號、１３０號１樓（含夾層）
FamilyMart 全家大園二航店,034091583,桃園市,大園區,航站南路９號５樓
FamilyMart 全家大園新華航店,033931900,桃園市,大園區,航站南路１號２樓
FamilyMart 全家大園華儲店,033834223,桃園市,大園區,航勤北路１０之１號１樓
FamilyMart 全家大園空廚店,033932864,桃園市,大園區,航勤北路３號２樓（智販機）
FamilyMart 全家大園田心店,033867231,桃園市,大園區,新興路８５號
FamilyMart 全家大園領航店,033819197,桃園市,大園區,領航北路四段３５２號１樓
FamilyMart 全家蘆竹上興店,033134806,桃園市,蘆竹區,上興路２６７號１樓
FamilyMart 全家蘆竹興仁店,033234007,桃園市,蘆竹區,上興路１９０號
FamilyMart 全家蘆竹大竹店,033237280,桃園市,蘆竹區,大竹路４９２號
FamilyMart 全家蘆竹興福店,033132705,桃園市,蘆竹區,大竹路５３３號
FamilyMart 全家蘆竹首捷店,033241349,桃園市,蘆竹區,山鼻二路２０號
FamilyMart 全家蘆竹中愛店,033114647,桃園市,蘆竹區,中山路１８－１號１樓
FamilyMart 全家蘆竹中福店,033129091,桃園市,蘆竹區,中山路１２６號
FamilyMart 全家蘆竹五福店,032223953,桃園市,蘆竹區,五福村五福一路３４號１樓
FamilyMart 全家蘆竹六福店,032124152,桃園市,蘆竹區,五福六路４８號
FamilyMart 全家蘆竹仁愛店,033216480,桃園市,蘆竹區,仁愛路三段３８號１樓
FamilyMart 全家蘆竹鼎福店,033216360,桃園市,蘆竹區,六福路１６３號１樓
FamilyMart 全家蘆竹文新店,033692247,桃園市,蘆竹區,文中路一段８號部份
FamilyMart 全家蘆竹洛陽店,033112515,桃園市,蘆竹區,南榮村光明路一段１１９號１２１號一樓
FamilyMart 全家蘆竹吉川店,033126604,桃園市,蘆竹區,吉林路９９號
FamilyMart 全家蘆竹吉林店,033127253,桃園市,蘆竹區,吉林路２號
FamilyMart 全家蘆竹新奉順店,033210256,桃園市,蘆竹區,奉化路１０８號及地下一樓
FamilyMart 全家蘆竹奉化店,033211379,桃園市,蘆竹區,奉化路３６號、３８號、南順一街６３號
FamilyMart 全家蘆竹南興店,033216536,桃園市,蘆竹區,南興村奉化路１８９號一樓
FamilyMart 全家蘆竹忠孝西店,033331571,桃園市,蘆竹區,南昌路１９７號
FamilyMart 全家蘆竹星馳店,033529579,桃園市,蘆竹區,忠孝西路１６９巷２號
FamilyMart 全家蘆竹長壽店,033214825,桃園市,蘆竹區,長春路６７號１樓
FamilyMart 全家蘆竹坑口店,033543954,桃園市,蘆竹區,南山北路二段３９８之１號
FamilyMart 全家蘆竹南山店,032121487,桃園市,蘆竹區,南山路一段７５號、７７號
FamilyMart 全家蘆竹長興店,033336196,桃園市,蘆竹區,南山路二段５２０號壹樓
FamilyMart 全家蘆竹山腳店,033244499,桃園市,蘆竹區,南山路三段２７８號１樓（前段）
FamilyMart 全家蘆竹南竹店,032124691,桃園市,蘆竹區,南竹路一段６８號１樓
FamilyMart 全家蘆竹明竹店,033126044,桃園市,蘆竹區,南竹路一段１３４號
FamilyMart 全家蘆竹南昌店,033530475,桃園市,蘆竹區,南昌路５３號壹樓
FamilyMart 全家蘆竹鴻佰店,033119352,桃園市,蘆竹區,南青路１１８８號Ｂ１
FamilyMart 全家蘆竹南崁店,033528210,桃園市,蘆竹區,南崁路２２８號
FamilyMart 全家蘆竹南亞店,033215704,桃園市,蘆竹區,南崁路一段３２２號
FamilyMart 全家蘆竹南工店,033229538,桃園市,蘆竹區,南崁路二段８１號１樓
FamilyMart 全家蘆竹長竹店,033128368,桃園市,蘆竹區,南崁路二段４７８號１樓
FamilyMart 全家蘆竹星光店,032124840,桃園市,蘆竹區,南順六街７２號
FamilyMart 全家蘆竹山海店,033708336,桃園市,蘆竹區,海山路１８２號壹樓
FamilyMart 全家蘆竹海湖店,033542342,桃園市,蘆竹區,海山路二段７、９號、１１號１樓
FamilyMart 全家蘆竹開南店,032161494,桃園市,蘆竹區,新興街１２０號
FamilyMart 全家蘆竹山鼻店,033244593,桃園市,蘆竹區,機捷路二段７８６號
FamilyMart 全家新竹水田店,035222149,新竹市,北區,中正路２４０號１樓
FamilyMart 全家新竹海上花店,035360607,新竹市,北區,天府路２段１號
FamilyMart 全家新竹新光田店,035359721,新竹市,北區,水田街１５２號
FamilyMart 全家新竹新民店,035241565,新竹市,北區,北大路２５２號
FamilyMart 全家新竹北門店,035223097,新竹市,北區,北門街５８號１樓
FamilyMart 全家新竹中山店,035268570,新竹市,北區,四維路９１號
FamilyMart 全家新竹新美店,035421870,新竹市,北區,田美三街４７號
FamilyMart 全家新竹光華店,035427691,新竹市,北區,光華北街６３號
FamilyMart 全家新竹金韻店,035425786,新竹市,北區,光華東街５１號１樓
FamilyMart 全家新竹大竹店,035326698,新竹市,北區,西大路８４８號
FamilyMart 全家新竹大富店,035240080,新竹市,北區,西大路５２７號
FamilyMart 全家新竹遠百店,035213733,新竹市,北區,西門街１０１號１、２樓
FamilyMart 全家新竹師專店,035245011,新竹市,北區,西門街２０３號１樓
FamilyMart 全家新竹勝利店,035237797,新竹市,北區,育英路１號
FamilyMart 全家新竹金礦店,035264371,新竹市,北區,延平路一段１１５號
FamilyMart 全家新竹金鵬店,035229126,新竹市,北區,延平路一段３８８號１樓
FamilyMart 全家新竹富美店,035360918,新竹市,北區,延平路３段６６９號１樓
FamilyMart 全家新竹高富店,035367975,新竹市,北區,東大路３段４２８號１樓
FamilyMart 全家新竹漁港店,035364060,新竹市,北區,東大路四段２６９號１樓
FamilyMart 全家新竹天群店,035322090,新竹市,北區,武陵路３６－１號１、２樓
FamilyMart 全家新竹武東店,035409154,新竹市,北區,武陵路７１號１樓
FamilyMart 全家新竹鐵道店,035339257,新竹市,北區,武陵路２６８號１樓
FamilyMart 全家新竹荷蘭村店,035451966,新竹市,北區,武陵路１７５巷２號１樓
FamilyMart 全家新竹新武陵店,035426961,新竹市,北區,武陵路２６７號１樓
FamilyMart 全家新竹金竹店,035327930,新竹市,北區,金竹路１１５號１樓
FamilyMart 全家新竹金湳雅店,035351322,新竹市,北區,湳雅街３２１號１樓
FamilyMart 全家新竹台大醫店,035330922,新竹市,北區,經國路１段４４２巷２５號
FamilyMart 全家新竹經城店,035344679,新竹市,北區,經國路一段３３９號１樓
FamilyMart 全家新竹客進店,035250228,新竹市,北區,經國路二段５４９號
FamilyMart 全家新竹東園店,035621071,新竹市,東區,八德路３５號
FamilyMart 全家新竹力積一店,035670121,新竹市,東區,力行一路１２號５樓
FamilyMart 全家新竹力積二店,035670122,新竹市,東區,力行一路１８號４樓
FamilyMart 全家新竹元太二店,035788300,新竹市,東區,力行一路３號１樓
FamilyMart 全家新竹元太店,035779271,新竹市,東區,力行一路３號Ｂ１員工餐廳
FamilyMart 全家新竹新日光店,035794586,新竹市,東區,力行三路７號１樓（科學園區）
FamilyMart 全家新竹頎邦二店,035678788,新竹市,東區,力行五路３號２樓（新竹科學園區）
FamilyMart 全家新竹啟碁店,035777903,新竹市,東區,力行六路５號Ｂ１樓
FamilyMart 全家新竹晶電店,035797849,新竹市,東區,科學園區力行路２１號３樓
FamilyMart 全家新竹旺宏三店,035771386,新竹市,東區,力行路１９號１樓（新竹科學園區）
FamilyMart 全家新竹旺宏店,035631811,新竹市,東區,科學園區力行路１６號
FamilyMart 全家新竹大同店,035277520,新竹市,東區,成功里大同路１６號１８號一樓
FamilyMart 全家新竹交大店,035739817,新竹市,東區,光明里大學路１００１之２號一樓
FamilyMart 全家交大新研三店,035160155,新竹市,東區,大學路１００１號研三舍
FamilyMart 全家新竹科館店,035678869,新竹市,東區,工業東二路１號１樓
FamilyMart 全家新竹巨城店,035319068,新竹市,東區,中央路２２９號Ｂ１
FamilyMart 全家新竹金站店,035281022,新竹市,東區,中正路１００號地下室、１－２樓
FamilyMart 全家新竹經華店,035341261,新竹市,東區,中華路一段１０１號
FamilyMart 全家新竹台鐵店,035281221,新竹市,東區,中華路２段４４５號１樓
FamilyMart 全家新竹金高店,035425585,新竹市,東區,中華路２段１號
FamilyMart 全家新竹新四維店,035247191,新竹市,東區,中華路三段８號１、２樓
FamilyMart 全家新竹建美店,035165610,新竹市,東區,公道五路二段２７１號１樓
FamilyMart 全家新竹新德安店,035716350,新竹市,東區,公道五路二段８９號１樓
FamilyMart 全家新竹金肥店,035751082,新竹市,東區,公道五路３段１號１樓（編號：Ｂ－３）
FamilyMart 全家新竹民樂店,035359133,新竹市,東區,民生路２５２號１樓
FamilyMart 全家新竹民族店,035330300,新竹市,東區,三民里民族路１３９號一樓
FamilyMart 全家新竹慈雲店,035771028,新竹市,東區,立鵬路１０１號
FamilyMart 全家新竹大贏店,036686798,新竹市,東區,光復路１段３６５號１樓
FamilyMart 全家新竹關東店,036686002,新竹市,東區,光復路一段５２７號１樓、５２７之１號１樓
FamilyMart 全家清大金大店,035740218,新竹市,東區,光復路二段１０１號（綜四館）
FamilyMart 全家清大新水木店,035716083,新竹市,東區,光復路二段１０１號（水木生活中心）
FamilyMart 全家新竹竹科店,035770320,新竹市,東區,科學工業園區竹村七路７號１樓
FamilyMart 全家新竹竹蓮店,035620023,新竹市,東區,竹蓮街１０４號１樓
FamilyMart 全家新竹馨天地店,035421398,新竹市,東區,自由路９７號１樓
FamilyMart 全家新竹新西大店,035277829,新竹市,東區,西門街４１號１樓
FamilyMart 全家新竹金湖店,035290960,新竹市,東區,明湖路３９９號１樓
FamilyMart 全家新竹五福店,035292709,新竹市,東區,明湖路１２５５號１樓
FamilyMart 全家新竹向陽店,035208093,新竹市,東區,明湖路６４６號
FamilyMart 全家新竹園林店,035626841,新竹市,東區,東大路一段１６號
FamilyMart 全家新竹金南門店,035223580,新竹市,東區,林森路１１６號１樓
FamilyMart 全家新竹金元寶店,035794484,新竹市,東區,金山九街６８號１樓
FamilyMart 全家新竹集福店,035789522,新竹市,東區,金山十一街４１號１樓
FamilyMart 全家新竹新金科店,035777330,新竹市,東區,金山街１９７號
FamilyMart 全家新竹十一街店,035799553,新竹市,東區,金山街６３號１樓部份
FamilyMart 全家新竹將軍店,035752190,新竹市,東區,金城一路５０號１樓
FamilyMart 全家新竹得美店,035610687,新竹市,東區,南大路２５６號１樓
FamilyMart 全家新竹師苑店,035618432,新竹市,東區,振興里南大路６３６號，６３８號一樓
FamilyMart 全家新竹新興店,035629557,新竹市,東區,光鎮里南大路５７７號一樓
FamilyMart 全家新竹建源店,035748788,新竹市,東區,建中一路６０號１樓
FamilyMart 全家新竹公學店,035748909,新竹市,東區,建功一路９９號１樓
FamilyMart 全家新竹金厚店,035716882,新竹市,東區,建新路４號
FamilyMart 全家新竹鴻揚店,035786848,新竹市,東區,研新三路３號１樓
FamilyMart 全家新竹新民治店,036687741,新竹市,東區,科園里８鄰科學園路８８號１樓
FamilyMart 全家新竹食品店,035753302,新竹市,東區,食品路４７號１樓
FamilyMart 全家新竹品明店,035625101,新竹市,東區,新光里食品路４０６號１樓
FamilyMart 全家新竹頎邦店,036687601,新竹市,東區,展業一路１０號９樓﹝新竹科學園區﹞
FamilyMart 全家新竹比佛利店,035619493,新竹市,東區,高峰路９５巷３號
FamilyMart 全家新竹翠峰店,036667396,新竹市,東區,高峰里高翠路３７５號
FamilyMart 全家新竹鴻海店,035771006,新竹市,東區,新安路５號５樓之１
FamilyMart 全家新竹新莊店,035794795,新竹市,東區,新莊街５２號１樓
FamilyMart 全家新竹綠光店,035717181,新竹市,東區,綠水路６３號１樓及地下室
FamilyMart 全家新竹聯發科店,035783195,新竹市,東區,篤行一路８號
FamilyMart 全家新竹聯發二店,035797735,新竹市,東區,篤行一路２號２樓
FamilyMart 全家新竹龍山店,036687058,新竹市,東區,龍山東路２２８號１樓
FamilyMart 全家新竹關新店,035679359,新竹市,東區,關新東路３５０號１樓
FamilyMart 全家新竹寶山店,035779007,新竹市,東區,寶山路４４８號１樓
FamilyMart 全家新竹鐵支店,035347461,新竹市,東區,鐵道路一段２８巷７９號１樓
FamilyMart 全家新竹庄頭店,035400020,新竹市,香山區,大庄路１７號
FamilyMart 全家新竹金福店,035303020,新竹市,香山區,中山路６４０巷１７０號１樓
FamilyMart 全家新竹香山店,035378583,新竹市,香山區,中華路五段６７８號１樓
FamilyMart 全家新竹中隘店,035181480,新竹市,香山區,中華路六段６６７號、６６９號１樓
FamilyMart 全家新竹台玻店,035384820,新竹市,香山區,中華路４段４７０號
FamilyMart 全家新竹中華店,035183072,新竹市,香山區,五福路二段７７６、７７８號
FamilyMart 全家新竹元村店,035303904,新竹市,香山區,元培街１９７＆１９９號１樓
FamilyMart 全家新竹內湖店,035370610,新竹市,香山區,內湖路３９號
FamilyMart 全家新竹東埔店,035401779,新竹市,香山區,牛埔東路１９６號１樓
FamilyMart 全家新竹濱海店,035400409,新竹市,香山區,西濱路二段６０１號
FamilyMart 全家新竹富美二店,035301982,新竹市,香山區,延平路２段１７１號１樓
FamilyMart 全家新竹延平店,035380450,新竹市,香山區,延平路二段７２７巷１號
FamilyMart 全家新竹大庄店,035402252,新竹市,香山區,香北路８６號１樓
FamilyMart 全家新竹金客雅店,035287253,新竹市,香山區,景觀大道２８０號１樓
FamilyMart 全家新竹牛埔店,035301956,新竹市,香山區,經國路３段９０號
FamilyMart 全家竹北上石店,036585150,新竹縣,竹北市,十興路一段３３３號
FamilyMart 全家竹北新竹義店,035528422,新竹縣,竹北市,三民路８８號１樓
FamilyMart 全家竹北中正西店,035528316,新竹縣,竹北市,中正西路１４９號１樓
FamilyMart 全家竹北新宏豐店,035563656,新竹縣,竹北市,中正西路１０８５號
FamilyMart 全家竹北大河店,035531113,新竹縣,竹北市,中華路２－５１號
FamilyMart 全家竹北金六家店,036670542,新竹縣,竹北市,六家五路２段１１５號
FamilyMart 全家竹北六家店,036681742,新竹縣,竹北市,文興路二段５２９號全部
FamilyMart 全家竹北立錡店,035601125,新竹縣,竹北市,台元一街８號１３樓
FamilyMart 全家竹北奕力店,035601126,新竹縣,竹北市,台元二街１號１０樓
FamilyMart 全家竹北聯詠店,036562880,新竹縣,竹北市,台元二街９號１樓
FamilyMart 全家竹北達發店,035539237,新竹縣,竹北市,台元二街１２號１４樓
FamilyMart 全家竹北金台元店,035526080,新竹縣,竹北市,台元街２６－８號
FamilyMart 全家竹北宏福店,036571083,新竹縣,竹北市,光明一路２３６號１樓
FamilyMart 全家竹北新崙店,035557018,新竹縣,竹北市,光明十一路３１號
FamilyMart 全家竹北竹采店,035505119,新竹縣,竹北市,成功一街８２號１樓後段
FamilyMart 全家竹北成功店,036682618,新竹縣,竹北市,成功八路１６０號一樓
FamilyMart 全家竹北金三民店,035534233,新竹縣,竹北市,竹義街６０號
FamilyMart 全家竹北大境店,036683746,新竹縣,竹北市,自強五路２４５號
FamilyMart 全家竹北自強店,035505530,新竹縣,竹北市,自強南路５２號
FamilyMart 全家竹北璞玉店,036576427,新竹縣,竹北市,東興路一段６２６號一樓
FamilyMart 全家竹北科大店,036571794,新竹縣,竹北市,科大一路９３號
FamilyMart 全家竹北台科店,036575004,新竹縣,竹北市,科大二街１０６號
FamilyMart 全家竹北泰和店,035518451,新竹縣,竹北市,泰和路１６９號
FamilyMart 全家竹北勝利店,036673368,新竹縣,竹北市,莊敬七街１２２號
FamilyMart 全家竹北俠隱店,036579422,新竹縣,竹北市,莊敬六街７號
FamilyMart 全家竹北永豐店,036576976,新竹縣,竹北市,莊敬六街８３號１樓
FamilyMart 全家竹北鹿場店,036670126,新竹縣,竹北市,莊敬南路１０５號１樓部份範圍
FamilyMart 全家竹北嘉興店,036580147,新竹縣,竹北市,勝利七街二段６６號１樓
FamilyMart 全家竹北金悅店,036670705,新竹縣,竹北市,勝利十二街６５號
FamilyMart 全家竹北大漾店,035550065,新竹縣,竹北市,博愛南路９號１樓
FamilyMart 全家竹北台燿店,035555018,新竹縣,竹北市,博愛街８０３號
FamilyMart 全家竹北湧億店,035552800,新竹縣,竹北市,博愛街２７３號
FamilyMart 全家竹北金博店,035527018,新竹縣,竹北市,博愛街７０９號１樓
FamilyMart 全家竹北台元店,035552394,新竹縣,竹北市,博愛街５２３號１樓
FamilyMart 全家竹北新竹愛店,035527543,新竹縣,竹北市,博愛街４２２號一樓
FamilyMart 全家竹北新華興店,035517240,新竹縣,竹北市,華興街２８７號１樓
FamilyMart 全家竹北新光店,035516942,新竹縣,竹北市,新光三街５８號
FamilyMart 全家竹北後站店,035510118,新竹縣,竹北市,新泰路１０８－２號１樓（配送用）
FamilyMart 全家竹北新縣政店,036573861,新竹縣,竹北市,嘉勤北路１號１樓
FamilyMart 全家竹北金十興店,036586446,新竹縣,竹北市,嘉興路４９８號（配送用）
FamilyMart 全家竹北時尚店,036588915,新竹縣,竹北市,嘉豐十一路１段３１號１樓
FamilyMart 全家竹北嘉豐店,036578910,新竹縣,竹北市,嘉豐五路二段７９號１樓
FamilyMart 全家竹北日興店,036577082,新竹縣,竹北市,嘉豐北路３７號部份
FamilyMart 全家竹北金豐店,036580742,新竹縣,竹北市,嘉豐南路２段９２號
FamilyMart 全家竹北福興東店,035506033,新竹縣,竹北市,福興東路２段２４５號
FamilyMart 全家竹北鳳岡店,035560837,新竹縣,竹北市,鳳岡路３段２７號
FamilyMart 全家竹北新東元店,036573571,新竹縣,竹北市,縣政二路６７號１樓
FamilyMart 全家新竹中國醫店,036572847,新竹縣,竹北市,興隆路一段１９９號Ｂ１
FamilyMart 全家竹北竹風店,035530293,新竹縣,竹北市,環北路一段１１３號
FamilyMart 全家竹北環北店,035530556,新竹縣,竹北市,環北路３段３９６號
FamilyMart 全家竹北新溪店,035528420,新竹縣,竹北市,環北路５段３９８號
FamilyMart 全家湖口新普店,035690308,新竹縣,湖口鄉,八德路２段６５６號１樓
FamilyMart 全家湖口向漾店,035692008,新竹縣,湖口鄉,八德路３段２３號１、２樓
FamilyMart 全家湖口力成店,036960680,新竹縣,湖口鄉,三民南路１４２號１樓
FamilyMart 全家湖口千禧店,035696076,新竹縣,湖口鄉,千禧路１號１樓
FamilyMart 全家湖口新工業店,035977127,新竹縣,湖口鄉,工業一路３６號１樓
FamilyMart 全家湖口工業二店,036960206,新竹縣,湖口鄉,工業一路５５號
FamilyMart 全家湖口達生店,035904331,新竹縣,湖口鄉,中正七街１５７號
FamilyMart 全家湖口三陽店,036960293,新竹縣,湖口鄉,中華路３號２樓
FamilyMart 全家湖口正文店,035974731,新竹縣,湖口鄉,中華路１５－１號５樓
FamilyMart 全家湖口仁和店,035971288,新竹縣,湖口鄉,鳳凰村仁和路４５號
FamilyMart 全家湖口文和店,035976181,新竹縣,湖口鄉,仁和路１７８號１８０號
FamilyMart 全家湖口達仁店,035977610,新竹縣,湖口鄉,仁樂路１１８號
FamilyMart 全家湖口文化店,035978323,新竹縣,湖口鄉,文化路３２號
FamilyMart 全家湖口鴻佰店,035979864,新竹縣,湖口鄉,光復北路１６號７樓
FamilyMart 全家湖口向東店,036960376,新竹縣,湖口鄉,光復東路４０２號
FamilyMart 全家湖口向安宅店,036960345,新竹縣,湖口鄉,光復東路６１號
FamilyMart 全家湖口新安宅店,035972923,新竹縣,湖口鄉,光復東路１３３號
FamilyMart 全家湖口頎邦店,036960342,新竹縣,湖口鄉,光復路１２號５樓
FamilyMart 全家湖口大功店,035901520,新竹縣,湖口鄉,成功路７６－１號
FamilyMart 全家湖口成功店,035900098,新竹縣,湖口鄉,成功路１２８號
FamilyMart 全家湖口吉勝店,035977531,新竹縣,湖口鄉,勝利村勝利路二段１號１樓
FamilyMart 全家湖口中平店,035907233,新竹縣,湖口鄉,貴州街２號
FamilyMart 全家湖口高中店,035905471,新竹縣,湖口鄉,溪南二街２號
FamilyMart 全家湖口湖心店,035908145,新竹縣,湖口鄉,達生二街３７２號
FamilyMart 全家湖口達生八店,036992105,新竹縣,湖口鄉,達生八街６６號
FamilyMart 全家新豐欣興店,036992808,新竹縣,新豐鄉,中崙村中崙２９０號１樓
FamilyMart 全家新豐埔和店,035680780,新竹縣,新豐鄉,埔和村５鄰埔頂１１５之２號（範圍如圖）
FamilyMart 全家新豐休息站店,035687773,新竹縣,新豐鄉,新豐村１２鄰紅毛２９５之１號
FamilyMart 全家新豐尚仁店,035579285,新竹縣,新豐鄉,尚仁街１３１號１樓
FamilyMart 全家新豐明新大店,035578880,新竹縣,新豐鄉,明新街１００號
FamilyMart 全家新豐松柏店,035577802,新竹縣,新豐鄉,松柏街１５２號１樓
FamilyMart 全家新豐建興店,035574185,新竹縣,新豐鄉,建興路一段３６號
FamilyMart 全家新豐大興店,035574059,新竹縣,新豐鄉,建興路二段４９６號１樓
FamilyMart 全家新豐泰安店,035575691,新竹縣,新豐鄉,泰安街７５號１樓
FamilyMart 全家新豐福德店,035593060,新竹縣,新豐鄉,康樂路１段４７９號１樓
FamilyMart 全家新豐首席店,036590335,新竹縣,新豐鄉,康樂路一段１１５號１樓
FamilyMart 全家新豐新庄店,035575060,新竹縣,新豐鄉,新庄路１３３號
FamilyMart 全家新豐松林店,035575748,新竹縣,新豐鄉,新興路１１１號
FamilyMart 全家新豐宏達店,035578834,新竹縣,新豐鄉,新興路８０號１樓
FamilyMart 全家新豐福比店,035595316,新竹縣,新豐鄉,新興路７６３號
FamilyMart 全家新埔長茂店,035885547,新竹縣,新埔鎮,中正路３７８號１樓
FamilyMart 全家新埔水源店,035895018,新竹縣,新埔鎮,中正路９８２號
FamilyMart 全家新埔田新店,035891003,新竹縣,新埔鎮,中正路１１號
FamilyMart 全家新埔新文山店,035880071,新竹縣,新埔鎮,文山路犁頭山段８６５號１樓
FamilyMart 全家新埔廣和店,035887916,新竹縣,新埔鎮,福德街５８８號１樓
FamilyMart 全家關西正義店,035870347,新竹縣,關西鎮,正義路２５４號，２５６號
FamilyMart 全家關西宏義店,035170455,新竹縣,關西鎮,正義路２７號１樓
FamilyMart 全家芎林五龍店,035931858,新竹縣,芎林鄉,五和街１２６號
FamilyMart 全家芎林向大店,035921060,新竹縣,芎林鄉,文山路５６９號（配送用）
FamilyMart 全家芎林飛鳳店,035120337,新竹縣,芎林鄉,富林路２段４１２號１樓及地下室
FamilyMart 全家芎林綠獅店,035120925,新竹縣,芎林鄉,富林路三段６９０號
FamilyMart 全家芎林富林店,036671033,新竹縣,芎林鄉,富林路三段９４號１樓
FamilyMart 全家寶山明湖店,035292005,新竹縣,寶山鄉,明湖路３０９號
FamilyMart 全家新竹聯詠店,035780320,新竹縣,寶山鄉,雙溪村創新一路１－２號Ｂ１Ｆ
FamilyMart 全家竹東鎮金店,035111020,新竹縣,竹東鎮,中山路６７號１樓
FamilyMart 全家竹東新市店,035821272,新竹縣,竹東鎮,中央路９２號
FamilyMart 全家竹東致東店,035101897,新竹縣,竹東鎮,中正路１號
FamilyMart 全家竹東新中興店,035836522,新竹縣,竹東鎮,中興路二段１６２號
FamilyMart 全家竹東工研店,035834633,新竹縣,竹東鎮,中興路四段１９５號５２館１樓
FamilyMart 全家竹東榮總店,035960058,新竹縣,竹東鎮,中豐路１段８１號
FamilyMart 全家竹東大林店,035950012,新竹縣,竹東鎮,中豐路三段６號１樓
FamilyMart 全家竹東興仁店,035947181,新竹縣,竹東鎮,仁愛路４４６號１樓
FamilyMart 全家竹東北興店,035967896,新竹縣,竹東鎮,北興路三段５０３號１樓
FamilyMart 全家竹東上舜店,035832801,新竹縣,竹東鎮,光明路２６１號．２６３號１樓
FamilyMart 全家竹東東峰店,035103509,新竹縣,竹東鎮,員崠里東峰路１６２號１樓
FamilyMart 全家竹東東寧店,035940109,新竹縣,竹東鎮,東寧路三段１５１號
FamilyMart 全家竹東新商華店,035100715,新竹縣,竹東鎮,東寧路三段４３號全部一樓至四樓
FamilyMart 全家竹東長春店,035103321,新竹縣,竹東鎮,長春路三段１６５號一、二樓
FamilyMart 全家新竹橫山店,035933001,新竹縣,橫山鄉,橫山村４鄰中豐路一段２６２號
FamilyMart 全家橫山致豐店,035931649,新竹縣,橫山鄉,大肚村１２鄰中豐路二段１１２－２號
FamilyMart 全家尖石那互依店,035842060,新竹縣,尖石鄉,嘉樂村３鄰麥樹仁１０３號１、２樓
FamilyMart 全家尖石野薑花店,035841890,新竹縣,尖石鄉,錦屏村８鄰那羅２９之１號臨
FamilyMart 全家北埔向上店,035801131,新竹縣,北埔鄉,仁愛路３９號
FamilyMart 全家北埔茶金店,035803978,新竹縣,北埔鄉,南興街１２２號
FamilyMart 全家峨眉台三線店,035800107,新竹縣,峨眉鄉,石井村石井２７－１７號
FamilyMart 全家竹南大埔五店,037586490,苗栗縣,竹南鎮,大埔十街１５８號
FamilyMart 全家竹南火車頭店,037462484,苗栗縣,竹南鎮,中山路１６６號２樓
FamilyMart 全家竹南京華店,037668774,苗栗縣,竹南鎮,中華路１２３號１樓
FamilyMart 全家竹南中華店,037595730,苗栗縣,竹南鎮,中華路１８９號１樓、２樓
FamilyMart 全家竹南京元店,037670239,苗栗縣,竹南鎮,中華路１１８號
FamilyMart 全家竹南廣源店,037586466,苗栗縣,竹南鎮,公義路１６３６－１號１樓
FamilyMart 全家竹南中義店,037586083,苗栗縣,竹南鎮,公義路１３５４號１樓
FamilyMart 全家竹南新豐店,037635603,苗栗縣,竹南鎮,公義路１３６號６樓
FamilyMart 全家竹南金山店,037583141,苗栗縣,竹南鎮,公義路４３６號
FamilyMart 全家竹南天文店,037611158,苗栗縣,竹南鎮,天文路５１號
FamilyMart 全家竹南長青店,037476096,苗栗縣,竹南鎮,民治街５２號
FamilyMart 全家竹南崁頂店,037614709,苗栗縣,竹南鎮,永貞路二段１４９號
FamilyMart 全家竹南光華店,037484619,苗栗縣,竹南鎮,光復路２４１號１樓
FamilyMart 全家竹南照南店,037552140,苗栗縣,竹南鎮,光復路４１２、４１６號
FamilyMart 全家竹南大營店,037462542,苗栗縣,竹南鎮,自由街１９８號
FamilyMart 全家竹南龍佳店,037615681,苗栗縣,竹南鎮,佳北二街１號
FamilyMart 全家竹南海口店,037477191,苗栗縣,竹南鎮,明勝路２５９號及明德段１、２地號
FamilyMart 全家竹南旺大埔店,037586051,苗栗縣,竹南鎮,科專七路１３６號
FamilyMart 全家竹南金大埔店,037583680,苗栗縣,竹南鎮,科專七路２２１號
FamilyMart 全家竹南正大埔店,037583620,苗栗縣,竹南鎮,科專五路２４８號１樓
FamilyMart 全家竹南福大埔店,037586427,苗栗縣,竹南鎮,科專五路５００號
FamilyMart 全家竹南家扶店,037584849,苗栗縣,竹南鎮,科學路１６０號１樓
FamilyMart 全家竹南向翔店,037482340,苗栗縣,竹南鎮,真如路３４３號
FamilyMart 全家竹南博愛店,037480834,苗栗縣,竹南鎮,博愛街５３號１樓及地下室
FamilyMart 全家竹南新七囍店,037550642,苗栗縣,竹南鎮,博愛街７９９號
FamilyMart 全家竹南新群聯店,037583247,苗栗縣,竹南鎮,公義里群義路１－２號７樓
FamilyMart 全家竹南龍鳳店,037479480,苗栗縣,竹南鎮,龍鳳里２０鄰龍山路一段１６７號
FamilyMart 全家竹南龍好店,037462495,苗栗縣,竹南鎮,龍山路二段２號一樓
FamilyMart 全家竹南龍天店,037474675,苗栗縣,竹南鎮,聖福里龍天路５７號１樓
FamilyMart 全家竹南環營店,037480422,苗栗縣,竹南鎮,環市路一段１６２號
FamilyMart 全家竹南環市店,037478611,苗栗縣,竹南鎮,環市路二段７５號１樓２樓
FamilyMart 全家頭份大同店,037598262,苗栗縣,頭份市,建國里大同路１號一樓
FamilyMart 全家頭份斗煥店,037691198,苗栗縣,頭份市,大營路１號
FamilyMart 全家頭份信義店,037691745,苗栗縣,頭份市,中山路５３號１樓及地下室
FamilyMart 全家頭份新市鎮店,037630276,苗栗縣,頭份市,中央路７５３號１樓
FamilyMart 全家頭份金斗店,037680660,苗栗縣,頭份市,中正二路３６５號
FamilyMart 全家頭份上公園店,037592732,苗栗縣,頭份市,中正路３５６號
FamilyMart 全家頭份超豐店,037662201,苗栗縣,頭份市,中民路９號５樓
FamilyMart 全家頭份尖山店,037634989,苗栗縣,頭份市,中華路８號
FamilyMart 全家頭份立華店,037695982,苗栗縣,頭份市,中華路６００之８號１樓
FamilyMart 全家頭份武昌店,037662470,苗栗縣,頭份市,中華路１３２２號１樓
FamilyMart 全家頭份公園店,037637836,苗栗縣,頭份市,東庄里公園路２號
FamilyMart 全家頭份文化店,037687195,苗栗縣,頭份市,後庄里文化街２０９號一樓
FamilyMart 全家頭份向慶店,037696245,苗栗縣,頭份市,水源路２７６號
FamilyMart 全家頭份田寮店,037637825,苗栗縣,頭份市,田寮里１０鄰自強路２段６２８號
FamilyMart 全家頭份和平店,037595069,苗栗縣,頭份市,和平路８３號１樓
FamilyMart 全家頭份尚順二店,037696023,苗栗縣,頭份市,尚順路５０號１樓
FamilyMart 全家頭份富隆店,037696852,苗栗縣,頭份市,昌隆一街１０７號１樓
FamilyMart 全家頭份尚順店,037596441,苗栗縣,頭份市,東民三街１號１樓
FamilyMart 全家頭份金東興店,037592766,苗栗縣,頭份市,東興路１４９－１號
FamilyMart 全家頭份地中海店,037695916,苗栗縣,頭份市,花園東路９８號１樓
FamilyMart 全家頭份大亨店,037695078,苗栗縣,頭份市,信東路３６３號
FamilyMart 全家頭份八寶店,037625806,苗栗縣,頭份市,信義路５３３號１樓
FamilyMart 全家南庄桂花園店,037823692,苗栗縣,南庄鄉,南江村５鄰東江８９號１樓
FamilyMart 全家苗栗獅潭店,037932482,苗栗縣,獅潭鄉,新店村新店１５０之６號一樓
FamilyMart 全家後龍好望角店,037727508,苗栗縣,後龍鎮,十班坑１５５－１１號
FamilyMart 全家後龍大龍店,037729069,苗栗縣,後龍鎮,中北街６７－３號６７－４號６７－５號
FamilyMart 全家苗栗高鐵店,037248133,苗栗縣,後龍鎮,高鐵三路２６８號
FamilyMart 全家後龍新東店,037731679,苗栗縣,後龍鎮,豐富里造豐路１２６號
FamilyMart 全家通霄中正店,037759228,苗栗縣,通霄鎮,中正路８０號
FamilyMart 全家通霄河堤店,037757074,苗栗縣,通霄鎮,忠孝路８－１號
FamilyMart 全家苑裡社苓店,037745382,苗栗縣,苑裡鎮,社苓里１１０－５號
FamilyMart 全家苑裡甜心店,037741579,苗栗縣,苑裡鎮,山柑里９鄰山柑９３號
FamilyMart 全家苑裡舊社店,037741449,苗栗縣,苑裡鎮,舊社里６鄰舊社８３之８號
FamilyMart 全家苑裡新興店,037860826,苗栗縣,苑裡鎮,大同路３號
FamilyMart 全家苑裡西施店,037863759,苗栗縣,苑裡鎮,介壽路１３之３２號
FamilyMart 全家苑裡金客庄店,037855082,苗栗縣,苑裡鎮,世界路１段７９－１號
FamilyMart 全家苑裡金世界店,037857210,苗栗縣,苑裡鎮,世界路２段２６８號
FamilyMart 全家苑裡忠信店,037860896,苗栗縣,苑裡鎮,西平里忠信路４９號
FamilyMart 全家苑裡新信義店,037856811,苗栗縣,苑裡鎮,苑東里建國路５６－２號
FamilyMart 全家苗栗中山店,037336919,苗栗縣,苗栗市,高苗里中山路９８６之４號一樓
FamilyMart 全家苗栗新農會店,037359757,苗栗縣,苗栗市,中苗里１４鄰中山路５２４號１樓
FamilyMart 全家苗栗富樂店,037358638,苗栗縣,苗栗市,中正路３９９號一樓
FamilyMart 全家苗栗大利店,037369349,苗栗縣,苗栗市,中正路１１３２號
FamilyMart 全家苗栗新大發店,037261796,苗栗縣,苗栗市,福安里２２鄰中華路６７３號
FamilyMart 全家苗栗福麗店,037378597,苗栗縣,苗栗市,民族路１３２號１樓
FamilyMart 全家苗栗玉清店,037373733,苗栗縣,苗栗市,玉清里玉清路３８號１樓
FamilyMart 全家苗栗自治店,037368221,苗栗縣,苗栗市,自治路１６２號
FamilyMart 全家苗栗文發店,037371877,苗栗縣,苗栗市,至公路５８１號
FamilyMart 全家苗栗府前店,037356710,苗栗縣,苗栗市,府前路１０６號
FamilyMart 全家苗栗英才店,037372848,苗栗縣,苗栗市,英才路１２７號
FamilyMart 全家苗栗金大千店,037361982,苗栗縣,苗栗市,恭敬路１８號
FamilyMart 全家苗栗嘉新店,037267843,苗栗縣,苗栗市,國華路１２６號
FamilyMart 全家苗栗大勝店,037325993,苗栗縣,苗栗市,新東街１４２號
FamilyMart 全家造橋大坪店,037543907,苗栗縣,造橋鄉,尖豐路１２６號
FamilyMart 全家造橋朝陽店,037562446,苗栗縣,造橋鄉,朝陽村朝陽路１２７號
FamilyMart 全家頭屋雙龍店,037252310,苗栗縣,頭屋鄉,尖豐路１３５－２號
FamilyMart 全家公館新鶴岡店,037237605,苗栗縣,公館鄉,鶴山村７鄰鶴山２３５之１號１樓
FamilyMart 全家公館金交流店,037233561,苗栗縣,公館鄉,玉谷村１４鄰向陽３１號１樓
FamilyMart 全家公館福星店,037233702,苗栗縣,公館鄉,福星村福星２００號
FamilyMart 全家公館農會店,037237517,苗栗縣,公館鄉,忠孝路２２７號
FamilyMart 全家大湖重機店,037990095,苗栗縣,大湖鄉,富興村４鄰法雲寺６－１０號
FamilyMart 全家大湖金湖店,037990830,苗栗縣,大湖鄉,中原路８７－２號
FamilyMart 全家大湖新南昌店,037995457,苗栗縣,大湖鄉,南昌路２０號
FamilyMart 全家銅鑼朝陽店,037985738,苗栗縣,銅鑼鄉,朝陽村朝東４３之１０號
FamilyMart 全家銅鑼金銅鑼店,037982922,苗栗縣,銅鑼鄉,中正路１３３號
FamilyMart 全家銅鑼工業店,037232502,苗栗縣,銅鑼鄉,中平村中興路３之１號１樓
FamilyMart 全家銅鑼新福興店,037981203,苗栗縣,銅鑼鄉,福興村１３鄰平陽路４０－６號１樓
FamilyMart 全家銅鑼力積店,037980538,苗栗縣,銅鑼鄉,銅科七路８號１樓
FamilyMart 全家銅鑼京元店,037987616,苗栗縣,銅鑼鄉,銅科北路８號４樓
FamilyMart 全家三義休息站店,037870372,苗栗縣,三義鄉,西湖村下湖５－１０號
FamilyMart 全家三義金美店,037877823,苗栗縣,三義鄉,廣盛村八股路２２－３號
FamilyMart 全家三義三福店,037870175,苗栗縣,三義鄉,廣盛村重河路６３號
FamilyMart 全家卓蘭上新店,04-2589-8473,苗栗縣,卓蘭鎮,上新里１９鄰上新１２號
FamilyMart 全家卓蘭鄉城店,04-2589-1158,苗栗縣,卓蘭鎮,豐田里豐田３０－２號２樓
FamilyMart 全家卓蘭水梨店,04-2589-7758,苗栗縣,卓蘭鎮,中正路４８號
FamilyMart 全家台中狀元店,04-2229-9329,台中市,中區,綠川里中山路１９號２１號１樓
FamilyMart 全家台中鑫華店,04-2225-9116,台中市,中區,中華路一段１５２號
FamilyMart 全家台中日新店,04-2224-4999,台中市,中區,中華路一段１０９號
FamilyMart 全家台中新公園店,04-2223-1801,台中市,中區,公園路１９－２號壹樓及地下室
FamilyMart 全家台中萬代福店,04-2201-0133,台中市,中區,公園路４２號
FamilyMart 全家台中台鐵店,04-2224-0056,台中市,中區,臺灣大道１段１號
FamilyMart 全家台灣大道店,04-2229-0029,台中市,中區,台灣大道１段５３１號
FamilyMart 全家台中火車頭店,04-2222-0207,台中市,中區,台灣大道１段１號１樓Ａ０３櫃位
FamilyMart 全家台中驛前店,04-2225-0748,台中市,中區,台灣大道１段５號１樓
FamilyMart 全家台中日日新店,04-2223-5772,台中市,中區,民族路２１６號
FamilyMart 全家台中建民店,04-2220-3630,台中市,中區,民族路９號．１１號
FamilyMart 全家台中新市府店,04-2229-1640,台中市,中區,民權路８６號
FamilyMart 全家台中擎天店,04-2221-0096,台中市,中區,民權路１６２號１樓
FamilyMart 全家台中成功店,04-2225-0379,台中市,中區,成功路６６號
FamilyMart 全家台中繼成店,04-2226-2519,台中市,中區,成功路１０６號，１０８號一樓
FamilyMart 全家台中鑫貴店,04-2223-2616,台中市,中區,臺中市中區自由路二段１０３號壹樓
FamilyMart 全家台中力行店,04-2360-2447,台中市,東區,力行路２１２號１樓
FamilyMart 全家台中展欣店,04-2213-5303,台中市,東區,十甲東路３７８號
FamilyMart 全家台中十甲店,04-2213-2931,台中市,東區,十甲路２６２號一樓
FamilyMart 全家台中鳳鳴店,04-2280-8292,台中市,東區,大振街３１號
FamilyMart 全家台中公園東店,04-2215-0025,台中市,東區,公園東路１３０號
FamilyMart 全家台中金福仁店,04-2215-3175,台中市,東區,自由二街８５號１樓
FamilyMart 全家台中金自由店,04-2213-6648,台中市,東區,自由路三段９５號
FamilyMart 全家台中武聖店,04-2213-5265,台中市,東區,自由路四段１６５號１樓
FamilyMart 全家台中東英店,04-2213-8121,台中市,東區,東信里旱溪東路一段３００號、３０１號１樓
FamilyMart 全家台中金站二店,04-2228-0086,台中市,東區,和平街１１９－４號
FamilyMart 全家台中樂成店,04-2215-0016,台中市,東區,東光園路５６８號１樓及夾層
FamilyMart 全家台中東園店,04-2215-4768,台中市,東區,東光園路５３６號
FamilyMart 全家台中東光園店,04-2280-0737,台中市,東區,東光園路１０６號之鐵皮屋部分
FamilyMart 全家台中金東門店,04-2280-6630,台中市,東區,東門路１１８號
FamilyMart 全家台中甲福店,04-2215-2125,台中市,東區,東英十五街３００號
FamilyMart 全家台中長福店,04-2213-9823,台中市,東區,長福路３５７號
FamilyMart 全家台中東南店,04-2211-0166,台中市,東區,南京東路一段３２７號
FamilyMart 全家台中德國店,04-2280-9137,台中市,東區,建德街７１號
FamilyMart 全家台中旱溪東店,04-2213-4900,台中市,東區,振興路２５０號１樓
FamilyMart 全家台中金礦店,04-2228-1695,台中市,東區,振興路４４號１樓
FamilyMart 全家台中新富台店,04-2213-2761,台中市,東區,富台東街７２號１樓
FamilyMart 全家台中金站店,04-2224-5956,台中市,東區,復興路四段１４７號
FamilyMart 全家台中金東店,04-2215-0476,台中市,東區,精武東路８５號
FamilyMart 全家台中台安店,04-2360-6938,台中市,東區,精武路１２２號
FamilyMart 全家台中建國市店,04-2213-5315,台中市,東區,樂業二路６０號１樓
FamilyMart 全家台中長樂店,04-2213-4614,台中市,東區,樂業路３４２號
FamilyMart 全家台中金大慶店,04-2260-0280,台中市,南區,大慶街二段８號
FamilyMart 全家台中樹德里店,04-2265-2611,台中市,南區,大慶街２段４９號
FamilyMart 全家台中新時代店,04-2260-8615,台中市,南區,工學二街９５號一樓
FamilyMart 全家台中進步店,04-2265-0685,台中市,南區,工學北路１２２號１樓
FamilyMart 全家台中國資圖店,04-2263-6629,台中市,南區,五權南路１００號１樓商店區
FamilyMart 全家台中登陽店,04-2265-4239,台中市,南區,文心南路５４８號
FamilyMart 全家台中忠孝夜店,04-2285-2580,台中市,南區,忠孝路１０２號
FamilyMart 全家台中大安店,04-2260-3275,台中市,南區,忠明南路７３０巷２３號１樓
FamilyMart 全家台中金獅店,04-2263-3016,台中市,南區,東興路一段１６號
FamilyMart 全家台中崇倫店,04-2376-6132,台中市,南區,南屯路一段２７３號
FamilyMart 全家台中金南門店,04-2285-6435,台中市,南區,南門路５７號１Ｆ
FamilyMart 全家台中新高橋店,04-2372-6342,台中市,南區,建國北路一段２５０號
FamilyMart 全家台中汝川店,04-2471-5784,台中市,南區,建國北路一段１１０號（汝川醫療大樓Ｂ１）
FamilyMart 全家台中中山壹店,04-2471-0201,台中市,南區,建國北路１段１１０號
FamilyMart 全家台中帝國店,04-2260-0448,台中市,南區,美村南路１５３、１５５號１樓
FamilyMart 全家台中柳川店,04-2375-6530,台中市,南區,美村路二段１６號、１８號１樓
FamilyMart 全家台中和美店,04-2265-0806,台中市,南區,美村路２段２５３號
FamilyMart 全家台中中興二店,04-2285-6331,台中市,南區,國光路２５０號
FamilyMart 全家台中復興北店,04-2265-0810,台中市,南區,復興北路３００號
FamilyMart 全家台中樹仔腳店,04-2265-7425,台中市,南區,復興路一段３３號
FamilyMart 全家台中興美店,04-2260-0991,台中市,南區,復興路二段９９巷１８號
FamilyMart 全家台中國圖館店,04-2224-5536,台中市,南區,新華街１６９號
FamilyMart 全家台中福田二店,04-2265-0550,台中市,南區,福田二街３３６號
FamilyMart 全家台中福田店,04-2261-4416,台中市,南區,福田路１５號１樓
FamilyMart 全家台中興大店,04-2285-1742,台中市,南區,積善里學府路５１號，５３號
FamilyMart 全家台中新學府店,04-2220-6022,台中市,南區,學府路１６８巷２號
FamilyMart 全家台中四維店,04-2220-8900,台中市,西區,三民路一段１７２—５、１７２—６號
FamilyMart 全家台中署醫店,04-2229-4799,台中市,西區,三民路一段１９９號
FamilyMart 全家台中正點店,04-2376-0313,台中市,西區,臺中市西區三民路一段４６號全部
FamilyMart 全家台中精誠店,04-2320-8160,台中市,西區,大業路１號
FamilyMart 全家台中全球店,04-2225-5085,台中市,西區,中華路一段１－５９號（全球影城）
FamilyMart 全家台中金五廊店,04-2224-9566,台中市,西區,五廊街６號
FamilyMart 全家台中五權五店,04-2375-0622,台中市,西區,五權五街１４３號１樓
FamilyMart 全家台中公民店,04-2376-0067,台中市,西區,五權路２－１３９號
FamilyMart 全家台中金可店,04-2206-1722,台中市,西區,五權路２０５號
FamilyMart 全家台中市民店,04-2301-4035,台中市,西區,公正路１０３號
FamilyMart 全家台中師院店,04-2229-4029,台中市,西區,民權路１８９號
FamilyMart 全家台中尚美店,04-2301-3816,台中市,西區,向上北路１９２號．１９４號１樓
FamilyMart 全家台中向上店,04-2301-7496,台中市,西區,向上路一段３６號
FamilyMart 全家台中後龍店,04-2301-2618,台中市,西區,後龍街５８號民權路３０２號
FamilyMart 全家台中鑫美店,04-2328-4015,台中市,西區,美村路一段２２號
FamilyMart 全家台中新美村店,04-2378-0607,台中市,西區,美村路１段６１０號
FamilyMart 全家台中美美店,04-2301-0377,台中市,西區,美村路１段１７７號
FamilyMart 全家台中國泰金店,04-2301-7795,台中市,西區,英才路５３０號１樓
FamilyMart 全家台中綠園道店,04-2323-3938,台中市,西區,健行路１０４９號１樓
FamilyMart 全家台中科博館店,04-2329-7287,台中市,西區,博館路１１７號
FamilyMart 全家台中水岸店,04-2314-0233,台中市,西區,華美西街１段１３４號１樓及Ｂ１
FamilyMart 全家台中高昇店,04-2301-5087,台中市,西區,華美街１４９之１號
FamilyMart 全家台中金大益店,04-2320-0307,台中市,西區,精誠路２３８號
FamilyMart 全家台中樂群店,04-2371-2316,台中市,西區,樂群街６１之４號
FamilyMart 全家台中篤行店,04-2202-3520,台中市,西區,篤行路１８８號
FamilyMart 全家台中家豐店,04-2206-0006,台中市,西區,篤信街１４號
FamilyMart 全家台中一中街店,04-2225-7909,台中市,北區,一中街１２９號
FamilyMart 全家台中一中讚店,04-2225-0622,台中市,北區,一中街２５３號１樓
FamilyMart 全家台中一中一店,04-2225-0678,台中市,北區,一中街１號１樓．地下１樓
FamilyMart 全家台中中友店,04-2229-0506,台中市,北區,三民路３段１４１－１號
FamilyMart 全家台中學友店,04-2225-2991,台中市,北區,三民路三段２１５號
FamilyMart 全家台中嘉勝店,04-2206-9198,台中市,北區,大德街４７號壹樓
FamilyMart 全家台中高雅店,04-2291-6368,台中市,北區,中清路一段７２０號、７２２號
FamilyMart 全家台中金中清店,04-2202-2869,台中市,北區,中清路一段８３號
FamilyMart 全家台中中清一店,04-2202-0301,台中市,北區,中清路一段３７０號
FamilyMart 全家台中錦華店,04-2208-0067,台中市,北區,中華路２段１１６號
FamilyMart 全家台中五億店,04-2207-7256,台中市,北區,臺中市北區五義街１３２號１樓
FamilyMart 全家台中五權一店,04-2206-0109,台中市,北區,五權路３５６號１樓
FamilyMart 全家台中光大店,04-2206-0007,台中市,北區,公園路２１７號
FamilyMart 全家台中金太平店,04-2229-0207,台中市,北區,太平路６６號１樓
FamilyMart 全家台中太陽店,04-2202-2098,台中市,北區,明德里太原路一段４５０－１號
FamilyMart 全家台中金水店,04-2206-8578,台中市,北區,文化街４８號
FamilyMart 全家台中北屯店,04-2233-2903,台中市,北區,北屯路４５號
FamilyMart 全家台中立人店,04-2293-3003,台中市,北區,北平路一段８３號
FamilyMart 全家台中嘉農店,04-2293-7917,台中市,北區,賴旺里北平路二段８號
FamilyMart 全家台中育德店,04-2203-9666,台中市,北區,育德路１０８號，篤行路３６９號，３７１號
FamilyMart 全家台中微笑店,04-2233-0806,台中市,北區,育樂街３７號１樓
FamilyMart 全家台中東成店,04-2234-5768,台中市,北區,東成路２０，２２號１號
FamilyMart 全家台中新東義店,04-2291-3297,台中市,北區,賴旺里青島路一段１２號
FamilyMart 全家台中金美德店,04-2207-0089,台中市,北區,美德街１８４號
FamilyMart 全家台中喜樂店,04-2207-0206,台中市,北區,英才路２６６號
FamilyMart 全家台中福多店,04-2292-9761,台中市,北區,陜西路６３號
FamilyMart 全家台中永興店,04-2236-0356,台中市,北區,健行路３７５號１Ｆ
FamilyMart 全家台中新健興店,04-2208-3092,台中市,北區,健行路７６８號１樓及地下１樓
FamilyMart 全家台中梅亭東店,04-2237-2543,台中市,北區,梅亭東街６２號１樓及地下室
FamilyMart 全家台中英國店,04-2321-8326,台中市,北區,博館二街６０號
FamilyMart 全家台中館東店,04-2327-2118,台中市,北區,博館東街４８號１樓
FamilyMart 全家台中一中漾店,04-2229-2029,台中市,北區,尊賢街２２－３號１樓、地下１樓
FamilyMart 全家台中新大衛店,04-2202-5829,台中市,北區,進化北路３６５號１樓之２
FamilyMart 全家台中遠大店,04-2238-3593,台中市,北區,綏遠路一段８號１樓
FamilyMart 全家台中上發店,04-2291-4739,台中市,北區,漢口路三段８８號
FamilyMart 全家台中漢口店,04-2292-2475,台中市,北區,賴厝里漢口路四段５６，５８，６０號１樓
FamilyMart 全家台中一中好店,04-2225-3647,台中市,北區,錦新街２３號
FamilyMart 全家台中雙利店,04-2236-0207,台中市,北區,雙十路２段９７號
FamilyMart 全家台中安順東店,04-2299-4628,台中市,北屯區,大連路一段２７８號１樓右側部分
FamilyMart 全家台中山陽店,04-2291-0486,台中市,北屯區,平和里山西路二段２２２號１樓
FamilyMart 全家台中經貿店,04-2426-0216,台中市,北屯區,中平路１１５１號
FamilyMart 全家台中中清二店,04-2426-0063,台中市,北屯區,中清路２段１０６８號
FamilyMart 全家台中新大昇店,04-2426-0962,台中市,北屯區,中清路二段１２５０巷１７６弄３１號
FamilyMart 全家台中中泰店,04-2295-6901,台中市,北屯區,中清路二段４０９號、４１１號
FamilyMart 全家台中偉如店,04-2237-0537,台中市,北屯區,天津路３段７２號
FamilyMart 全家台中新太原店,04-2233-1756,台中市,北屯區,太原路三段１５２號
FamilyMart 全家台中金原店,04-2238-3255,台中市,北屯區,太原路三段２３１號
FamilyMart 全家台中睿景店,04-2436-1805,台中市,北屯區,太原路三段８４９號
FamilyMart 全家台中太和店,04-2436-4861,台中市,北屯區,太原路三段１１９０號
FamilyMart 全家台中太順店,04-2436-1134,台中市,北屯區,太順路１０３號
FamilyMart 全家台中時尚店,04-2292-0168,台中市,北屯區,文心路３段９８３號
FamilyMart 全家台中梅川東店,04-2236-0977,台中市,北屯區,文心路４段２６８號
FamilyMart 全家台中北新店,04-2243-4763,台中市,北屯區,北屯路２８８號，２８８之１號
FamilyMart 全家台中四平店,04-2296-5197,台中市,北屯區,四平路３５之６號
FamilyMart 全家台中四張犁店,04-2421-1841,台中市,北屯區,四平路４７５之１號
FamilyMart 全家台中洲際店,04-2421-2766,台中市,北屯區,四平路５７２號
FamilyMart 全家台中和順店,04-2439-1336,台中市,北屯區,和順路４００號
FamilyMart 全家台中仁美店,04-2422-6445,台中市,北屯區,仁美里昌平東二路１７９號１樓
FamilyMart 全家台中水景店,04-2436-2774,台中市,北屯區,東山路一段１９６之１號
FamilyMart 全家台中大坑店,04-2436-2022,台中市,北屯區,東山路１段３８０之２３號
FamilyMart 全家台中東光店,04-2436-0567,台中市,北屯區,東光路８８６號１樓
FamilyMart 全家台中豐源店,04-2241-0563,台中市,北屯區,松竹北路１５０號
FamilyMart 全家台中金強店,04-2247-4880,台中市,北屯區,松竹路二段３６６－１號
FamilyMart 全家台中真義店,04-2247-9532,台中市,北屯區,松義街１６０號、１６２號
FamilyMart 全家台中金河店,04-2234-5716,台中市,北屯區,河北路二段９８號
FamilyMart 全家台中永定店,04-2237-4388,台中市,北屯區,河北路二段６９號
FamilyMart 全家台中春水店,04-2435-0670,台中市,北屯區,舊社里南興路７７號１樓
FamilyMart 全家台中紅瓦厝店,04-2436-5100,台中市,北屯區,南興路８０６號
FamilyMart 全家台中溪上月店,04-2436-3199,台中市,北屯區,舊社里１鄰南興路１１１６號
FamilyMart 全家台中花見店,04-2436-1670,台中市,北屯區,建和路一段４２０號
FamilyMart 全家台中軍功店,04-2437-4670,台中市,北屯區,軍功路一段４９７號、４９５號１樓
FamilyMart 全家台中三甲店,04-2436-3245,台中市,北屯區,軍福八路５６９號
FamilyMart 全家台中軍福店,04-2439-1083,台中市,北屯區,軍福十九路２１５號
FamilyMart 全家台中南興園店,04-2436-1560,台中市,北屯區,軍福十九路５３８號
FamilyMart 全家台中金順店,04-2436-6433,台中市,北屯區,軍福十三路３０３號
FamilyMart 全家台中英皇店,04-2436-1564,台中市,北屯區,軍福十六路２７７號
FamilyMart 全家台中國強店,04-2237-0660,台中市,北屯區,國強街１６３號
FamilyMart 全家台中昌盛店,04-2247-9842,台中市,北屯區,崇德二路一段２５７號、２５９號１樓
FamilyMart 全家台中崇大店,04-2247-7685,台中市,北屯區,崇德路二段２７６號
FamilyMart 全家台中崇德店,04-2242-9360,台中市,北屯區,崇德路二段３５１號
FamilyMart 全家台中祥順店,04-2439-2871,台中市,北屯區,?子路309號
FamilyMart 全家台中敦化店,04-2292-0301,台中市,北屯區,敦化路一段５７３號
FamilyMart 全家台中大地店,04-2436-8537,台中市,北屯區,敦富路１５７號
FamilyMart 全家台中富翁店,04-2436-5183,台中市,北屯區,敦富路８００號
FamilyMart 全家台中情人店,04-2436-5681,台中市,北屯區,景賢路１０６號１、２Ｆ
FamilyMart 全家台中熱河店,04-2243-8041,台中市,北屯區,平心里熱河路二段１６６號１樓
FamilyMart 全家台中樂樂店,04-2236-5516,台中市,北屯區,熱河路二段１１９號
FamilyMart 全家台中新崇河店,04-2241-3302,台中市,北屯區,熱河路三段５７號１樓
FamilyMart 全家台中鼎安店,04-2241-2451,台中市,北屯區,興安路一段２３３號
FamilyMart 全家台中松茂店,04-2247-3340,台中市,北屯區,松強里興安路二段４６１巷２號４６３號一
FamilyMart 全家台中新興安店,04-2243-7052,台中市,北屯區,興安路二段３１號
FamilyMart 全家台中遼寧店,04-2247-1695,台中市,北屯區,遼寧路一段１５８號１樓
FamilyMart 全家台中環太東店,04-2393-7422,台中市,北屯區,環太東路５８８號
FamilyMart 全家台中詠成店,04-2393-4345,台中市,北屯區,環太東路４６９號
FamilyMart 全家台中東豐店,04-2422-7646,台中市,北屯區,豐樂路２１－８號
FamilyMart 全家台中新豐樂店,04-2422-5917,台中市,北屯區,豐樂路７－５號
FamilyMart 全家台中上仁店,04-2452-1577,台中市,西屯區,上仁街１０２號
FamilyMart 全家台中上石店,04-2452-0603,台中市,西屯區,上石路８１號１樓
FamilyMart 全家台中上安店,04-2452-4993,台中市,西屯區,上安路１３６號一樓
FamilyMart 全家台中榮玉店,04-2310-0508,台中市,西屯區,大墩二十街９９號１樓
FamilyMart 全家台中福揚店,04-2310-5615,台中市,西屯區,大墩十九街１８８號
FamilyMart 全家台中樂活店,04-2327-1767,台中市,西屯區,大墩１９街１８號、２０號、２２號１樓
FamilyMart 全家台中十八街店,04-2310-1028,台中市,西屯區,大墩十八街１９３號
FamilyMart 全家台中工一店,04-2350-6360,台中市,西屯區,工業區一路６號１樓
FamilyMart 全家台中白金店,04-2355-0103,台中市,西屯區,工業區一路７０號
FamilyMart 全家台中金工店,04-2359-8407,台中市,西屯區,工業區一路９８－１３０號
FamilyMart 全家台中天保店,04-2358-7991,台中市,西屯區,福和里中工三路２１４之１號、之２號１樓
FamilyMart 全家台中工三店,04-2350-7237,台中市,西屯區,中工三路７５號、７７號
FamilyMart 全家中央公園店,04-3706-8913,台中市,西屯區,中科路２９６６號１樓
FamilyMart 全家台中真安店,04-2299-4955,台中市,西屯區,中清西二街７９號１樓
FamilyMart 全家台中福氣店,04-2452-0407,台中市,西屯區,文華路１０５之１０號
FamilyMart 全家台中文華店,04-2451-4285,台中市,西屯區,文華路３之３號
FamilyMart 全家台中光明店,04-2706-9670,台中市,西屯區,至善里臺灣大道３段７３０號
FamilyMart 全家台中登峰店,04-2452-3433,台中市,西屯區,至善里臺灣大道３段６６０號
FamilyMart 全家台中三越店,04-2312-2021,台中市,西屯區,台灣大道３段３２８號１、２樓
FamilyMart 全家台中皇居店,04-2452-2306,台中市,西屯區,台灣大道３段５９２號１樓及夾層
FamilyMart 全家東海大學店,04-2359-0225,台中市,西屯區,台灣大道４段１７２７號
FamilyMart 全家東海大學二店,04-2359-4163,台中市,西屯區,台灣大道４段１７２７號
FamilyMart 全家台中澄清店,04-2463-6832,台中市,西屯區,福林里臺灣大道４段９６６號１樓
FamilyMart 全家台中金豹店,04-2312-8382,台中市,西屯區,四川一街２６號
FamilyMart 全家台中新桂冠店,04-2312-4958,台中市,西屯區,四川路６７號
FamilyMart 全家台中鼎盛店,04-2258-1077,台中市,西屯區,市政北二路２３２號２樓
FamilyMart 全家台中豐邑店,04-2254-0607,台中市,西屯區,市政路３９２號１樓及招牌
FamilyMart 全家台中新福樂店,04-2463-3853,台中市,西屯區,永福路１２２號１樓
FamilyMart 全家台中惠安店,04-2315-4623,台中市,西屯區,何德里甘肅路一段１８號１樓
FamilyMart 全家台中下石碑店,04-2317-0307,台中市,西屯區,甘肅路２段６８號
FamilyMart 全家台中逢明店,04-2452-3277,台中市,西屯區,光明路５２－３１號１樓
FamilyMart 全家台中七張犁店,04-2359-0326,台中市,西屯區,安和路１２０之１５號１樓及２樓
FamilyMart 全家台中安和店,04-2358-8123,台中市,西屯區,安和路９９之３８號
FamilyMart 全家台中成長店,04-2296-9883,台中市,西屯區,成都路３６８號
FamilyMart 全家台中至善店,04-2701-4306,台中市,西屯區,至善路１０５號
FamilyMart 全家台中至真店,04-2452-7522,台中市,西屯區,至善路２３６號、２３８號、２３４巷１號
FamilyMart 全家台中西屯店,04-2317-9256,台中市,西屯區,西屯路二段９０之２２，２３號
FamilyMart 全家台中至尊店,04-2708-7147,台中市,西屯區,西屯路二段２６８－１２，１３號
FamilyMart 全家台中豐盛店,04-2317-9406,台中市,西屯區,西屯路二段１２６－１３號１２６－１５號
FamilyMart 全家台中俊美店,04-2452-5922,台中市,西屯區,西屯路２段２９７之１６號１樓全部
FamilyMart 全家台中陽光店,04-2452-0880,台中市,西屯區,西屯路２段２５８之２１號
FamilyMart 全家台中福鄰店,04-2461-6177,台中市,西屯區,永安里西屯路三段１６６之２５號１樓
FamilyMart 全家台中福科店,04-2461-5098,台中市,西屯區,西屯路三段１５９之８０號
FamilyMart 全家台中新福美店,04-2452-5647,台中市,西屯區,西安街６８號１樓
FamilyMart 全家台中惠慶店,04-2452-7462,台中市,西屯區,河南路二段３０１巷７６號１樓
FamilyMart 全家台中海派店,04-2452-4792,台中市,西屯區,青海南街１５７號
FamilyMart 全家台中儷晶店,04-2452-5281,台中市,西屯區,青海路二段１５３號
FamilyMart 全家台中國安一店,04-2461-0062,台中市,西屯區,國安一路１６９號
FamilyMart 全家台中金航發店,04-2452-0722,台中市,西屯區,逢大路５號
FamilyMart 全家台中金逢甲店,04-2452-5686,台中市,西屯區,逢甲路９８號１樓及地下室
FamilyMart 全家台中朝貴店,04-2251-1253,台中市,西屯區,朝馬路１３９號、１４１號，１４３號一樓
FamilyMart 全家台中朝富店,04-2254-7347,台中市,西屯區,朝富路１７６號
FamilyMart 全家台中新大富店,04-2255-0091,台中市,西屯區,朝富路１００號１樓
FamilyMart 全家台中大鵬店,04-2299-1570,台中市,西屯區,順平路１５２號
FamilyMart 全家台中漢翔店,04-2452-0234,台中市,西屯區,漢翔路２９５號１樓
FamilyMart 全家台中福華店,04-2463-5723,台中市,西屯區,福安路５７號
FamilyMart 全家台中新福滿店,04-2452-0702,台中市,西屯區,福星路３４９號１樓
FamilyMart 全家台中金福星店,04-2452-1858,台中市,西屯區,福星路６０１號
FamilyMart 全家台中福康店,04-2461-0001,台中市,西屯區,福康路７１號１樓
FamilyMart 全家台中福雅店,04-2463-2785,台中市,西屯區,福雅路６９３號一樓
FamilyMart 全家台中新福瑞店,04-2462-0357,台中市,西屯區,福瑞街９２號
FamilyMart 全家台中新福聯店,04-2462-1219,台中市,西屯區,福聯街２３號
FamilyMart 全家台中金福廣店,04-2452-3499,台中市,西屯區,廣福路３１８號１樓
FamilyMart 全家台中民主店,04-2251-8576,台中市,西屯區,黎明路二段７７９號
FamilyMart 全家台中環中店,04-2251-0212,台中市,西屯區,環中路三段９３０、９３２、９３６號
FamilyMart 全家台中八寶店,04-2452-2224,台中市,西屯區,寶慶街４２之１號１樓及夾層
FamilyMart 全家台中新惠來店,04-2315-5463,台中市,西屯區,櫻花路１２９號
FamilyMart 全家台中大英店,04-2310-6077,台中市,南屯區,溝墘里大業路２７１號一樓
FamilyMart 全家台中墩鴻店,04-2320-7680,台中市,南屯區,惠中里大墩十一街２８８號、２９０號一樓
FamilyMart 全家台中傑盛店,04-2252-5201,台中市,南屯區,大墩十一街３７０號、３７２號
FamilyMart 全家台中大河店,04-2251-1440,台中市,南屯區,大墩十一街６４２號
FamilyMart 全家台中墩陽店,04-2328-8661,台中市,南屯區,大墩十七街１１９號１樓
FamilyMart 全家台中田心店,04-2473-4909,台中市,南屯區,大墩六街２６１號
FamilyMart 全家台中新大鼎店,04-2473-9116,台中市,南屯區,大墩南路１９９號１樓
FamilyMart 全家台中十一街店,04-2320-6248,台中市,南屯區,大墩路５１４號１樓
FamilyMart 全家台中敦親店,04-2471-9372,台中市,南屯區,大墩路１６１號
FamilyMart 全家台中龍富二店,04-2380-7391,台中市,南屯區,五權西路２段１１７２號
FamilyMart 全家台中五權西店,04-2386-0560,台中市,南屯區,五權西路２段６８０號
FamilyMart 全家台中嶺南店,04-2386-1284,台中市,南屯區,五權西路三段１７７號、１７９號
FamilyMart 全家台中大進店,04-2319-2334,台中市,南屯區,公益路二段３９號
FamilyMart 全家台中惠春店,04-2251-3414,台中市,南屯區,公益路二段６３１號
FamilyMart 全家台中新大進店,04-2320-4505,台中市,南屯區,公益路二段８號１樓
FamilyMart 全家台中寶成店,04-2350-5973,台中市,南屯區,文山六街１８９號
FamilyMart 全家台中鼎豐店,04-2380-9208,台中市,南屯區,豊樂里永春東一路７１９號一樓
FamilyMart 全家台中花市店,04-2380-2528,台中市,南屯區,永春東七路８３３號１樓
FamilyMart 全家台中永春店,04-2386-1613,台中市,南屯區,永春路３７號
FamilyMart 全家台中益豐店,04-2389-0611,台中市,南屯區,向上路３段３３５號
FamilyMart 全家台中親家店,04-2386-7500,台中市,南屯區,向上路五段１０６號、１０８號
FamilyMart 全家台中向德店,04-2475-0177,台中市,南屯區,向心路３２號
FamilyMart 全家台中金勇店,04-2380-7836,台中市,南屯區,忠勇路７１－１號
FamilyMart 全家台中新忠勇店,04-2380-1003,台中市,南屯區,忠勇路７６之３號
FamilyMart 全家台中新東二店,04-2473-1935,台中市,南屯區,東興路二段３６號１樓
FamilyMart 全家台中東興店,04-2471-2047,台中市,南屯區,東興路二段２８１，２８３號１樓
FamilyMart 全家台中惠文店,04-2258-4215,台中市,南屯區,河南路四段３２６號
FamilyMart 全家台中風華店,04-2381-6211,台中市,南屯區,南屯里河南路四段６９２號一樓
FamilyMart 全家台中保安店,04-2350-0203,台中市,南屯區,保安十街１６６號
FamilyMart 全家台中金南屯店,04-2473-4538,台中市,南屯區,南屯路二段１５９號
FamilyMart 全家台中金美店,04-2381-6217,台中市,南屯區,永定里１４鄰南屯路二段８７２號
FamilyMart 全家台中建功店,04-2381-7852,台中市,南屯區,建功路１０７之３８號１０７之３９號１樓
FamilyMart 全家台中林新店,04-2251-0100,台中市,南屯區,惠中路三段３６號Ｂ棟１Ｆ商店２店面
FamilyMart 全家台中惠中店,04-2381-6112,台中市,南屯區,惠中路三段４６號、４８號、５０號
FamilyMart 全家台中圓滿店,04-2380-8945,台中市,南屯區,惠文路４９９號
FamilyMart 全家台中墩惠店,04-2389-2307,台中市,南屯區,惠文路２８８號
FamilyMart 全家台中楓香店,04-2479-5885,台中市,南屯區,楓樹南街３５８號１樓及地下室
FamilyMart 全家台中楓樹店,04-2470-0620,台中市,南屯區,黎明路一段２５３號、２５５號
FamilyMart 全家台中黎明店,04-2254-0498,台中市,南屯區,三厝里黎明路二段４０６號
FamilyMart 全家台中輕井澤店,04-2251-2206,台中市,南屯區,黎明路二段７０６號１樓及２樓
FamilyMart 全家台中龍富店,04-2380-7235,台中市,南屯區,龍富路四段２號１樓
FamilyMart 全家台中彩虹村店,04-2389-2387,台中市,南屯區,嶺東南路１６７號
FamilyMart 全家台中新文山店,04-2380-5475,台中市,南屯區,嶺東路７３０號
FamilyMart 全家太平新豐年店,04-2393-6370,台中市,太平區,大源十八街１號１樓
FamilyMart 全家太平新興店,04-2391-2018,台中市,太平區,大興１１街２０７號
FamilyMart 全家太平普拉斯店,04-2393-7214,台中市,太平區,大興路１２７號
FamilyMart 全家太平勤利店,04-2393-1412,台中市,太平區,中山路一段２１５巷１９號
FamilyMart 全家太平玉林店,04-2393-9472,台中市,太平區,中山路２段１號
FamilyMart 全家太平水林店,04-2391-5427,台中市,太平區,中山路二段１１８號，１１８號之１
FamilyMart 全家太平中華店,04-2393-6935,台中市,太平區,中山路二段４４１號
FamilyMart 全家太平軍醫店,04-2393-8752,台中市,太平區,中山路２段３４８號
FamilyMart 全家太平新凱悅店,04-2277-8617,台中市,太平區,中平九街１１７號
FamilyMart 全家太平好順店,04-2393-7501,台中市,太平區,太順路４０９號
FamilyMart 全家太平新興中店,04-2270-3497,台中市,太平區,永平南路１號
FamilyMart 全家太平永平店,04-2273-2879,台中市,太平區,永平路一段６５號１樓
FamilyMart 全家太平義成店,04-2279-5486,台中市,太平區,永成北路２０５之１號
FamilyMart 全家太平永豐店,04-2278-6202,台中市,太平區,永豐路８１號、８３號１樓
FamilyMart 全家太平光德店,04-2271-2683,台中市,太平區,光德路１０１號１樓
FamilyMart 全家太平光興店,04-2270-4228,台中市,太平區,光興路１０７２號
FamilyMart 全家太平產業園店,04-2271-6281,台中市,太平區,光興路３１３號
FamilyMart 全家太平水悅店,04-2236-0902,台中市,太平區,旱溪西路２段１８７號
FamilyMart 全家太平金幸福店,04-2436-8914,台中市,太平區,旱溪東路二段３６５號
FamilyMart 全家太平曙光店,04-2391-0543,台中市,太平區,育賢路３４８號
FamilyMart 全家太平育賢店,04-2393-5507,台中市,太平區,育賢路１５６號．１５８號
FamilyMart 全家太平大道店,04-2279-0607,台中市,太平區,宜昌路３００號
FamilyMart 全家太平一江橋店,04-2279-6502,台中市,太平區,東河里東平路６號
FamilyMart 全家太平東村店,04-2276-4188,台中市,太平區,東平里１３鄰東村３街６號、８號
FamilyMart 全家太平永益店,04-2277-4868,台中市,太平區,長億六街５３—２７號
FamilyMart 全家太平金永億店,04-2273-0300,台中市,太平區,長億路１７２號
FamilyMart 全家太平頭汴坑店,04-2275-6896,台中市,太平區,長龍路２段１號
FamilyMart 全家太平建興店,04-2276-2588,台中市,太平區,建興路２６６，２６８號
FamilyMart 全家太平再福店,04-2395-0290,台中市,太平區,振福路４２７號．４２９號．４３１號
FamilyMart 全家太平洋洋店,04-2395-2499,台中市,太平區,振福路６６０號
FamilyMart 全家太平新甲店,04-2273-6455,台中市,太平區,新仁路一段４２號，４４巷２號
FamilyMart 全家太平建昌店,04-2273-7247,台中市,太平區,新平路二段８２號１樓
FamilyMart 全家太平新平店,04-2391-3674,台中市,太平區,新平路三段３４７號
FamilyMart 全家太平育仁店,04-2391-2587,台中市,太平區,新平路三段１４６號１４８號１５０號一樓
FamilyMart 全家太平新福店,04-2395-9213,台中市,太平區,新福路３０８號
FamilyMart 全家太平熊幸福店,04-2393-3056,台中市,太平區,新興路７８號
FamilyMart 全家太平宜佳店,04-2270-8707,台中市,太平區,溪洲西路１４２號（配送用）
FamilyMart 全家太平溪洲店,04-2278-4296,台中市,太平區,溪洲路６８號
FamilyMart 全家太平廣三店,04-2395-5174,台中市,太平區,廣三街３３號
FamilyMart 全家太平樹孝店,04-2393-8633,台中市,太平區,樹孝路１０９號
FamilyMart 全家太平金城店,04-2395-5137,台中市,太平區,樹德路２７５號
FamilyMart 全家大里新榮店,04-2483-0774,台中市,大里區,大里路６５號
FamilyMart 全家大里新捷勝店,04-2406-8605,台中市,大里區,大明路５１２號１樓
FamilyMart 全家大里大明店,04-2487-0979,台中市,大里區,大明路１６８號１樓
FamilyMart 全家大里永勝店,04-2406-1062,台中市,大里區,永隆里大明路４６９號一樓
FamilyMart 全家大里國際店,04-2491-1607,台中市,大里區,工業二路８６號１樓
FamilyMart 全家大里工業店,04-2491-8981,台中市,大里區,工業路９４號、９６號
FamilyMart 全家青年高中店,04-2496-7446,台中市,大里區,中湖路１００號Ｂ１樓
FamilyMart 全家大里大發店,04-2496-4207,台中市,大里區,中興路一段１０９之５號１樓
FamilyMart 全家大里金瑞店,04-2496-9197,台中市,大里區,中興路１段２６巷１１－６號
FamilyMart 全家大里永興店,04-2483-7840,台中市,大里區,中興路二段１５６號
FamilyMart 全家大里金大發店,04-2491-4545,台中市,大里區,仁化路３４３－１號
FamilyMart 全家大里內新店,04-2486-6921,台中市,大里區,內新街５４，５６號１樓
FamilyMart 全家大里軟科店,04-2496-2900,台中市,大里區,公園街４２３－１號
FamilyMart 全家大里新日新店,04-2483-3758,台中市,大里區,日新路５８６號
FamilyMart 全家大里大福店,04-2483-4656,台中市,大里區,日新路６８８號
FamilyMart 全家大里順發店,04-2406-9634,台中市,大里區,永隆路２０９號壹樓
FamilyMart 全家大里河堤店,04-2275-1784,台中市,大里區,立德里立中街９號
FamilyMart 全家大里立仁店,04-2277-7327,台中市,大里區,新仁里立仁路８３號、８５號１樓
FamilyMart 全家大里立新店,04-2275-4133,台中市,大里區,立新街３２１號１樓
FamilyMart 全家大里成功店,04-2496-7027,台中市,大里區,成功路５４７號
FamilyMart 全家大里西湖店,04-2496-2341,台中市,大里區,西湖路３３７號
FamilyMart 全家大里勝美店,04-2483-4377,台中市,大里區,西榮路６８號
FamilyMart 全家大里東芳店,04-2495-3985,台中市,大里區,東湖里東南路１４２之６號１樓
FamilyMart 全家大里大金店,04-2496-3848,台中市,大里區,長春路７８巷５０號
FamilyMart 全家大里益民店,04-2481-3483,台中市,大里區,新里里益民路二段１７３號１樓
FamilyMart 全家大里新大益店,04-2483-2179,台中市,大里區,益民路二段３５號１樓
FamilyMart 全家大里東益店,04-2482-0572,台中市,大里區,益民路二段２８０號
FamilyMart 全家大里大功店,04-2482-1224,台中市,大里區,國光里國光路二段３８號一樓
FamilyMart 全家大里大里杙店,04-2406-1707,台中市,大里區,爽文路３３２號
FamilyMart 全家大里新生店,04-2485-3381,台中市,大里區,現岱路１８７號．１８９號１樓
FamilyMart 全家大里善化店,04-2491-8213,台中市,大里區,善化路１４６號
FamilyMart 全家大里再發店,04-2495-3738,台中市,大里區,塗城路６８１號
FamilyMart 全家大里金城店,04-2493-5341,台中市,大里區,塗城路５３７號
FamilyMart 全家大里新城店,04-2493-5172,台中市,大里區,塗城路２９１號
FamilyMart 全家大里塗城店,04-2493-0415,台中市,大里區,塗城路７４２號、７４４號１樓
FamilyMart 全家大里愛心店,04-2406-7490,台中市,大里區,愛心路７５號
FamilyMart 全家大里新光店,04-2483-1925,台中市,大里區,新光路９３號
FamilyMart 全家大里新興店,04-2406-3642,台中市,大里區,新興路４７號
FamilyMart 全家大里金樹王店,04-2407-0586,台中市,大里區,樹王路２７９號１樓
FamilyMart 全家霧峰金來店,04-2339-7586,台中市,霧峰區,中正路８０３號一樓
FamilyMart 全家霧峰中投店,04-2330-6848,台中市,霧峰區,中投西路二段４３０號
FamilyMart 全家霧峰五福店,04-2333-2687,台中市,霧峰區,六股路２９２號
FamilyMart 全家霧峰九德店,04-2339-6632,台中市,霧峰區,四德路２０４號
FamilyMart 全家霧峰金德店,04-2339-2762,台中市,霧峰區,四德路５７６號
FamilyMart 全家霧峰金丁台店,04-2339-8393,台中市,霧峰區,四德路３９２號
FamilyMart 全家霧峰民主店,04-2330-4095,台中市,霧峰區,民生路８２號
FamilyMart 全家霧峰金花園店,04-2330-5277,台中市,霧峰區,本堂里民生路１２號
FamilyMart 全家霧峰新六順店,04-2339-1863,台中市,霧峰區,民生路２０１號
FamilyMart 全家霧峰吉峰店,04-2339-6552,台中市,霧峰區,民生路３５３號
FamilyMart 全家霧峰朝科大店,04-2330-2271,台中市,霧峰區,吉峰東路６２號
FamilyMart 全家霧峰金亞洲店,04-2330-9412,台中市,霧峰區,南柳村柳豐路３６８號１樓
FamilyMart 全家霧峰亞洲店,04-2339-1650,台中市,霧峰區,柳豐路４６６．４６８號
FamilyMart 全家霧峰新振興店,04-2330-3638,台中市,霧峰區,草湖路４９號
FamilyMart 全家霧峰亞大醫店,04-2330-3723,台中市,霧峰區,福新路２１３號
FamilyMart 全家霧峰金樹店,04-2339-4290,台中市,霧峰區,樹仁路１６９號
FamilyMart 全家霧峰新錦峰店,04-2330-9776,台中市,霧峰區,錦州路３３１號
FamilyMart 全家烏日三榮店,04-2337-2757,台中市,烏日區,三榮路一段４５６號
FamilyMart 全家烏日高捷店,04-2336-7147,台中市,烏日區,三榮路二段３５２號
FamilyMart 全家烏日三民店,04-2338-2018,台中市,烏日區,中山路二段２２０號，三民街１３６號
FamilyMart 全家烏日新九德店,04-2337-3214,台中市,烏日區,中華路３２６號
FamilyMart 全家烏日金鴿店,04-2336-0452,台中市,烏日區,五光路９５之１號
FamilyMart 全家烏日光日店,04-2336-9013,台中市,烏日區,公園路３０６號
FamilyMart 全家烏日高鐵店,04-2338-7882,台中市,烏日區,光日路３５６、３５８號１樓
FamilyMart 全家烏日前竹店,04-2337-3706,台中市,烏日區,光明路４６號
FamilyMart 全家烏日新明道店,04-2337-2835,台中市,烏日區,信義街１５７號
FamilyMart 全家台中新高鐵店,04-3600-0075,台中市,烏日區,站區二路８號２樓
FamilyMart 全家烏日火車頭店,04-2338-4126,台中市,烏日區,高鐵東一路２６號２樓
FamilyMart 全家烏日榮玉店,04-2337-1911,台中市,烏日區,高鐵路一段４１號
FamilyMart 全家烏日夢幻店,04-2337-4712,台中市,烏日區,高鐵路２段１６８號１樓及２樓部分
FamilyMart 全家烏日長壽店,04-2337-0422,台中市,烏日區,健行路７５８號
FamilyMart 全家烏日林新店,04-2338-4645,台中市,烏日區,健行路１７７號１樓
FamilyMart 全家烏日新溪南店,04-2335-3211,台中市,烏日區,溪南路一段６５９號
FamilyMart 全家烏日新成嶺店,04,台中市,烏日區,學田路７３２號
FamilyMart 全家豐原金大明店,04-2526-0203,台中市,豐原區,大明路６８號
FamilyMart 全家豐原社皮店,04-2515-2711,台中市,豐原區,社皮里大豐路５段４５０號１樓
FamilyMart 全家豐原葫蘆墩店,04-2529-5497,台中市,豐原區,中正路６９３號
FamilyMart 全家豐原台鐵店,04-2513-2258,台中市,豐原區,中正路１－１號
FamilyMart 全家豐原新水源店,04-2524-7522,台中市,豐原區,水源路１７號
FamilyMart 全家豐原豐富店,04-2522-9385,台中市,豐原區,水源路４５０－１號
FamilyMart 全家豐原永康店,04-2520-1374,台中市,豐原區,南陽里永康路２１５之１號一樓
FamilyMart 全家豐原甜心店,04-2529-8399,台中市,豐原區,田心路二段２７１號
FamilyMart 全家豐原自立店,04-2522-6846,台中市,豐原區,自立街１６號
FamilyMart 全家豐原互助店,04-2534-6526,台中市,豐原區,三村里西勢路４１１號１樓
FamilyMart 全家豐原育仁店,04-2513-1201,台中市,豐原區,育英路６１號
FamilyMart 全家豐原社興店,04-2525-3429,台中市,豐原區,社興五街１號
FamilyMart 全家豐原金美店,04-2523-9760,台中市,豐原區,信義街６０號１樓
FamilyMart 全家豐原綠山店,04-2529-4152,台中市,豐原區,北陽里南陽路６０號一樓
FamilyMart 全家豐原富翁店,04-2513-2067,台中市,豐原區,富陽路１０１號
FamilyMart 全家豐原角潭店,04-2523-9477,台中市,豐原區,圓環北路二段２１９號
FamilyMart 全家豐原圓環東店,04-2513-0307,台中市,豐原區,圓環東路３６０號１樓至２樓
FamilyMart 全家豐原中興店,04-2526-3450,台中市,豐原區,圓環南路７６號
FamilyMart 全家豐原榮豐店,04-2515-1901,台中市,豐原區,豐中路７９號１Ｆ
FamilyMart 全家豐原金旺店,04-2528-0211,台中市,豐原區,豐北街２４６號
FamilyMart 全家豐原大牛埔店,04-2520-0203,台中市,豐原區,豐北街３４２號
FamilyMart 全家豐原騰偉店,04-2522-7617,台中市,豐原區,豐東路２３９號
FamilyMart 全家豐原豐東店,04-2529-4832,台中市,豐原區,豐東路１２２號
FamilyMart 全家豐原豐南店,04-2520-0705,台中市,豐原區,田心里豐南街１３３號１３３之１號一樓
FamilyMart 全家豐原大道店,04-2524-1890,台中市,豐原區,北陽里１３鄰豐原大道四段２９３號
FamilyMart 全家豐原金站店,04-2512-0021,台中市,豐原區,豐陽路１４７號１樓
FamilyMart 全家豐原金睿店,04-2513-2799,台中市,豐原區,豐勢路一段２５９號
FamilyMart 全家豐原真樂店,04-2520-4834,台中市,豐原區,豐勢路二段７８７號
FamilyMart 全家豐原鎌村店,04-2539-1802,台中市,豐原區,鎌村路６４９號
FamilyMart 全家后里文明店,04-2558-0098,台中市,后里區,文明路１０６號
FamilyMart 全家后里六家店,04-2558-0057,台中市,后里區,四村路４８號
FamilyMart 全家后里甲后店,04-2558-1158,台中市,后里區,甲后路１段９９９號
FamilyMart 全家后里金義里店,04-2558-5403,台中市,后里區,甲后路一段４８號
FamilyMart 全家后里新中興店,04-2558-1262,台中市,后里區,甲后路一段３６２號
FamilyMart 全家后里英特盛店,04-2558-2995,台中市,后里區,后科南路２號
FamilyMart 全家麗寶樂園店,04-2558-3161,台中市,后里區,安眉路１１５－３１號
FamilyMart 全家麗寶摩天輪店,04-2556-0057,台中市,后里區,福容路２３７號２樓
FamilyMart 全家石岡登峰店,04-2572-4246,台中市,石岡區,明德路１７９號１樓
FamilyMart 全家石岡鐵馬店,04-2572-4292,台中市,石岡區,豐勢路１１０３號
FamilyMart 全家東勢客進店,04-2588-0738,台中市,東勢區,中正路１號
FamilyMart 全家東勢東坑店,04-2577-0076,台中市,東勢區,東坑路３７７號
FamilyMart 全家東勢嶺先店,04-2577-4305,台中市,東勢區,泰昌里東崎路５段３６７號１樓
FamilyMart 全家東勢東關店,04-2585-3208,台中市,東勢區,東關路六段１３９號
FamilyMart 全家東勢東蘭店,04-2577-0608,台中市,東勢區,東蘭路４１－１號
FamilyMart 全家東勢勢林店,04-2588-1752,台中市,東勢區,勢林街２３０號
FamilyMart 全家東勢豐勢店,04-2577-3245,台中市,東勢區,豐勢路４８２，４８４號１，２，３樓
FamilyMart 全家東勢東豐店,04-2577-2350,台中市,東勢區,豐勢路２１５號．２１７號１樓
FamilyMart 全家和平梨山店,04-2598-0098,台中市,和平區,中正路８８號
FamilyMart 全家和平新谷關店,04-2595-0073,台中市,和平區,東關路一段１２７－５號
FamilyMart 全家和平農會店,04-2594-1899,台中市,和平區,南勢里東關路３段２３５－２號
FamilyMart 全家新社興安店,04-2582-3085,台中市,新社區,新社里興社街四段２６之１號一樓
FamilyMart 全家潭子東寶店,04-2535-8981,台中市,潭子區,大富路一段１１號１樓
FamilyMart 全家潭子大豐店,04-2532-4851,台中市,潭子區,大豐里大豐路三段１３６號
FamilyMart 全家潭子火車頭店,04-2536-0102,台中市,潭子區,潭陽里２２鄰中山路２段３５２之１號
FamilyMart 全家潭子矽品店,04-2534-9128,台中市,潭子區,中山路三段１５３號１樓（矽品中山廠）
FamilyMart 全家潭子新大富店,04-2534-5212,台中市,潭子區,中山路三段１４５號
FamilyMart 全家潭子佳能店,04-2534-3199,台中市,潭子區,北環路９號Ｆ棟５樓
FamilyMart 全家潭子佳能二店,04-2531-0531,台中市,潭子區,建國路１８號Ａ棟５樓．Ｎ棟４樓
FamilyMart 全家潭子祥和店,04-2536-5465,台中市,潭子區,祥和路６２號、６４號１樓
FamilyMart 全家潭子甘蔗店,04-2535-9637,台中市,潭子區,勝利路２８９號
FamilyMart 全家潭子新圓通店,04-2534-3731,台中市,潭子區,勝利路５８號１樓
FamilyMart 全家潭子真興店,04-2536-8963,台中市,潭子區,復興路一段８號１０號１２號
FamilyMart 全家潭子摘星店,04-2534-3750,台中市,潭子區,雅豐街３２３號
FamilyMart 全家潭子新大茂店,04-2534-2995,台中市,潭子區,雅豐街８５號
FamilyMart 全家潭子金圓通店,04-2536-9309,台中市,潭子區,圓通南路１４３號一樓
FamilyMart 全家潭子榮興店,04-2535-1461,台中市,潭子區,榮興街５７巷１號
FamilyMart 全家潭子福貴店,04-2536-0977,台中市,潭子區,福貴路３６１號１樓
FamilyMart 全家潭子潭富店,04-2534-4277,台中市,潭子區,潭秀里３鄰潭富路一段３７號
FamilyMart 全家潭子聚興店,04-2536-4136,台中市,潭子區,潭興路１段１６５巷２－３號
FamilyMart 全家潭子潭興店,04-2536-2175,台中市,潭子區,潭興路二段４７６號１樓
FamilyMart 全家潭子金潭店,04-2535-9975,台中市,潭子區,興華一路２６１號
FamilyMart 全家潭子興華店,04-2534-0309,台中市,潭子區,興華一路３６９號１樓
FamilyMart 全家潭子頭家店,04-2534-8131,台中市,潭子區,頭家里頭張路２段１１２號
FamilyMart 全家潭子興龍店,04-2539-5392,台中市,潭子區,豐興路２段４１０－１號
FamilyMart 全家大雅廣福店,04-2568-1946,台中市,大雅區,橫山里二鄰中山路４７號１樓
FamilyMart 全家大雅好雅店,04-2560-6984,台中市,大雅區,中清東路１７１號
FamilyMart 全家大雅金交流店,04-2560-2565,台中市,大雅區,中清路３段９４１號１樓
FamilyMart 全家大雅中科店,04-2560-4708,台中市,大雅區,六寶里中清路４段５８１號
FamilyMart 全家大雅清泉店,04-2565-2050,台中市,大雅區,六寶里中清路四段９２１號１樓
FamilyMart 全家大雅楓林店,04-2568-4539,台中市,大雅區,民生路三段４５８號
FamilyMart 全家大雅上楓店,04-2566-2482,台中市,大雅區,民生路四段１５１號一樓
FamilyMart 全家大雅永和店,04-2560-9441,台中市,大雅區,永和路８９號１樓
FamilyMart 全家大雅文雅店,04-2560-4511,台中市,大雅區,永和路１２７－８號
FamilyMart 全家大雅永勝店,04-2560-2522,台中市,大雅區,科雅二路８號１樓
FamilyMart 全家大雅矽品店,04-2567-4213,台中市,大雅區,科雅路１９號
FamilyMart 全家大雅好神店,04-2560-7958,台中市,大雅區,神林南路９８號
FamilyMart 全家大雅金好神店,04-2560-0667,台中市,大雅區,神林路１段１４２號（部份範圍）
FamilyMart 全家大雅有春店,04-2567-6469,台中市,大雅區,雅潭路四段２９６號
FamilyMart 全家大雅金雅環店,04-2560-0807,台中市,大雅區,雅環路１段１９１號１樓（配送用）
FamilyMart 全家大雅雅環店,04-2566-3474,台中市,大雅區,大雅村２９鄰雅環路二段１，３號１樓
FamilyMart 全家大雅大雅店,04-2560-1300,台中市,大雅區,雅環路３段２８號
FamilyMart 全家大雅金學府店,04-2567-1139,台中市,大雅區,學府路１７６－３號
FamilyMart 全家神岡大洲店,04-2513-0725,台中市,神岡區,大洲路３６７號
FamilyMart 全家神岡大漢店,04-2520-6148,台中市,神岡區,大漢街７２號
FamilyMart 全家神岡陞灃店,04-2563-1309,台中市,神岡區,中山路５１７號
FamilyMart 全家神岡新工業店,04-2563-1566,台中市,神岡區,中山路１０５８號１樓
FamilyMart 全家神岡神岡店,04-2563-4071,台中市,神岡區,中正路１６號
FamilyMart 全家神岡文昌店,04-2563-2837,台中市,神岡區,文昌街３８０號
FamilyMart 全家神岡和睦店,04-2563-3800,台中市,神岡區,和睦路１段７２１號
FamilyMart 全家神岡新庄店,04-2563-0607,台中市,神岡區,和睦路１段４４９號
FamilyMart 全家神岡新社口店,04-2563-4782,台中市,神岡區,社南里昌平路５段２８９號
FamilyMart 全家神岡大社店,04-2528-8455,台中市,神岡區,豐社路１２號
FamilyMart 全家大肚新市鎮店,04-2699-9622,台中市,大肚區,大明三街１５２號
FamilyMart 全家大肚高山店,04-2699-3268,台中市,大肚區,大德三街３８號
FamilyMart 全家大肚大洋店,04-2691-1903,台中市,大肚區,中沙路１６４巷３弄１０３號１樓
FamilyMart 全家大肚龍德店,04-2691-5720,台中市,大肚區,太平路４３巷７０號１樓
FamilyMart 全家大肚王田店,04-2693-4823,台中市,大肚區,沙田路一段１４４－１號
FamilyMart 全家大肚火車頭店,04-2699-0401,台中市,大肚區,沙田路二段７７１號
FamilyMart 全家大肚瑞功店,04-2691-8804,台中市,大肚區,遊園路一段６９－１號
FamilyMart 全家大肚台蔗店,04-2691-2459,台中市,大肚區,遊園路二段２號
FamilyMart 全家沙鹿金站店,04-2635-0507,台中市,沙鹿區,大同街１４－２號
FamilyMart 全家沙鹿人瑞店,04-2662-0103,台中市,沙鹿區,洛泉里中山路１６９之８號、１６９之９號
FamilyMart 全家沙鹿鹿寮店,04-2662-0002,台中市,沙鹿區,中山路５４８之２號
FamilyMart 全家沙鹿星海店,04-2622-0026,台中市,沙鹿區,中山路６６５號
FamilyMart 全家沙鹿車頭店,04-2662-0959,台中市,沙鹿區,中正街７７號
FamilyMart 全家台中機場店,04-2615-0203,台中市,沙鹿區,中航路１段１６８號
FamilyMart 全家沙鹿飛航店,04-2615-3527,台中市,沙鹿區,中清路４３之５２．５３．５５．５６號
FamilyMart 全家沙鹿靜宜店,04-2631-3790,台中市,沙鹿區,中棲路２００號－至善樓
FamilyMart 全家沙鹿金罈店,04-2636-5008,台中市,沙鹿區,斗潭路３０８號
FamilyMart 全家沙鹿北勢東店,04-2652-7983,台中市,沙鹿區,北勢東路６４６號一樓全部
FamilyMart 全家沙鹿弘光店,04-2633-5938,台中市,沙鹿區,北勢東路２６３號１樓
FamilyMart 全家沙鹿東家店,04-2631-8450,台中市,沙鹿區,北勢東路４１１－２號
FamilyMart 全家沙鹿德光店,04-2652-0152,台中市,沙鹿區,臺灣大道７段１４２號
FamilyMart 全家沙鹿平等店,04-2631-9481,台中市,沙鹿區,平等路７１號
FamilyMart 全家沙鹿正英店,04-2652-0207,台中市,沙鹿區,正英路３９９號
FamilyMart 全家沙鹿光榮店,04-2662-8321,台中市,沙鹿區,臺中市沙鹿區光華路３５９號３６１號
FamilyMart 全家沙鹿金智店,04-2662-0477,台中市,沙鹿區,成功東街４２、４４、４６號
FamilyMart 全家沙鹿大展店,04-2652-6030,台中市,沙鹿區,自強路３３６號１樓
FamilyMart 全家沙鹿三鹿店,04-2636-0667,台中市,沙鹿區,自強路３５７號１樓
FamilyMart 全家沙鹿福壽一店,04-2636-3035,台中市,沙鹿區,沙田路４５號
FamilyMart 全家沙鹿巨業店,04-2662-0358,台中市,沙鹿區,和平街２號１樓
FamilyMart 全家沙鹿金斗店,04-2636-0607,台中市,沙鹿區,南斗路２９號
FamilyMart 全家沙鹿正德店,04-2652-9713,台中市,沙鹿區,屏西路９８號
FamilyMart 全家沙鹿興安店,04-2662-5488,台中市,沙鹿區,興安路５３之３號
FamilyMart 全家沙鹿鎮南店,04-2633-7539,台中市,沙鹿區,北勢里鎮南路二段２６８號１樓
FamilyMart 全家沙鹿鎮平店,04-2636-2846,台中市,沙鹿區,鎮南路二段９５號１樓
FamilyMart 全家龍井龍津店,04-2630-4049,台中市,龍井區,中央路二段３３號
FamilyMart 全家龍井望高店,04-2652-7300,台中市,龍井區,中沙路新庄仔巷１之５８號
FamilyMart 全家龍井新文勝店,04-2631-9793,台中市,龍井區,臺灣大道五段３巷６２弄４９號
FamilyMart 全家龍井沙田店,04-2636-7163,台中市,龍井區,沙田路六段１８７號
FamilyMart 全家龍井向美店,04-2636-1840,台中市,龍井區,沙田路４段６７０巷１７號
FamilyMart 全家龍井茄投店,04-2630-8407,台中市,龍井區,茄投路６７之１號
FamilyMart 全家龍井龍后店,04-2652-2061,台中市,龍井區,新興路２１號１樓
FamilyMart 全家龍井新庄店,04-2652-0796,台中市,龍井區,新庄里新興路２２４號１樓
FamilyMart 全家龍井海大店,04-2631-2703,台中市,龍井區,新興路東興巷４８號一樓、地下室
FamilyMart 全家龍井龍盈店,04-2631-8790,台中市,龍井區,新興路４９巷２號
FamilyMart 全家龍井遊園北店,04-2631-4971,台中市,龍井區,遊園北路４４３號
FamilyMart 全家龍井學園店,04-2652-1590,台中市,龍井區,遊園南路２９７號
FamilyMart 全家龍井龍山店,04-2636-1524,台中市,龍井區,山腳里龍山街８５號
FamilyMart 全家龍井大火力店,04-2639-2523,台中市,龍井區,龍昌路１０號
FamilyMart 全家龍井龍勝店,04-2652-8249,台中市,龍井區,龍社路４３９號
FamilyMart 全家龍井向漾店,04-2631-2163,台中市,龍井區,龍社路６７號１樓至４樓全部
FamilyMart 全家龍井麗水店,04-2639-1746,台中市,龍井區,臨港路一段５５號
FamilyMart 全家龍井藝術店,04-2631-8703,台中市,龍井區,東海里１０鄰藝術街９２號１樓
FamilyMart 全家梧棲海星星店,04-2656-3386,台中市,梧棲區,八德路１段２號
FamilyMart 全家梧棲金自由店,04-2656-1106,台中市,梧棲區,中央路１段９１８－５號
FamilyMart 全家梧棲新中和店,04-2658-1791,台中市,梧棲區,中和街７５號
FamilyMart 全家梧棲金牌店,04-2656-0358,台中市,梧棲區,中華路１段１００１號
FamilyMart 全家梧棲新文華店,04-2658-0103,台中市,梧棲區,文華街２０１號
FamilyMart 全家梧棲大庄店,04-2656-4091,台中市,梧棲區,大庄里臺灣大道８段５０６號１樓
FamilyMart 全家梧棲海王子店,04-2658-0706,台中市,梧棲區,四維路１０４號
FamilyMart 全家梧棲正港店,04-2656-9265,台中市,梧棲區,民生街６１號一樓
FamilyMart 全家梧棲梧樂店,04-2656-1605,台中市,梧棲區,民和路一段５１５號
FamilyMart 全家梧棲自強店,04-2639-2391,台中市,梧棲區,自強一街１３２號．１３４號
FamilyMart 全家梧棲港埠店,04-2658-4770,台中市,梧棲區,港埠路二段１７號
FamilyMart 全家清水中山店,04-2622-1679,台中市,清水區,清水里中山路１１０號
FamilyMart 全家清水榮玉店,04-2622-4952,台中市,清水區,中正街７９號
FamilyMart 全家清水德光店,04-2626-8265,台中市,清水區,中清路９段４４２號
FamilyMart 全家清水金銀店,04-2626-0209,台中市,清水區,中華路１３１號
FamilyMart 全家清水必成店,04-2656-6100,台中市,清水區,民和路二段１９９號
FamilyMart 全家清水海風店,04-2620-0742,台中市,清水區,海風里神清路８６之２１號
FamilyMart 全家清水高美店,04-2611-2405,台中市,清水區,高美里高美路５６０號１樓
FamilyMart 全家清水好美店,04-2626-1265,台中市,清水區,高美路３０８－１號
FamilyMart 全家清水金橫濱店,04-2658-0180,台中市,清水區,港埠路３段２０９號
FamilyMart 全家清水米糕店,04-2622-2901,台中市,清水區,臺中市清水區新興路１１９號
FamilyMart 全家清水金康榔店,04-2656-0020,台中市,清水區,鰲峰路５８５－８號１樓
FamilyMart 全家大甲安港店,04-2680-4400,台中市,大甲區,大安港路１６１號
FamilyMart 全家大甲鐵山店,04-2680-4208,台中市,大甲區,中山路一段１５４９號
FamilyMart 全家大甲台鐵店,04-2680-0369,台中市,大甲區,中山路一段８２８號
FamilyMart 全家大甲水源店,04-2676-1668,台中市,大甲區,水源路４５０號
FamilyMart 全家大甲甲中店,04-2676-4822,台中市,大甲區,水源路１號
FamilyMart 全家大甲幼獅店,04-2682-0001,台中市,大甲區,台中市大甲區幼二路１５５號１樓
FamilyMart 全家大甲金雁店,04-2680-3407,台中市,大甲區,信義路３０８號
FamilyMart 全家大甲通天店,04-2682-0182,台中市,大甲區,慈德路１２５號
FamilyMart 全家大甲好運店,04-2680-1026,台中市,大甲區,新政路７６號
FamilyMart 全家大甲新車頭店,04-2680-2010,台中市,大甲區,蔣公路２號１樓
FamilyMart 全家大甲甲讚店,04-2680-3391,台中市,大甲區,蔣公路１７３號
FamilyMart 全家外埔皇后店,04-2683-7583,台中市,外埔區,大同里六分路２３７號１樓
FamilyMart 全家外埔國王店,04-2680-4324,台中市,外埔區,大東里甲后路７５７之１號一樓
FamilyMart 全家外埔長生店,04-2683-0208,台中市,外埔區,長生路８６６號
FamilyMart 全家大安海墘店,04-2680-0086,台中市,大安區,大安港路１０２１號
FamilyMart 全家大安全盈店,04-2671-4756,台中市,大安區,中山南路３３４號１樓
FamilyMart 全家彰化美玉店,047382426,彰化縣,彰化市,一心東街３９號一樓
FamilyMart 全家彰化利行店,047220117,彰化縣,彰化市,力行路７６號
FamilyMart 全家彰化台鐵店,047236431,彰化縣,彰化市,三民路１號
FamilyMart 全家彰化新三民店,047280542,彰化縣,彰化市,三民路２７０號
FamilyMart 全家彰化山中美店,047387141,彰化縣,彰化市,山中街９６號
FamilyMart 全家彰化大通店,047511811,彰化縣,彰化市,中山路一段１１７之３號１Ｆ
FamilyMart 全家彰化建台店,047113410,彰化縣,彰化市,中興路１０３－８號１樓
FamilyMart 全家彰化新天祥店,047627152,彰化縣,彰化市,四維路６９巷２號
FamilyMart 全家彰化鐵皮店,047511950,彰化縣,彰化市,平和十四街６７號
FamilyMart 全家彰化新再旺店,047289800,彰化縣,彰化市,民族路４３９號
FamilyMart 全家彰化樂活店,047285748,彰化縣,彰化市,成功路８５號１樓、２樓
FamilyMart 全家彰化旭光店,047202747,彰化縣,彰化市,旭光路８號
FamilyMart 全家彰化自強店,047278997,彰化縣,彰化市,忠權里自強南路６１號一樓
FamilyMart 全家彰化前站店,047287383,彰化縣,彰化市,和平路７４號
FamilyMart 全家彰化彰興店,047114730,彰化縣,彰化市,延平路５號
FamilyMart 全家彰化林森店,047638790,彰化縣,彰化市,林森路１９７，１９９，２０１號
FamilyMart 全家新秀傳店,047119667,彰化縣,彰化市,南平街６１巷５１號
FamilyMart 全家彰化再興店,047201278,彰化縣,彰化市,南郭路一段１９１巷１６號
FamilyMart 全家彰化誠心店,047352770,彰化縣,彰化市,建國西街１０１號
FamilyMart 全家彰化新再安店,047117400,彰化縣,彰化市,埔陽街２８０號
FamilyMart 全家彰化寶山店,047135077,彰化縣,彰化市,師大路２號
FamilyMart 全家彰化金平店,047616972,彰化縣,彰化市,崙平北路１０８號
FamilyMart 全家彰化新彰基店,047287141,彰化縣,彰化市,博愛街１０１號１樓
FamilyMart 全家彰化順風店,047289313,彰化縣,彰化市,實踐路４８號
FamilyMart 全家彰化金水店,047512550,彰化縣,彰化市,彰水路１９６之３號
FamilyMart 全家彰化香山店,047384385,彰化縣,彰化市,彰南路二段３５２號１樓
FamilyMart 全家彰化彰南店,047374666,彰化縣,彰化市,彰南路三段３０２號、３０４號
FamilyMart 全家彰化金馬金店,047350522,彰化縣,彰化市,彰美路１段臨２８２號
FamilyMart 全家彰化金馬店,047624805,彰化縣,彰化市,彰馬路２４６之１號
FamilyMart 全家彰化線東店,047635121,彰化縣,彰化市,線東路一段５６７號
FamilyMart 全家彰化後站店,047220280,彰化縣,彰化市,辭修路１５５號
FamilyMart 全家芬園金馬店,04-9251-0284,彰化縣,芬園鄉,信義路５號
FamilyMart 全家花壇正花店,047867840,彰化縣,花壇鄉,中山路一段３８０號
FamilyMart 全家花壇金花店,047860631,彰化縣,花壇鄉,中正路３５６號壹樓
FamilyMart 全家花壇白沙坑店,047868184,彰化縣,花壇鄉,彰員路２段１２０８號
FamilyMart 全家秀水秀中店,047688319,彰化縣,秀水鄉,秀中街１５５號
FamilyMart 全家秀水民主店,047682246,彰化縣,秀水鄉,馬鳴路１１７號
FamilyMart 全家秀水金興店,047686346,彰化縣,秀水鄉,番花路２９７號右１７
FamilyMart 全家秀水好水店,047689103,彰化縣,秀水鄉,福安村２２鄰彰水路二段６２８號
FamilyMart 全家鹿港車站店,047740452,彰化縣,鹿港鎮,民權路２０２號
FamilyMart 全家鹿港媽祖店,047782548,彰化縣,鹿港鎮,光復路臨８５號
FamilyMart 全家鹿港金埔崙店,047774921,彰化縣,鹿港鎮,建國路５號
FamilyMart 全家鹿港大有店,047771396,彰化縣,鹿港鎮,後車巷２號
FamilyMart 全家鹿港天后店,047754523,彰化縣,鹿港鎮,玉順里後寮巷９２號１樓
FamilyMart 全家鹿港祥園店,047772617,彰化縣,鹿港鎮,海浴路２０８－１號１樓
FamilyMart 全家鹿港鹿和店,047785489,彰化縣,鹿港鎮,鹿和路１段３８１號
FamilyMart 全家鹿港柑仔店,047719430,彰化縣,鹿港鎮,鹿和路３段４２３號
FamilyMart 全家鹿港金寶店,047720101,彰化縣,鹿港鎮,鹿和路四段１０號
FamilyMart 全家鹿港向卿店,047785383,彰化縣,鹿港鎮,鹿東路９６號
FamilyMart 全家鹿港富麗店,047787891,彰化縣,鹿港鎮,鹿東路二段５４１號
FamilyMart 全家鹿港鹿鼎店,047712161,彰化縣,鹿港鎮,鹿草路四段４０９號一樓
FamilyMart 全家鹿港好神店,047787505,彰化縣,鹿港鎮,復興南路４１號
FamilyMart 全家鹿港五路店,047789115,彰化縣,鹿港鎮,彰濱五路２段臨３９２號
FamilyMart 全家福興福環店,047770440,彰化縣,福興鄉,沿海路４段３８２號
FamilyMart 全家福興福鹿店,047773653,彰化縣,福興鄉,復興路１２０號
FamilyMart 全家福興番花店,047795343,彰化縣,福興鄉,番花路一段８５３號
FamilyMart 全家福興番興店,047783191,彰化縣,福興鄉,番花路２段４９２號
FamilyMart 全家福興福利店,047697552,彰化縣,福興鄉,萬豐村彰水路５０、５２號１樓
FamilyMart 全家福興志佳店,047787909,彰化縣,福興鄉,彰鹿路４段３８號
FamilyMart 全家彰化線西店,047589308,彰化縣,線西鄉,線西村中央路二段４１８號１樓
FamilyMart 全家和美金美店,047567100,彰化縣,和美鎮,月眉里和厝路一段臨２１６號
FamilyMart 全家和美德美店,047556549,彰化縣,和美鎮,美寮路二段５５７號１樓
FamilyMart 全家和美頂美店,047350643,彰化縣,和美鎮,柑井里美寮路二段２號１樓
FamilyMart 全家和美金好雅店,047556320,彰化縣,和美鎮,鹿和路五段１８８巷３號
FamilyMart 全家和美八大店,047563372,彰化縣,和美鎮,鹿和路六段３１０號
FamilyMart 全家和美家美店,047636905,彰化縣,和美鎮,南佃里嘉佃路８號一樓
FamilyMart 全家和美永美店,047359141,彰化縣,和美鎮,彰新路二段１６３號
FamilyMart 全家和美新矽品店,047350647,彰化縣,和美鎮,新庄里彰新路二段８號
FamilyMart 全家和美雙美店,047366041,彰化縣,和美鎮,糖東１街２１號、２３號１樓
FamilyMart 全家伸港雙興店,047987049,彰化縣,伸港鄉,七嘉村中華路４６３號一樓
FamilyMart 全家伸港上旺店,047987095,彰化縣,伸港鄉,大同村中興路二段３１７號１樓
FamilyMart 全家伸港新港店,047987553,彰化縣,伸港鄉,新港路３０８號
FamilyMart 全家伸港新全興店,047989532,彰化縣,伸港鄉,興工路７３６號
FamilyMart 全家員林正新店,048360774,彰化縣,員林市,三民東街３５０號
FamilyMart 全家員林大仁店,048392979,彰化縣,員林市,大同路二段１７９號
FamilyMart 全家員林青山店,048364353,彰化縣,員林市,振興里山腳路二段５８號
FamilyMart 全家員林新員山店,048367235,彰化縣,員林市,山腳路３段臨２６９號
FamilyMart 全家員林台鐵店,048366459,彰化縣,員林市,民權街５５號２樓
FamilyMart 全家員林新育英店,048334117,彰化縣,員林市,育英路１０６號
FamilyMart 全家員林富城店,048334347,彰化縣,員林市,育英路２４號
FamilyMart 全家員林榮城店,048339424,彰化縣,員林市,南平街１８８號
FamilyMart 全家員林金牌店,048336323,彰化縣,員林市,南昌路１３５號
FamilyMart 全家員林黎明店,048338536,彰化縣,員林市,員大路一段７５號
FamilyMart 全家員林新員農店,048331925,彰化縣,員林市,三條里員水路二段３２０號
FamilyMart 全家員林圓林園店,048394461,彰化縣,員林市,員林大道四段３７７號
FamilyMart 全家員林三多店,048396940,彰化縣,員林市,員林大道４段５０２號
FamilyMart 全家員林建大店,048380160,彰化縣,員林市,員鹿路５２號
FamilyMart 全家員林安迪店,048336605,彰化縣,員林市,員集路二段８２號
FamilyMart 全家員林金三橋店,048334544,彰化縣,員林市,浮圳路二段１６８號
FamilyMart 全家員林武西堡店,048399824,彰化縣,員林市,溝皂街９２號
FamilyMart 全家員林金萬年店,048333271,彰化縣,員林市,萬年路一段３８５號
FamilyMart 全家員林車頭店,048396162,彰化縣,員林市,南平里２８鄰靜修路５２－１號
FamilyMart 全家員林學友店,048371411,彰化縣,員林市,靜修路７４—１２號
FamilyMart 全家社頭山腳店,048713762,彰化縣,社頭鄉,山腳路四段１８３號
FamilyMart 全家社頭金蟹店,048712664,彰化縣,社頭鄉,中興路８２號
FamilyMart 全家社頭勝金店,048712370,彰化縣,社頭鄉,社頭村長春巷２３號
FamilyMart 全家永靖永安店,048231800,彰化縣,永靖鄉,中山路一段８６９號
FamilyMart 全家永靖頂旺店,048232751,彰化縣,永靖鄉,永福路一段１５７號１樓。２樓
FamilyMart 全家永靖百玉店,048236566,彰化縣,永靖鄉,瑚璉路３７１號
FamilyMart 全家埔心永坡店,048280399,彰化縣,埔心鄉,東門村中正路一段臨４９７號
FamilyMart 全家埔心署醫店,048284693,彰化縣,埔心鄉,舊館村中興路３５號
FamilyMart 全家溪湖新發店,048852102,彰化縣,溪湖鎮,二溪路一段４５８號
FamilyMart 全家溪湖大發店,048851667,彰化縣,溪湖鎮,大發路７３號
FamilyMart 全家彰化溪湖店,048817134,彰化縣,溪湖鎮,光平里大溪路二段４０４號
FamilyMart 全家溪湖大竹店,048816507,彰化縣,溪湖鎮,湖西里西環路２４３號２４５號一樓
FamilyMart 全家溪湖金羊店,048852038,彰化縣,溪湖鎮,員鹿路２段４７９號
FamilyMart 全家溪湖再發店,048817290,彰化縣,溪湖鎮,崙子腳路１２２號
FamilyMart 全家溪湖雙溪店,048851178,彰化縣,溪湖鎮,大竹里彰水路二段７４５號１樓
FamilyMart 全家大村大溪店,048520728,彰化縣,大村鄉,大溪路１３號
FamilyMart 全家大村寶山店,048525206,彰化縣,大村鄉,山腳路９８－２０號
FamilyMart 全家大村寶村店,048534456,彰化縣,大村鄉,山腳路７５－７號
FamilyMart 全家彰化大村店,048539678,彰化縣,大村鄉,中山路二段３１３號及中正西路１號
FamilyMart 全家大村大贏家店,048531859,彰化縣,大村鄉,中山路３段１７４號
FamilyMart 全家大村美港店,048526080,彰化縣,大村鄉,美港路５１號
FamilyMart 全家大村茄苳店,048521170,彰化縣,大村鄉,茄苳路二段２號
FamilyMart 全家彰化埔鹽店,048656498,彰化縣,埔鹽鄉,彰水路２段３１號
FamilyMart 全家田中新苗店,048744572,彰化縣,田中鎮,大社路一段９５６號
FamilyMart 全家田中台鐵店,048747905,彰化縣,田中鎮,中州路１段１號２樓
FamilyMart 全家田中金田店,048747821,彰化縣,田中鎮,中州路一段７６號一樓
FamilyMart 全家田中正中店,048740030,彰化縣,田中鎮,中路街７５巷６２號
FamilyMart 全家田中金斗店,048748349,彰化縣,田中鎮,斗中路一段２３２號
FamilyMart 全家田中雙田店,048744418,彰化縣,田中鎮,民族街２號１樓
FamilyMart 全家田中新生店,048748424,彰化縣,田中鎮,員集路二段５６６號
FamilyMart 全家彰化高鐵店,047009155,彰化縣,田中鎮,站區路二段９９號
FamilyMart 全家北斗肉圓店,048875352,彰化縣,北斗鎮,中華路２０５號
FamilyMart 全家北斗寶斗店,048872120,彰化縣,北斗鎮,斗苑路一段１９３號
FamilyMart 全家北斗冬瓜寮店,048876742,彰化縣,北斗鎮,地政路１５０號
FamilyMart 全家田尾金園店,048837329,彰化縣,田尾鄉,中山路一段５７７號
FamilyMart 全家田尾新生店,048831603,彰化縣,田尾鄉,延平路１１３號
FamilyMart 全家埤頭大豐店,048876901,彰化縣,埤頭鄉,斗苑東路２之５號
FamilyMart 全家溪州金州店,048890150,彰化縣,溪州鄉,中山路３段４７４號
FamilyMart 全家溪州金瓦厝店,048897642,彰化縣,溪州鄉,中山路３段３７１號
FamilyMart 全家竹塘向塘店,048976077,彰化縣,竹塘鄉,中央路二段５００號
FamilyMart 全家二林矽品店,047535127,彰化縣,二林鎮,中科二林大道二段１７７號
FamilyMart 全家二林原斗店,048901566,彰化縣,二林鎮,斗苑路二段６號
FamilyMart 全家二林斗苑店,048955612,彰化縣,二林鎮,斗苑路四段２９９號
FamilyMart 全家二林路上店,048966531,彰化縣,二林鎮,舊二路１１２號
FamilyMart 全家大城大功店,048944450,彰化縣,大城鄉,大城村中平路８號
FamilyMart 全家芳苑寶成店,048962501,彰化縣,芳苑鄉,三合村１４鄰斗苑路三合段１００號
FamilyMart 全家芳苑王功店,048932205,彰化縣,芳苑鄉,芳漢路王功段５３５號
FamilyMart 全家南投金大崗店,04-9225-0656,南投縣,南投市,工業路８０號
FamilyMart 全家南投新村店,04-9233-9180,南投縣,南投市,營北里中正路３３０之６號、之１１號一樓
FamilyMart 全家南投崗山店,04-9225-6041,南投縣,南投市,平山一路三街８８號
FamilyMart 全家南投金碧店,04-9225-3081,南投縣,南投市,成功三路１５１號
FamilyMart 全家南投成功店,04-9225-0459,南投縣,南投市,自強一路１１５號
FamilyMart 全家南投金袋店,04-9224-6829,南投縣,南投市,育樂路９９號１樓
FamilyMart 全家南投老家店,04-9224-6703,南投縣,南投市,南崗一路２８號
FamilyMart 全家南投南崗店,04-9220-2035,南投縣,南投市,南崗二路４０３號一樓
FamilyMart 全家南投康金店,04-9224-7360,南投縣,南投市,復興路３４２號
FamilyMart 全家南投署醫店,04-9224-0220,南投縣,南投市,復興路４７８號
FamilyMart 全家南投車站店,04-9224-2638,南投縣,南投市,復興路１２１號
FamilyMart 全家南投漳興店,04-9224-5016,南投縣,南投市,復興路６３０號（配送用）
FamilyMart 全家南投永順店,04-9224-6582,南投縣,南投市,彰南路二段３６０號１樓及地下室
FamilyMart 全家南投仁和店,04-9225-2545,南投縣,南投市,平山里彰南路三段５３號
FamilyMart 全家南投新中興店,04-9239-0012,南投縣,南投市,學藝路３號
FamilyMart 全家南投中寮店,04-9269-2671,南投縣,中寮鄉,永安街９８號
FamilyMart 全家中寮石龍店,04-9260-3339,南投縣,中寮鄉,永和村龍南路３１３之６號
FamilyMart 全家草屯同安店,04-9235-4555,南投縣,草屯鎮,中山街２４７號
FamilyMart 全家草屯中正店,04-9230-4751,南投縣,草屯鎮,中正路８３６號
FamilyMart 全家草屯雙冬店,04-9257-2861,南投縣,草屯鎮,中正路４３之４３號
FamilyMart 全家草屯稻豐店,04-9230-7992,南投縣,草屯鎮,中正路１５７３號
FamilyMart 全家草屯虎山店,04-9232-0230,南投縣,草屯鎮,中正路６１０號１樓及２樓
FamilyMart 全家草屯富功店,04-9256-4818,南投縣,草屯鎮,富寮里中正路４８５－３６號
FamilyMart 全家草屯金安全店,04-9256-5781,南投縣,草屯鎮,中和路１００號
FamilyMart 全家草屯敦和店,04-9231-3291,南投縣,草屯鎮,仁愛街８９號
FamilyMart 全家草屯太平店,04-9239-3238,南投縣,草屯鎮,太平路一段４９８號
FamilyMart 全家草屯上林店,04-9239-3175,南投縣,草屯鎮,太平路一段２８１號
FamilyMart 全家草屯佑民店,04-9239-2916,南投縣,草屯鎮,正興街７８號
FamilyMart 全家草屯東寶店,04-9232-2734,南投縣,草屯鎮,虎山路７６６號１樓
FamilyMart 全家草屯草狀元店,04-9231-2947,南投縣,草屯鎮,草溪路６０５號１樓
FamilyMart 全家草屯金安店,04-9256-9945,南投縣,草屯鎮,御富路２１８號
FamilyMart 全家草屯富頂店,04-9255-0050,南投縣,草屯鎮,富寮里富中路１８５號
FamilyMart 全家草屯金昌店,04-9256-0184,南投縣,草屯鎮,富林路一段３２０號
FamilyMart 全家草屯碧山店,04-9235-7875,南投縣,草屯鎮,碧山路１１２１－１號
FamilyMart 全家國姓水長流店,04-9243-2846,南投縣,國姓鄉,長流村大長路５７７－１７號
FamilyMart 全家國姓北山店,04-9245-1300,南投縣,國姓鄉,北山村中正路四段１５６號
FamilyMart 全家國姓石門店,04-9272-0341,南投縣,國姓鄉,石門村中興路７７－１號
FamilyMart 全家埔里安德店,04-9242-0684,南投縣,埔里鎮,八德路３８號
FamilyMart 全家埔里暨大店,04-9291-5560,南投縣,埔里鎮,大學路５０１號
FamilyMart 全家埔里埔榮店,04-9290-0366,南投縣,埔里鎮,蜈蚣里中山路一段２３７之７號１樓
FamilyMart 全家埔里愛埔店,04-9291-7636,南投縣,埔里鎮,中山路四段８７號
FamilyMart 全家埔里東榮店,04-9299-4966,南投縣,埔里鎮,中正路３７６號
FamilyMart 全家埔里金車店,04-9299-6831,南投縣,埔里鎮,中正路５３４號
FamilyMart 全家埔里籃城店,04-9291-2500,南投縣,埔里鎮,中正路９８１號
FamilyMart 全家埔里水頭店,04-9242-0783,南投縣,埔里鎮,水頭里中正路１６０號
FamilyMart 全家埔里枇杷店,04-9298-6650,南投縣,埔里鎮,中華路１－１號１樓
FamilyMart 全家埔里泰安店,04-9290-3672,南投縣,埔里鎮,中華路１７０號１樓
FamilyMart 全家埔里金門店,04-9242-2582,南投縣,埔里鎮,北環路５６號１樓（如圖）及２樓兩個房間
FamilyMart 全家埔里埔大店,04-9290-6026,南投縣,埔里鎮,民生路１４６號
FamilyMart 全家埔里牛埔店,04-9293-2897,南投縣,埔里鎮,西安路二段９０號
FamilyMart 全家埔里大坪頂店,04-9293-3067,南投縣,埔里鎮,西安路三段２８６號一樓
FamilyMart 全家埔里高工店,04-9299-9423,南投縣,埔里鎮,和平東路４３１號
FamilyMart 全家埔里金牛店,04-9291-5827,南投縣,埔里鎮,桃米路２３－７號
FamilyMart 全家埔里九龍店,04-9299-6297,南投縣,埔里鎮,隆生路７１號
FamilyMart 全家埔里鐵山店,04-9291-6873,南投縣,埔里鎮,鐵山路９號．９－１號
FamilyMart 全家埔里埔基店,04-9291-5116,南投縣,埔里鎮,鐵山路１－２號
FamilyMart 全家仁愛賽德克店,04-9292-0748,南投縣,仁愛鄉,南豐村中正路８７－１號
FamilyMart 全家清境雲海店,04-9280-1033,南投縣,仁愛鄉,仁和路２２４號
FamilyMart 全家仁愛高山青店,04-9280-3863,南投縣,仁愛鄉,大同村信義巷３４之６號
FamilyMart 全家名間松柏店,04-9258-3284,南投縣,名間鄉,松山村名松路二段１６７號１、２樓
FamilyMart 全家名間水頭店,04-9273-3170,南投縣,名間鄉,員集路１５１－１３號
FamilyMart 全家名間金交流店,04-9273-1964,南投縣,名間鄉,彰南路２４３號
FamilyMart 全家集集金集店,04-9276-0170,南投縣,集集鎮,民生路６９號
FamilyMart 全家水里苒冉店,04-9277-8625,南投縣,水里鄉,水信路１段３８０號
FamilyMart 全家魚池日月潭店,04-9285-0266,南投縣,魚池鄉,中正路２８６號
FamilyMart 全家日月潭碼頭店,04-9285-5380,南投縣,魚池鄉,名勝街１８號１樓及地下層
FamilyMart 全家魚池水沙連店,04-9289-9432,南投縣,魚池鄉,魚池村魚池街３２２號１、２樓
FamilyMart 全家魚池伊達邵店,04-9285-0405,南投縣,魚池鄉,義勇街５５號
FamilyMart 全家竹山前山店,04-9263-2088,南投縣,竹山鎮,大明路４６１號
FamilyMart 全家竹山大頂店,04-9265-7584,南投縣,竹山鎮,大智路７２５號
FamilyMart 全家竹山金竹店,04-9265-2785,南投縣,竹山鎮,竹山路１－６－２號
FamilyMart 全家竹山紫南宮店,04-9262-4966,南投縣,竹山鎮,集山路一段１６３７號
FamilyMart 全家竹山夯蕃薯店,04-9265-7267,南投縣,竹山鎮,集山路三段１２９號
FamilyMart 全家竹山延和店,04-9263-0859,南投縣,竹山鎮,集山路三段５４２號
FamilyMart 全家竹山桶頭店,04-9271-2829,南投縣,竹山鎮,鯉南路３０９－２號
FamilyMart 全家竹山文化園店,04-9265-9758,南投縣,竹山鎮,鯉南路２６之１２０號
FamilyMart 全家鹿谷向天店,04-9267-6667,南投縣,鹿谷鄉,光復路１７４之１０號
FamilyMart 全家鹿谷溪頭店,04-9261-2677,南投縣,鹿谷鄉,興產路２之３號１樓
FamilyMart 全家鹿谷凍頂茶店,04-9275-1545,南投縣,鹿谷鄉,興產路８９之３６號
FamilyMart 全家斗南林子店,055974262,雲林縣,斗南鎮,林子里林子２０１號
FamilyMart 全家斗南新陽光店,055968582,雲林縣,斗南鎮,大成路６２號
FamilyMart 全家斗南西岐店,055953351,雲林縣,斗南鎮,中山路１５１－１６號
FamilyMart 全家斗南五福店,055973845,雲林縣,斗南鎮,南昌里２２鄰民生路２２號
FamilyMart 全家斗南光華店,055953576,雲林縣,斗南鎮,光華路９６號
FamilyMart 全家斗南利台店,055972136,雲林縣,斗南鎮,忠孝路２２８－２號
FamilyMart 全家虎尾興南店,056328374,雲林縣,虎尾鎮,興南里興南１５８之１２號
FamilyMart 全家虎尾霸屯店,056650916,雲林縣,虎尾鎮,西屯里大屯２６６號
FamilyMart 全家虎尾飛揚店,056329718,雲林縣,虎尾鎮,穎川里頂南２４號
FamilyMart 全家虎尾虎威店,056329484,雲林縣,虎尾鎮,八德街８８號
FamilyMart 全家虎尾三吉店,056364272,雲林縣,虎尾鎮,新吉里工專一街１１５號
FamilyMart 全家虎尾霹靂店,056223248,雲林縣,虎尾鎮,中興路８３號１樓
FamilyMart 全家虎尾文科店,056331799,雲林縣,虎尾鎮,建國里文科路１１５１號
FamilyMart 全家虎尾新興店,056323822,雲林縣,虎尾鎮,民權路１３號
FamilyMart 全家虎尾新光店,056326703,雲林縣,虎尾鎮,光明路７５號
FamilyMart 全家虎尾平和店,056324174,雲林縣,虎尾鎮,光復路１２６號
FamilyMart 全家虎尾新忠孝店,056320832,雲林縣,虎尾鎮,忠孝路４４號
FamilyMart 全家虎尾東仁店,056328970,雲林縣,虎尾鎮,林森路一段３６９號
FamilyMart 全家虎尾五間厝店,056327366,雲林縣,虎尾鎮,虎興南路３８０號
FamilyMart 全家虎尾萬寶店,056322970,雲林縣,虎尾鎮,廉使里２４鄰虎興南路６０號
FamilyMart 全家虎尾雲高店,057006910,雲林縣,虎尾鎮,站前東路３０１號１樓
FamilyMart 全家虎尾立人店,056325725,雲林縣,虎尾鎮,復興路１７７號１＆２樓
FamilyMart 全家土庫雙人厝店,056652492,雲林縣,土庫鎮,後埔里１８鄰雙人厝７２之１號
FamilyMart 全家土庫新建國店,056626538,雲林縣,土庫鎮,建國路１６１號
FamilyMart 全家土庫菜園店,056628620,雲林縣,土庫鎮,石廟里復興路９０號
FamilyMart 全家褒忠聚寶店,056975735,雲林縣,褒忠鄉,中正路１３１號１樓
FamilyMart 全家褒忠蕭傅店,056976945,雲林縣,褒忠鄉,中勝村９鄰中勝路３５號（配送用）
FamilyMart 全家東勢安康店,056993185,雲林縣,東勢鄉,東南村康安路６號
FamilyMart 全家雲林崙豐店,056902447,雲林縣,台西鄉,永豐村崙豐路１０８號１樓
FamilyMart 全家崙背德鑫店,056963452,雲林縣,崙背鄉,西榮村中山路４０６號
FamilyMart 全家崙背永昌店,056967662,雲林縣,崙背鄉,南光路１之１０號
FamilyMart 全家麥寮六輕店,056812640,雲林縣,麥寮鄉,中興村台塑工業園區１號
FamilyMart 全家麥寮長庚店,056910710,雲林縣,麥寮鄉,中興村工業路１５００號
FamilyMart 全家麥寮新泰順店,056936160,雲林縣,麥寮鄉,中興路７６－３號
FamilyMart 全家麥寮新工店,056916675,雲林縣,麥寮鄉,仁德西路二段５４３號
FamilyMart 全家麥寮德順店,056914811,雲林縣,麥寮鄉,施厝村仁德東路５２３號
FamilyMart 全家麥寮新合順店,056932395,雲林縣,麥寮鄉,光復路４５號
FamilyMart 全家麥寮萊杯店,056931662,雲林縣,麥寮鄉,麥豐村２２鄰表福路１９３號壹樓
FamilyMart 全家麥寮橋頭店,056911471,雲林縣,麥寮鄉,橋頭村橋頭路３２７號一樓
FamilyMart 全家斗六榮大店,055360113,雲林縣,斗六市,大學路一段４０２號１樓
FamilyMart 全家斗六雲大店,055360798,雲林縣,斗六市,中山路５７３號
FamilyMart 全家斗六社口店,055360684,雲林縣,斗六市,中山路３２１號１樓２樓全部
FamilyMart 全家斗六斗金店,055360400,雲林縣,斗六市,中堅西路５８１號１樓
FamilyMart 全家斗六環中店,055374847,雲林縣,斗六市,中華路２７５號
FamilyMart 全家斗六新中興店,055570421,雲林縣,斗六市,中興路３０號
FamilyMart 全家斗六工業店,055575825,雲林縣,斗六市,斗工十路１０８號１樓
FamilyMart 全家斗六四維店,055350953,雲林縣,斗六市,龍潭里四維路１３２號１樓
FamilyMart 全家斗六車頭店,055334074,雲林縣,斗六市,民生路１８７號２樓
FamilyMart 全家斗六交流店,055572615,雲林縣,斗六市,榴中里石榴路３６７號
FamilyMart 全家斗六新光店,055362691,雲林縣,斗六市,成功路５５３號壹樓
FamilyMart 全家斗六新莊店,055339978,雲林縣,斗六市,成功路２７６號１樓
FamilyMart 全家斗六竹圍店,055515203,雲林縣,斗六市,溪洲里竹圍路５１號一樓
FamilyMart 全家斗六西平店,055516477,雲林縣,斗六市,西平路６７７號
FamilyMart 全家斗六明德北店,055338946,雲林縣,斗六市,鎮北里明德北路一段１６５號
FamilyMart 全家斗六施瓜寮店,055511949,雲林縣,斗六市,長安西路１６之２號
FamilyMart 全家斗六保明店,055370414,雲林縣,斗六市,保長路５１－１號
FamilyMart 全家斗六永昌店,055376148,雲林縣,斗六市,雲林路二段１３５號１樓
FamilyMart 全家斗六久安店,055222671,雲林縣,斗六市,雲林路三段４７３號
FamilyMart 全家斗六龍潭店,055336820,雲林縣,斗六市,龍潭北路２號１樓
FamilyMart 全家斗六鎮北店,055331047,雲林縣,斗六市,鎮北路１５２號１樓．２樓
FamilyMart 全家斗六牛桃灣店,055512040,雲林縣,斗六市,鎮北路３４９－２號
FamilyMart 全家林內采虹店,055898442,雲林縣,林內鄉,中正路３０號．３２號
FamilyMart 全家林內重興店,055898829,雲林縣,林內鄉,重興路８６－２號
FamilyMart 全家古坑國道店,055827956,雲林縣,古坑鄉,崁腳村５鄰新興１００號
FamilyMart 全家古坑永光店,055821723,雲林縣,古坑鄉,永光村光昌路１５巷５號
FamilyMart 全家莿桐饒平店,055712906,雲林縣,莿桐鄉,四合村后埔１２８號
FamilyMart 全家莿桐雲承店,055850441,雲林縣,莿桐鄉,中正路２２８號
FamilyMart 全家西螺七崁店,055878263,雲林縣,西螺鎮,吳厝里吳厝７０－１號
FamilyMart 全家西螺三井店,055876263,雲林縣,西螺鎮,振興里７鄰振興１１９之１號
FamilyMart 全家西螺公館店,055876631,雲林縣,西螺鎮,公館里公館３９２號
FamilyMart 全家西螺稻香店,055876763,雲林縣,西螺鎮,中山路２５１－３號
FamilyMart 全家西螺平和店,055875059,雲林縣,西螺鎮,平和南路３９９號１－３樓
FamilyMart 全家西螺廣福店,055875923,雲林縣,西螺鎮,光復西路２號
FamilyMart 全家西螺延平店,055873047,雲林縣,西螺鎮,延平路１９１號
FamilyMart 全家西螺青果店,055879480,雲林縣,西螺鎮,新安里新興路５００號
FamilyMart 全家西螺新社店,055879667,雲林縣,西螺鎮,新豐里福來路８８號
FamilyMart 全家西螺番社店,055876538,雲林縣,西螺鎮,漢光里興農西路３３５號
FamilyMart 全家二崙新崙店,055989801,雲林縣,二崙鄉,中山路１１５號
FamilyMart 全家二崙永定店,055981816,雲林縣,二崙鄉,永定村永定路４０７號
FamilyMart 全家北港好收店,057923807,雲林縣,北港鎮,好收里５鄰好收１１５號
FamilyMart 全家北港文仁店,057820974,雲林縣,北港鎮,華勝里大同路５５４之１號
FamilyMart 全家北港天后店,057837465,雲林縣,北港鎮,中山路９０號
FamilyMart 全家北港順風店,057836010,雲林縣,北港鎮,中正路９５號一樓、二樓
FamilyMart 全家北港豐順店,057839941,雲林縣,北港鎮,公園路７３號１．２樓
FamilyMart 全家北港財神店,057821172,雲林縣,北港鎮,華勝里文仁路１４３號一樓
FamilyMart 全家北港華勝店,057825091,雲林縣,北港鎮,華勝路４１６號１樓
FamilyMart 全家雲林水林店,057853059,雲林縣,水林鄉,新興南路４號，６號
FamilyMart 全家口湖下崙店,057990369,雲林縣,口湖鄉,崙中村中山路７１號
FamilyMart 全家口湖金湖店,057970240,雲林縣,口湖鄉,港東村１６鄰中正路１之３號
FamilyMart 全家口湖宜梧店,057906239,雲林縣,口湖鄉,梧南村文光路５８－１號
FamilyMart 全家四湖武聖店,057877208,雲林縣,四湖鄉,湖西村７鄰中正路３３８號１－２樓
FamilyMart 全家元長鹿寮店,057983080,雲林縣,元長鄉,鹿北村永鹿７０之１號
FamilyMart 全家雲林元長店,057888693,雲林縣,元長鄉,長南村１３鄰中山路１１５號１樓
FamilyMart 全家嘉義八德店,052911792,嘉義市,西區,八德路２４０號
FamilyMart 全家嘉義鑫德店,052910448,嘉義市,西區,八德路２８７號
FamilyMart 全家嘉義上新店,052840713,嘉義市,西區,上海路３２２號全部
FamilyMart 全家嘉義車站店,052273991,嘉義市,西區,中山路５２８號
FamilyMart 全家嘉義德慶店,052319477,嘉義市,西區,中興路３１９之３號１樓
FamilyMart 全家嘉義鑫愛店,052277893,嘉義市,西區,仁愛路５０８號
FamilyMart 全家嘉義仁安店,052843206,嘉義市,西區,仁愛路１７５號１樓
FamilyMart 全家嘉義友和店,052910597,嘉義市,西區,友愛路２００號
FamilyMart 全家嘉義北社尾店,052381503,嘉義市,西區,北湖里１３鄰北社尾路２６０號
FamilyMart 全家嘉義光路店,052843075,嘉義市,西區,民生南路５２８號１樓
FamilyMart 全家嘉義湖瑞店,052841584,嘉義市,西區,光路里民生南路５８９號
FamilyMart 全家嘉義憶富店,052229931,嘉義市,西區,民權路３９６號１樓
FamilyMart 全家嘉義大山店,052842826,嘉義市,西區,劉厝里３３鄰玉山路４９１號
FamilyMart 全家嘉義竹圍店,052911026,嘉義市,西區,竹圍路１５２號
FamilyMart 全家嘉義自強店,052863047,嘉義市,西區,自強街８６號、８８號、９０號、９２號１樓
FamilyMart 全家嘉義保安店,052911249,嘉義市,西區,保安二路１５９號
FamilyMart 全家嘉義南京店,052838475,嘉義市,西區,車店里南京路４２３號４２７號
FamilyMart 全家嘉義漢口店,052844070,嘉義市,西區,南京路３９２號
FamilyMart 全家嘉義國楊店,052165585,嘉義市,西區,垂楊路４３４號
FamilyMart 全家嘉義遠見店,052910493,嘉義市,西區,建國路１１６號１樓
FamilyMart 全家嘉義向榮店,052319535,嘉義市,西區,國華街５１９號１樓
FamilyMart 全家嘉義新榮店,052278676,嘉義市,西區,新榮路３３７號之２　１樓
FamilyMart 全家嘉義興雅店,052910040,嘉義市,西區,興雅路７２號
FamilyMart 全家嘉義龍興店,052911081,嘉義市,西區,興達路１６６號附１
FamilyMart 全家嘉義聖馬店,052777467,嘉義市,東區,大雅路二段５６５號二樓商店街
FamilyMart 全家嘉義藍潭店,052764625,嘉義市,東區,大雅路二段５５７號
FamilyMart 全家嘉義東雅店,052763383,嘉義市,東區,文雅街４１號
FamilyMart 全家嘉義台林店,052756775,嘉義市,東區,頂庄里台林街２６０號
FamilyMart 全家嘉義仁義店,052766504,嘉義市,東區,台林街９９號
FamilyMart 全家嘉義文青店,052271875,嘉義市,東區,民族路４４２號（整棟全部）
FamilyMart 全家嘉義芳草店,052235698,嘉義市,東區,芳草里１５鄰立仁路８號一樓
FamilyMart 全家嘉義祥鳳店,052229819,嘉義市,東區,吳鳳北路１１２號１Ｆ
FamilyMart 全家嘉義和平店,052783145,嘉義市,東區,和平路１５０號
FamilyMart 全家嘉義新東義店,052789206,嘉義市,東區,林森東路３１９巷６１號
FamilyMart 全家嘉義保義店,052789759,嘉義市,東區,保義路１６９號
FamilyMart 全家嘉義宣信店,052292039,嘉義市,東區,宣信街２４８號
FamilyMart 全家嘉義博東店,052788717,嘉義市,東區,博東路１８３號
FamilyMart 全家嘉義興安店,052226570,嘉義市,東區,興安街１９９號
FamilyMart 全家嘉義湖子內店,052275004,嘉義市,東區,興安里興美六路１５０號壹樓
FamilyMart 全家嘉義日新店,052788326,嘉義市,東區,彌陀路２３８巷６９號
FamilyMart 全家嘉義體育館店,052273711,嘉義市,東區,新開里體育路７３號
FamilyMart 全家番路觸口店,052592923,嘉義縣,番路鄉,觸口村１－１０號
FamilyMart 全家梅山公園店,052621278,嘉義縣,梅山鄉,公園路３３８號１樓
FamilyMart 全家竹崎灣橋店,052793585,嘉義縣,竹崎鄉,灣橋村五間厝３之６號
FamilyMart 全家竹崎內埔店,052543760,嘉義縣,竹崎鄉,內埔村１７鄰溪州５７－８號
FamilyMart 全家竹崎中山店,052616307,嘉義縣,竹崎鄉,中山路２８２號
FamilyMart 全家中埔頂山門店,052399662,嘉義縣,中埔鄉,金蘭村頂山門６之２８號
FamilyMart 全家中埔檨仔林店,052537016,嘉義縣,中埔鄉,社口村１９鄰檨仔林２３－２號
FamilyMart 全家中埔幸福店,052393941,嘉義縣,中埔鄉,和美村１０鄰中山路五段６５０號
FamilyMart 全家中埔和興店,052394800,嘉義縣,中埔鄉,和興村中山路五段９４３號
FamilyMart 全家中埔中華店,052390438,嘉義縣,中埔鄉,和睦村中華路６７８號
FamilyMart 全家中埔雙興店,052394606,嘉義縣,中埔鄉,和興村３３鄰中華路３０７號壹樓
FamilyMart 全家中埔興化店,052399132,嘉義縣,中埔鄉,富裕路４１３號
FamilyMart 全家水上鎮安店,052352125,嘉義縣,水上鄉,寬士村崎仔頭３１之２號
FamilyMart 全家水上柳子林店,052688937,嘉義縣,水上鄉,柳林村１５００號
FamilyMart 全家水上崎子頭店,052844098,嘉義縣,水上鄉,寬士村崎子頭７０１－８０號壹樓
FamilyMart 全家水上福德店,052681562,嘉義縣,水上鄉,中正路１６１號、１６３號１樓
FamilyMart 全家水上中興店,052684426,嘉義縣,水上鄉,中興路２７９號（配送用）
FamilyMart 全家水上民生店,052840773,嘉義縣,水上鄉,民生村忠孝街８１號
FamilyMart 全家鹿草福祿店,053753947,嘉義縣,鹿草鄉,西井村鹿草路２９０號、２９０號附１
FamilyMart 全家太保寶珠店,053717345,嘉義縣,太保市,太保里太保７４號
FamilyMart 全家太保嘉新店,052386407,嘉義縣,太保市,中山路一段８０６號１樓、２樓
FamilyMart 全家太保麻魚店,052385049,嘉義縣,太保市,麻寮里中山路二段１８５號
FamilyMart 全家太保祥東店,053621853,嘉義縣,太保市,安仁里１３鄰祥和一路東段２０號一樓
FamilyMart 全家太保縣府店,053627137,嘉義縣,太保市,祥和三路東段２１２號一樓
FamilyMart 全家朴子四海店,053707141,嘉義縣,朴子市,永和里應菜埔２９－６號
FamilyMart 全家朴子鴨母寮店,053692982,嘉義縣,朴子市,鴨母寮１之１８號
FamilyMart 全家朴子牛挑灣店,053692652,嘉義縣,朴子市,梅華里１０鄰牛挑灣６５之１號
FamilyMart 全家朴子樸仔腳店,053706153,嘉義縣,朴子市,竹圍里１１鄰大同路１６６號
FamilyMart 全家朴子南通店,053707834,嘉義縣,朴子市,南通路三段７６７號、７６９號１樓
FamilyMart 全家朴子嘉庚店,053625445,嘉義縣,朴子市,嘉朴路西段６號
FamilyMart 全家台南前站店,062225096,台南市,中西區,中山路２０７號１＋２樓（如附圖
FamilyMart 全家臺南醫院店,062217411,台南市,中西區,中山路１２５號急診大樓１樓
FamilyMart 全家台南五妃店,062142397,台南市,中西區,五妃街２７０號１樓
FamilyMart 全家台南大學店,062142350,台南市,中西區,五妃街１９０號全棟
FamilyMart 全家台南芳草店,062221824,台南市,中西區,民生路二段３７５號１樓部份
FamilyMart 全家台南赤崁店,062216207,台南市,中西區,民族路二段２５７號一樓
FamilyMart 全家台南永福店,062148086,台南市,中西區,永福路一段１９１號
FamilyMart 全家台南美環店,062989962,台南市,中西區,府前路二段２７７號
FamilyMart 全家台南府華店,062230948,台南市,中西區,府前路二段３７號１樓
FamilyMart 全家台南忠義店,062143579,台南市,中西區,忠義路一段５６號１樓
FamilyMart 全家台南勝興店,063582106,台南市,中西區,武聖路１５３號１樓
FamilyMart 全家台南尊王店,062223682,台南市,中西區,金華路三段１４３號一樓
FamilyMart 全家台南康順店,062145733,台南市,中西區,健康路一段９０號１樓
FamilyMart 全家台南康樂二店,062213463,台南市,中西區,康樂街１５０號一樓
FamilyMart 全家台南康樂一店,062255075,台南市,中西區,康樂街１３５號１樓
FamilyMart 全家台南美美店,063587209,台南市,中西區,湖美街７２號１樓及地下室
FamilyMart 全家台南成大店,062004692,台南市,東區,大學路１號　光復校區學生餐廳
FamilyMart 全家台南中平店,062094533,台南市,東區,中華東路一段８８號
FamilyMart 全家台南巴克禮店,062679571,台南市,東區,中華東路三段３８０巷１號１樓（配送用）
FamilyMart 全家台南新義統店,062897432,台南市,東區,臺南市東區仁和路１０１－１號
FamilyMart 全家台南仁東店,062605708,台南市,東區,臺南市東區仁東街３２號１樓
FamilyMart 全家台南車頭店,062239803,台南市,東區,北門路二段２號
FamilyMart 全家台南東平店,062002921,台南市,東區,光明街２１７號，２１９號
FamilyMart 全家台南東成店,062897438,台南市,東區,自由路三段２２３號
FamilyMart 全家台南新博店,062094958,台南市,東區,育樂街１７０號１樓
FamilyMart 全家台南新樓店,062085046,台南市,東區,東門路一段５７號１樓
FamilyMart 全家台南東文店,062603556,台南市,東區,臺南市東區東門路三段１６８號
FamilyMart 全家台南林森店,062376800,台南市,東區,林森路二段１８８號
FamilyMart 全家台南榮寶店,062363772,台南市,東區,長榮路一段２３６號１樓
FamilyMart 全家台南常榮店,062084038,台南市,東區,長榮路三段３９號１、２樓
FamilyMart 全家台南崇善店,062600746,台南市,東區,臺南市東區崇善路６８８號
FamilyMart 全家台南東德店,062908347,台南市,東區,臺南市東區崇德路１２８號
FamilyMart 全家台南崇德店,062673558,台南市,東區,崇德路７３７號
FamilyMart 全家台南新崇義店,062908348,台南市,東區,崇德路４７１－３號
FamilyMart 全家台南富農一店,063359083,台南市,東區,臺南市東區富農街二段３號１樓
FamilyMart 全家台南虎尾寮店,063316132,台南市,東區,裕平路１５號
FamilyMart 全家台南裕聖店,063314522,台南市,東區,裕信路３８３號
FamilyMart 全家台南裕義店,063316762,台南市,東區,裕義路５７６號
FamilyMart 全家台南榮玉店,062142839,台南市,東區,榮譽街６１號
FamilyMart 全家台南德東店,062900863,台南市,東區,德東街８３號全棟
FamilyMart 全家台南三官店,062635027,台南市,南區,三官路９號全部
FamilyMart 全家台南新大林店,062141759,台南市,南區,大同路二段１３６巷２號
FamilyMart 全家台南華興店,062921082,台南市,南區,中華南路二段１１０號
FamilyMart 全家台南鹽埕店,062634148,台南市,南區,利南街２２７號
FamilyMart 全家台南府南店,062641101,台南市,南區,金華路一段４８４巷８５號
FamilyMart 全家台南水萍塭店,062211952,台南市,南區,金華路二段３８４號
FamilyMart 全家台南尊南店,062638203,台南市,南區,健康路二段２７５號１樓
FamilyMart 全家台南三喜店,062628253,台南市,南區,喜樹路２２０號
FamilyMart 全家台南金華店,062638459,台南市,南區,臺南市南區新孝路７２號１樓
FamilyMart 全家台南新和店,062630575,台南市,南區,新建路４７號１樓
FamilyMart 全家台南新夏店,062615535,台南市,南區,新興路１５１號
FamilyMart 全家台南舉喜店,062629975,台南市,南區,萬年七街１９６號
FamilyMart 全家台南萬年店,062624892,台南市,南區,萬年五街２６８號１樓
FamilyMart 全家台南德興店,062635912,台南市,南區,德興路４７－１號
FamilyMart 全家台南灣裡店,062960741,台南市,南區,佛壇里灣裡路４０３號１樓
FamilyMart 全家台南大興店,062506975,台南市,北區,大興街３９８號
FamilyMart 全家台南大豐店,062507706,台南市,北區,中華北路一段８０號１樓全部
FamilyMart 全家台南公園店,062246780,台南市,北區,公園北路１３１號１樓
FamilyMart 全家台南和順店,062254767,台南市,北區,和順里公園南路３６０號１樓
FamilyMart 全家台南北成店,062826541,台南市,北區,北成路３９號
FamilyMart 全家台南國宅店,062521509,台南市,北區,大道里北門路二段５４５號一樓
FamilyMart 全家台南北園店,062344469,台南市,北區,北園街２０號１樓及夾層
FamilyMart 全家台南臨安店,062508275,台南市,北區,成功路５８６號一樓
FamilyMart 全家台南長成店,062255085,台南市,北區,成功路２１２號
FamilyMart 全家台南忠成店,062211656,台南市,北區,成功路１１８，１２０號
FamilyMart 全家台南育德店,062512062,台南市,北區,育德路４３３號１樓
FamilyMart 全家台南和緯店,062507078,台南市,北區,文成里和緯路三段３３３號１樓
FamilyMart 全家台南三順店,062084051,台南市,北區,林森路三段１５７號
FamilyMart 全家台南長順店,062210179,台南市,北區,長北街１１２號
FamilyMart 全家台南全順店,062086524,台南市,北區,長榮路四段５９號
FamilyMart 全家台南南園店,062389353,台南市,北區,南園街１０２號１＋２樓
FamilyMart 全家台南文成店,062587936,台南市,北區,海安路三段８１７號１樓
FamilyMart 全家台南文平店,062989408,台南市,安平區,文平路４０５．４０７號
FamilyMart 全家台南平豐店,062991265,台南市,安平區,平豐路３７９號
FamilyMart 全家台南平安店,062229410,台南市,安平區,民權路四段５５７號
FamilyMart 全家台南新市政店,062954712,台南市,安平區,永華路二段２８８號１樓與夾層
FamilyMart 全家台南新安平店,062234228,台南市,安平區,臺南市安平區安平路１７７號１樓
FamilyMart 全家台南新康華店,062954396,台南市,安平區,健康三街２３５號
FamilyMart 全家台南康裕店,062931235,台南市,安平區,健康三街２０９號１樓
FamilyMart 全家台南康平店,062984386,台南市,安平區,健康三街２２號
FamilyMart 全家台南建平店,062992938,台南市,安平區,文平里健康路三段１０號一樓
FamilyMart 全家台南國平店,062939137,台南市,安平區,平通里國平路５９９之１號１樓
FamilyMart 全家台南慶平店,062930685,台南市,安平區,建平里５鄰慶平路８０號１樓
FamilyMart 全家台南承天店,062983705,台南市,安平區,慶平路５７３號１樓
FamilyMart 全家台南大安店,062474809,台南市,安南區,大安街１４０號１樓
FamilyMart 全家台南安慶店,062474770,台南市,安南區,理想里大安街７２８號一樓
FamilyMart 全家台南學東店,062874737,台南市,安南區,公學路六段６１５號
FamilyMart 全家台南新宅店,063562442,台南市,安南區,北安路三段９０７號１樓
FamilyMart 全家台南北州店,063567134,台南市,安南區,北安路四段２１０號
FamilyMart 全家台南台江店,062470289,台南市,安南區,台江大道二段４８１號
FamilyMart 全家台南新本原店,062453180,台南市,安南區,臺南市安南區本原街三段２４７號１樓
FamilyMart 全家台南安中店,062478562,台南市,安南區,安中路一段６９９巷１號
FamilyMart 全家台南興德店,062457612,台南市,安南區,安中路四段２３８號１樓
FamilyMart 全家台南文安店,062827508,台南市,安南區,安和路一段７３＆７５號１樓
FamilyMart 全家台南安順店,063564715,台南市,安南區,安和路二段１６６號
FamilyMart 全家台南安通店,062470462,台南市,安南區,安通路四段８９號
FamilyMart 全家台南安富店,063584719,台南市,安南區,安富街２５０號
FamilyMart 全家台南育安店,063560374,台南市,安南區,育安街２４８號
FamilyMart 全家台南長安店,063571280,台南市,安南區,長和路二段１２巷２７５號
FamilyMart 全家台南布袋店,063586576,台南市,安南區,長和路四段１３１號
FamilyMart 全家台南鎮安店,062473475,台南市,安南區,長溪路三段３９４號
FamilyMart 全家台南城西店,062575852,台南市,安南區,城西街一段４１號（配送用）
FamilyMart 全家台南安南店,063584103,台南市,安南區,海佃路一段１６０號
FamilyMart 全家台南國安店,063581591,台南市,安南區,國安街５６巷７５號
FamilyMart 全家台南府安店,063588319,台南市,安南區,國安街１５８號
FamilyMart 全家台南頂安店,063560771,台南市,安南區,培安路１５１號
FamilyMart 全家台南新順店,063567231,台南市,安南區,開安路５０號
FamilyMart 全家永康永仁店,062056842,台南市,永康區,大仁街３９號１樓
FamilyMart 全家永康大武店,062521479,台南市,永康區,大武街８號
FamilyMart 全家永康大橋店,063039275,台南市,永康區,大橋二街６８號１樓
FamilyMart 全家永康大展店,062054274,台南市,永康區,大灣東路３８號
FamilyMart 全家永康新大灣店,062057565,台南市,永康區,大灣路１９７號
FamilyMart 全家永康大華店,062715086,台南市,永康區,大灣路３１９號１樓
FamilyMart 全家永康五王店,063020810,台南市,永康區,五王里中山東路２２０號
FamilyMart 全家永康世界店,062019873,台南市,永康區,中正路２４２號
FamilyMart 全家永康學府店,062435262,台南市,永康區,中正路５８１號
FamilyMart 全家永康勝華店,063124970,台南市,永康區,中華二路３９５號、３９７號
FamilyMart 全家永康福樂店,062039583,台南市,永康區,六合里中華二路２７０號一樓
FamilyMart 全家永康新長億店,063020941,台南市,永康區,中華西街１５９號
FamilyMart 全家永康五福店,063026970,台南市,永康區,中華路５０８號
FamilyMart 全家永康文化店,062339352,台南市,永康區,文化路１１８號
FamilyMart 全家永康車行店,062011453,台南市,永康區,王行路５６３號（配送用）
FamilyMart 全家永康正南一店,062435251,台南市,永康區,正南一街１０３號
FamilyMart 全家永康好康店,062030346,台南市,永康區,正強街１６８號
FamilyMart 全家永康大勝店,062213217,台南市,永康區,永二街１４０號
FamilyMart 全家永康永華店,063013225,台南市,永康區,永大路二段１２６６號
FamilyMart 全家永康永德店,062043632,台南市,永康區,永大路三段４１７號
FamilyMart 全家永康新永安店,062434261,台南市,永康區,永安路１１７號１、２樓
FamilyMart 全家永康永明店,062017873,台南市,永康區,永明街２６２號
FamilyMart 全家永康自強店,062023702,台南市,永康區,自強路７２８號１樓
FamilyMart 全家永康龍橋店,062029670,台南市,永康區,自強路８３０號
FamilyMart 全家永康廣興店,062073215,台南市,永康區,西勢路２０５號
FamilyMart 全家永康忠孝店,063134320,台南市,永康區,忠孝路７８，８０號
FamilyMart 全家永康東強店,063026813,台南市,永康區,東橋一路２４６號一樓
FamilyMart 全家永康新南台店,062434018,台南市,永康區,南台街３６號１樓
FamilyMart 全家崑山科大店,062071543,台南市,永康區,崑山里崑大路１９５號（教學研究大樓
FamilyMart 全家永康復華店,062036243,台南市,永康區,復國一路４７７號１樓
FamilyMart 全家永康永慶店,062029417,台南市,永康區,復國一路３４４號．３４６號
FamilyMart 全家永康永勝店,062017269,台南市,永康區,復華七街１１９號１樓
FamilyMart 全家永康華興店,063126297,台南市,永康區,華興街１４８號１樓
FamilyMart 全家永康新民店,062438287,台南市,永康區,新民街７３號
FamilyMart 全家永康鹽洲店,062434458,台南市,永康區,鹽忠街１２７號
FamilyMart 全家歸仁大順店,062397162,台南市,歸仁區,後市里大順街１７０號一樓
FamilyMart 全家歸仁保興店,062303150,台南市,歸仁區,中山路三段２１８號
FamilyMart 全家歸仁六發店,062309104,台南市,歸仁區,六甲路２０６號
FamilyMart 全家歸仁文仁店,063307920,台南市,歸仁區,後市里民族北街８５號一樓
FamilyMart 全家歸仁新文化店,062303581,台南市,歸仁區,南保里民權北路１４７號
FamilyMart 全家歸仁長榮店,062785265,台南市,歸仁區,長大路１號第一宿舍一樓
FamilyMart 全家歸仁榮大店,062782498,台南市,歸仁區,長榮路一段２６２號
FamilyMart 全家新化那拔店,065912967,台南市,新化區,那拔林２３號之１６
FamilyMart 全家新化關新店,065909767,台南市,新化區,山腳里頂山腳５３之４５１號
FamilyMart 全家新化新北店,065987546,台南市,新化區,中正路６９７號全部
FamilyMart 全家新化正孝店,065986475,台南市,新化區,忠孝路１５８號
FamilyMart 全家新化鑫義店,065901941,台南市,新化區,信義路３７１號
FamilyMart 全家玉井民生店,065745873,台南市,玉井區,民族路８９號
FamilyMart 全家嘉藥科大店,062667837,台南市,仁德區,二仁路一段６０號
FamilyMart 全家仁德太乙店,062054716,台南市,仁德區,土庫路５４號
FamilyMart 全家仁德仁義店,062492442,台南市,仁德區,中山路４２６號
FamilyMart 全家仁德二仁店,062663473,台南市,仁德區,中正西路２１號
FamilyMart 全家仁德仁紡店,062491472,台南市,仁德區,中正路二段８０５號
FamilyMart 全家仁德一甲店,062796964,台南市,仁德區,中正路三段３５５號
FamilyMart 全家仁德春風店,062795457,台南市,仁德區,中清路２號
FamilyMart 全家仁德上東城店,062794277,台南市,仁德區,文心路７０號
FamilyMart 全家仁德中一店,062672649,台南市,仁德區,文華一街８９號（活動中心）
FamilyMart 全家仁德中二店,062672656,台南市,仁德區,文華ㄧ街８９號（教學區）
FamilyMart 全家嘉藥錦篆店,062668659,台南市,仁德區,保安路一段５６巷５５號（宿舍Ｇ棟一樓）
FamilyMart 全家仁德二空店,062676822,台南市,仁德區,崇德路１０號
FamilyMart 全家仁德鼎安店,062495741,台南市,仁德區,德安路１之１號
FamilyMart 全家仁德德南店,062498364,台南市,仁德區,德南路２２巷１號１樓
FamilyMart 全家仁德德洋店,062692842,台南市,仁德區,後壁里德洋路２４８之１號一樓
FamilyMart 全家仁德新德店,062792875,台南市,仁德區,德善路２７９－３號
FamilyMart 全家關廟工業店,065977168,台南市,關廟區,中山路二段２５３號
FamilyMart 全家關廟南雄店,065955835,台南市,關廟區,中央路２４６號
FamilyMart 全家關廟旺萊店,065954243,台南市,關廟區,旺萊路１２７號
FamilyMart 全家關廟五甲店,065959040,台南市,關廟區,南雄路一段１１０７號
FamilyMart 全家官田新田店,065794440,台南市,官田區,隆田里中山路一段３５號
FamilyMart 全家麻豆新樓店,065702893,台南市,麻豆區,小埤里苓子林２０號
FamilyMart 全家麻豆安業店,065718007,台南市,麻豆區,安業７７之２號
FamilyMart 全家麻豆興民店,065711224,台南市,麻豆區,興中路５１號
FamilyMart 全家麻豆文旦店,065713987,台南市,麻豆區,興中路１７２號全棟
FamilyMart 全家麻豆大同店,065717008,台南市,麻豆區,興民街６號
FamilyMart 全家麻豆黎明店,065711104,台南市,麻豆區,中興里興國路４６號１樓
FamilyMart 全家佳里中山店,067238351,台南市,佳里區,中山路１５５號
FamilyMart 全家佳里光復店,067237050,台南市,佳里區,安西里光復路３２７號
FamilyMart 全家佳里延平店,067227976,台南市,佳里區,延平路４６８－２號
FamilyMart 全家佳里佳里興店,067261469,台南市,佳里區,麻興路二段４７７號
FamilyMart 全家西港慶安店,067952250,台南市,西港區,中山路２６３號
FamilyMart 全家西港新興店,067954217,台南市,西港區,新興街１１號
FamilyMart 全家西港南海店,067958252,台南市,西港區,慶安路２０６號
FamilyMart 全家西港港美店,067957204,台南市,西港區,慶安路２２９號（學生餐廳）
FamilyMart 全家將軍青鯤鯓店,067920315,台南市,將軍區,鯤鯓里２１２號
FamilyMart 全家學甲狀元店,067832360,台南市,學甲區,中山路１８３之６號１樓
FamilyMart 全家學甲安得富店,067839207,台南市,學甲區,臺南市學甲區華宗路３２８號
FamilyMart 全家新營三族店,066323275,台南市,新營區,三民路５２號１樓
FamilyMart 全家新營車站店,066326923,台南市,新營區,中山路１號
FamilyMart 全家新營新興店,066326860,台南市,新營區,中正路３９之９號１樓
FamilyMart 全家新營中興店,066334689,台南市,新營區,永生里中興路３２號一樓
FamilyMart 全家新營南新店,066591421,台南市,新營區,民治路１７７號１樓
FamilyMart 全家新營民興店,066592241,台南市,新營區,民治路１２２號
FamilyMart 全家新營和平店,066325617,台南市,新營區,和平路４６號
FamilyMart 全家新營東興店,066372731,台南市,新營區,新東里東興路１８８號１樓
FamilyMart 全家新營華新店,066569031,台南市,新營區,金華路二段９０號
FamilyMart 全家新營南紙店,066595340,台南市,新營區,南紙里建業路３１７號一樓
FamilyMart 全家新營帝寶店,066523925,台南市,新營區,復興路８６７號１樓
FamilyMart 全家新營裕民店,066326426,台南市,新營區,裕民路１號
FamilyMart 全家後壁茄苳店,066881114,台南市,後壁區,嘉民里上茄苳１４６之３２號
FamilyMart 全家新營國道南店,066328428,台南市,後壁區,臺南市後壁區竹新里新厝６９號
FamilyMart 全家新營國道北店,066321336,台南市,後壁區,臺南市後壁區竹新里新厝７２號
FamilyMart 全家後壁安溪店,066320024,台南市,後壁區,福安里下寮１０２－３０號１樓
FamilyMart 全家白河昶興店,066855541,台南市,白河區,中山路１３號
FamilyMart 全家東山農會店,066801285,台南市,東山區,中興路１號
FamilyMart 全家六甲龜仔港店,066989228,台南市,六甲區,龜港里龜子港１２２號
FamilyMart 全家六甲民生附店,066986882,台南市,六甲區,工研路８號
FamilyMart 全家六甲水林店,066985995,台南市,六甲區,中山路９６號
FamilyMart 全家六甲新民店,066984945,台南市,六甲區,中正路３９４號１樓
FamilyMart 全家下營中山店,066893846,台南市,下營區,中山路二段３２號
FamilyMart 全家柳營重溪店,066234800,台南市,柳營區,重溪里小腳腿１２號１樓
FamilyMart 全家柳營敏惠店,066224748,台南市,柳營區,中山東路二段１１１６號
FamilyMart 全家柳營農會店,066226970,台南市,柳營區,柳營路二段７７號
FamilyMart 全家鹽水武廟店,066524945,台南市,鹽水區,金和路２號１樓
FamilyMart 全家鹽水朝琴店,066526857,台南市,鹽水區,水秀里朝琴路１４０之２號一樓
FamilyMart 全家鹽水清泉店,066528354,台南市,鹽水區,朝琴路６５號
FamilyMart 全家善化胡厝店,065819981,台南市,善化區,胡家里胡厝２９之６號
FamilyMart 全家善化茄拔店,065833907,台南市,善化區,嘉北里茄拔２８３號
FamilyMart 全家善化光文店,065854481,台南市,善化區,光文里中山路９９號一樓
FamilyMart 全家善化和平店,065852942,台南市,善化區,臺南市善化區中山路２３１之６號１樓
FamilyMart 全家善化正國店,065853799,台南市,善化區,文昌里中正路１６０號一樓
FamilyMart 全家善化大同店,065819311,台南市,善化區,中興路１４９號
FamilyMart 全家善化啤酒店,065853997,台南市,善化區,成功路１－１號
FamilyMart 全家善化興華店,065851143,台南市,善化區,建國路３８號
FamilyMart 全家善化蓮潭店,065833816,台南市,善化區,蓮潭北三街２１８號
FamilyMart 全家善化住華店,065055430,台南市,善化區,環東路二段３２號２樓
FamilyMart 全家山上明和店,065781749,台南市,山上區,明和里明和１９６－１號
FamilyMart 全家新市大社店,065898187,台南市,新市區,大社里３３５號
FamilyMart 全家新市清水店,065892861,台南市,新市區,社內里社內１０２－５號
FamilyMart 全家新市富安店,065899703,台南市,新市區,社內８－１２號（配送用）
FamilyMart 全家新市華興店,065891477,台南市,新市區,中正路２５２號１樓
FamilyMart 全家新市民林店,065891778,台南市,新市區,民生路６２號
FamilyMart 全家新市光華店,065899942,台南市,新市區,光華街１３５號
FamilyMart 全家新市群創一店,065055039,台南市,新市區,奇業路１號
FamilyMart 全家新市聯科店,065055013,台南市,新市區,臺南市新市區南科二路１８號５Ｆ
FamilyMart 全家新市晶圓店,065050582,台南市,新市區,南科二路１８號２Ｆ
FamilyMart 全家新市導航店,065897612,台南市,新市區,堤塘港路３號１樓＆４樓
FamilyMart 全家新市和平店,065899638,台南市,新市區,富林路２９號１樓
FamilyMart 全家新市群創六店,065898611,台南市,新市區,紫楝路２１號
FamilyMart 全家新市陽光店,065851643,台南市,新市區,陽光大道２６號
FamilyMart 全家新市新群七店,065055215,台南市,新市區,環西路一段３號６樓
FamilyMart 全家新市群科店,065058324,台南市,新市區,環西路一段３號Ｂ１ＦＡ店（原宿區）
FamilyMart 全家新市群創二店,065050307,台南市,新市區,環西路二段２號
FamilyMart 全家安定善高店,065975396,台南市,安定區,蘇厝里２９３－６８號
FamilyMart 全家安定保安店,065976267,台南市,安定區,保西里３３９之３號一樓
FamilyMart 全家安定海寮店,065933959,台南市,安定區,海寮１０－２號１樓部分
FamilyMart 全家安定新港口店,065934046,台南市,安定區,港口里港口２４５－５號
FamilyMart 全家安定啟碁店,065052171,台南市,安定區,北園三路８號之Ｓ３廠７樓
FamilyMart 全家安定緯穎店,065052311,台南市,安定區,北園三路８號４樓
FamilyMart 全家高雄福華店,072360858,高雄市,新興區,七賢一路３０１號壹樓角窗部份
FamilyMart 全家高雄興台店,072858967,高雄市,新興區,七賢二路８６號一樓
FamilyMart 全家高雄尚義店,072231461,高雄市,新興區,中正二路２２０號１樓
FamilyMart 全家高雄仁愛店,072816993,高雄市,新興區,五福二路１１６號壹樓
FamilyMart 全家高雄文橫店,072820506,高雄市,新興區,文橫二路１６６之１號一樓
FamilyMart 全家高雄民族店,072231201,高雄市,新興區,民族二路１００號
FamilyMart 全家高雄美麗綻店,072855378,高雄市,新興區,自立二路９６號１、２樓
FamilyMart 全家高雄森華店,072364729,高雄市,新興區,林森一路１９６號
FamilyMart 全家高雄林庭店,072416656,高雄市,新興區,林森一路１６３－１號
FamilyMart 全家高雄福心店,072610787,高雄市,新興區,復興一路４９號壹樓
FamilyMart 全家高雄瑞華店,072855228,高雄市,前金區,七賢二路１５６號
FamilyMart 全家高雄寶成店,072411037,高雄市,前金區,七賢二路３２２號
FamilyMart 全家高雄樂活店,072851596,高雄市,前金區,中華三路１４６號中華大樓一樓Ａ室
FamilyMart 全家高雄三鳳店,072419155,高雄市,前金區,中華三路２５１號
FamilyMart 全家高雄中華店,072829754,高雄市,前金區,中華三路２１號１樓
FamilyMart 全家高雄錢櫃店,072418122,高雄市,前金區,六合二路１５７號
FamilyMart 全家高雄榮安店,072827415,高雄市,前金區,自強一路６０，６２，６４號１樓
FamilyMart 全家高雄三信店,077241406,高雄市,苓雅區,三多一路１８６號（三信家商）
FamilyMart 全家高雄忠孝店,073317931,高雄市,苓雅區,三多三路１６８號壹樓
FamilyMart 全家高雄亞太店,072691476,高雄市,苓雅區,三多四路６５號壹樓
FamilyMart 全家高雄五福店,072290512,高雄市,苓雅區,五福一路１５３號
FamilyMart 全家高雄市政店,073310379,高雄市,苓雅區,四維三路２號１１Ｆ
FamilyMart 全家高雄全盈店,073384695,高雄市,苓雅區,四維四路３號一樓
FamilyMart 全家高雄天河店,072417251,高雄市,苓雅區,高雄市前金區市中一路９９號一樓部分範圍
FamilyMart 全家高雄輔仁店,077522089,高雄市,苓雅區,正大路７９號；輔仁路２２９號
FamilyMart 全家高雄新義店,077491018,高雄市,苓雅區,正義路１７６號壹樓
FamilyMart 全家高雄永昌店,073329586,高雄市,苓雅區,成功一路１６８之２號
FamilyMart 全家高雄成興店,072693676,高雄市,苓雅區,成功一路６８號壹樓
FamilyMart 全家高雄東榮店,072693970,高雄市,苓雅區,自強三路１６號
FamilyMart 全家高雄實踐店,072265917,高雄市,苓雅區,同慶里和平一路１３０號一樓
FamilyMart 全家高雄福祥店,077262968,高雄市,苓雅區,明德街１２３號
FamilyMart 全家高雄森永店,073311520,高雄市,苓雅區,林森二路２２號
FamilyMart 全家高雄藝文店,077214627,高雄市,苓雅區,林德街３３號
FamilyMart 全家高雄武仁店,077238451,高雄市,苓雅區,武仁街９５號一樓
FamilyMart 全家高雄武聖店,077228004,高雄市,苓雅區,武廟路１３３號
FamilyMart 全家高雄心誠店,077174801,高雄市,苓雅區,武廟路４８號１樓
FamilyMart 全家高雄澄佳店,077405531,高雄市,苓雅區,建國一路３號１樓
FamilyMart 全家高雄豐強店,073384961,高雄市,苓雅區,苓雅二路１０８號一、二、三樓
FamilyMart 全家高雄星光店,073330514,高雄市,苓雅區,新光路２６號１樓
FamilyMart 全家高雄真愛店,072691916,高雄市,苓雅區,新光路４０號
FamilyMart 全家高雄福山店,077225460,高雄市,苓雅區,福德三路２２６號
FamilyMart 全家高雄廣泉店,077220774,高雄市,苓雅區,廣州一街１２７號一樓
FamilyMart 全家高雄中福店,073381378,高雄市,苓雅區,興中一路１８號壹樓
FamilyMart 全家高雄鹽埕埔店,075319669,高雄市,鹽埕區,七賢三路１６９號一樓
FamilyMart 全家高雄大仁店,075316187,高雄市,鹽埕區,大仁路５９號
FamilyMart 全家高雄福王店,075316702,高雄市,鹽埕區,五福四路７２號
FamilyMart 全家高雄港灣店,075214375,高雄市,鹽埕區,五福四路３６、３８號
FamilyMart 全家高雄新樂店,075319796,高雄市,鹽埕區,新樂街２３８號
FamilyMart 全家高雄國泰店,075315985,高雄市,鼓山區,九如四路６８７，６８９號
FamilyMart 全家高雄內惟店,075825460,高雄市,鼓山區,九如四路１４６６號
FamilyMart 全家高雄天美店,075529548,高雄市,鼓山區,中華一路３１４之６號
FamilyMart 全家高雄文信店,075533953,高雄市,鼓山區,文信路１９３號１樓及２樓
FamilyMart 全家高雄明倫店,075547219,高雄市,鼓山區,明倫路１４８號１樓
FamilyMart 全家高雄青海店,075227027,高雄市,鼓山區,青海路２７７－１號
FamilyMart 全家高雄南屏店,075536031,高雄市,鼓山區,南屏路５３６號
FamilyMart 全家高雄美明店,075537553,高雄市,鼓山區,美明路１０２號
FamilyMart 全家高雄美舞店,075224293,高雄市,鼓山區,美術東五路１１８號
FamilyMart 全家高雄新美店,075501877,高雄市,鼓山區,美術南三路２０３號１樓
FamilyMart 全家高雄龍美店,075225725,高雄市,鼓山區,美術館路７３號１樓
FamilyMart 全家高雄如逢店,075887028,高雄市,鼓山區,逢甲路９８號
FamilyMart 全家高雄華漾店,075524308,高雄市,鼓山區,華泰路１５２號
FamilyMart 全家高雄天誠店,075529593,高雄市,鼓山區,裕誠路１９００號
FamilyMart 全家高雄裕民店,075526518,高雄市,鼓山區,明誠里裕誠路１５０９－７號
FamilyMart 全家高雄鼓山店,075217383,高雄市,鼓山區,鼓山二路４３號壹樓
FamilyMart 全家高雄四季店,075889676,高雄市,鼓山區,翠華路３９６號一樓
FamilyMart 全家高雄西灣店,075250036,高雄市,鼓山區,蓮海路７０號（國立中山大學）
FamilyMart 全家高雄龍堡店,075528985,高雄市,鼓山區,龍勝路１３６號
FamilyMart 全家高雄龍德店,075520737,高雄市,鼓山區,龍德路１０６巷３之１號
FamilyMart 全家高雄臨一店,075313828,高雄市,鼓山區,峰南里臨海一路２１之３號附５
FamilyMart 全家高雄西子灣店,075211727,高雄市,鼓山區,臨海二路６９號
FamilyMart 全家旗津天后店,075718997,高雄市,旗津區,廟前路２８號一樓
FamilyMart 全家高雄林心店,073381575,高雄市,前鎮區,一心二路１５７號１樓
FamilyMart 全家高雄聖德店,073322696,高雄市,前鎮區,一心二路２５號１樓
FamilyMart 全家高雄新二聖店,077223767,高雄市,前鎮區,二聖一路７１號ㄧ樓
FamilyMart 全家高雄廣三店,077219569,高雄市,前鎮區,二聖一路２１８號
FamilyMart 全家高雄崇光店,073359035,高雄市,前鎮區,三多三路２１７號Ｂ２樓商場
FamilyMart 全家三多捷運店,073384533,高雄市,前鎮區,中山二路２６８號地下一樓
FamilyMart 全家高雄大魯閣店,077915278,高雄市,前鎮區,中山四路１００號（２Ｆ－１３）
FamilyMart 全家高雄公正店,077224603,高雄市,前鎮區,公正路１４３號
FamilyMart 全家高雄皇家店,073318198,高雄市,前鎮區,民權二路７６、７８號１樓
FamilyMart 全家高雄弘揚店,073385331,高雄市,前鎮區,成功二路２５號２樓
FamilyMart 全家高雄育樂店,077260816,高雄市,前鎮區,育樂路２０號
FamilyMart 全家高雄聖和店,077221838,高雄市,前鎮區,和平二路１２７－１號
FamilyMart 全家高雄明鳳店,077935480,高雄市,前鎮區,明鳳三路６５號
FamilyMart 全家高雄廣林店,073341258,高雄市,前鎮區,林森三路１７２號一樓
FamilyMart 全家高雄領航店,075369081,高雄市,前鎮區,林森四路２５７號
FamilyMart 全家高雄華江店,073359512,高雄市,前鎮區,長江街７０號一樓
FamilyMart 全家高雄錢證店,078215676,高雄市,前鎮區,前鎮街１９６號一樓及地下室
FamilyMart 全家高雄南衙店,078411258,高雄市,前鎮區,草衙二路３３７號
FamilyMart 全家高雄瑞東店,077260326,高雄市,前鎮區,崗山中街１５９號．１６１號
FamilyMart 全家高雄摩天店,075370771,高雄市,前鎮區,新光路２１號
FamilyMart 全家高雄心衙店,078213369,高雄市,前鎮區,新衙路３５１號
FamilyMart 全家高雄瑞北店,077165125,高雄市,前鎮區,瑞北路２１３號
FamilyMart 全家高雄瑞和店,077252435,高雄市,前鎮區,瑞和街１７３號
FamilyMart 全家高雄漁港店,078211945,高雄市,前鎮區,漁港南一路６之６號
FamilyMart 全家高雄翠北店,078416158,高雄市,前鎮區,翠亨北路５６２號
FamilyMart 全家高雄梧州店,073386636,高雄市,前鎮區,忠孝里廣西路２１１號１樓（配送用）
FamilyMart 全家高雄德安店,078318715,高雄市,前鎮區,德昌路１４１號
FamilyMart 全家高雄鄭和店,075369556,高雄市,前鎮區,鄭和南路４２０之１號
FamilyMart 全家高雄高中店,078218783,高雄市,前鎮區,鎮中路１４５號１樓
FamilyMart 全家高雄安康店,073806874,高雄市,三民區,安康里九如一路８８９—４號
FamilyMart 全家高雄如順店,073807586,高雄市,三民區,九如一路５３０號
FamilyMart 全家高雄力行店,073161730,高雄市,三民區,力行路１５４號
FamilyMart 全家高雄醫大店,073223316,高雄市,三民區,十全一路１００號
FamilyMart 全家高雄昌美店,073927297,高雄市,三民區,大昌一路２９９號一、二樓
FamilyMart 全家高雄大園店,073833797,高雄市,三民區,大昌一路１８６號
FamilyMart 全家高雄得陽店,073819572,高雄市,三民區,大昌二路３０９－１號
FamilyMart 全家高雄褒忠店,073954767,高雄市,三民區,大昌二路１１９之２號１樓
FamilyMart 全家高雄大興店,073955446,高雄市,三民區,大裕路３８號
FamilyMart 全家高雄新裕店,073926084,高雄市,三民區,大裕路２５９號
FamilyMart 全家高雄春風店,073924487,高雄市,三民區,大豐二路４５７號一樓右側
FamilyMart 全家高雄真大港店,073222159,高雄市,三民區,山東街１５８號
FamilyMart 全家高雄九華店,073231347,高雄市,三民區,中華二路１４２號
FamilyMart 全家高雄鼎新店,073421085,高雄市,三民區,天祥一路４２號１樓
FamilyMart 全家高雄安和店,073226098,高雄市,三民區,北平一街１５３號，１５５號，１５７號
FamilyMart 全家高雄民如店,073221178,高雄市,三民區,民族一路１３號
FamilyMart 全家高雄吉林店,073234557,高雄市,三民區,吉林街１５５號．１５７號
FamilyMart 全家高雄醫學店,073229985,高雄市,三民區,三民區自由一路１００號
FamilyMart 全家高雄高醫二店,073223916,高雄市,三民區,自由一路１００號地下室
FamilyMart 全家高雄高醫三店,073223565,高雄市,三民區,自由一路１００號（十全路口）
FamilyMart 全家高雄延慶店,073890250,高雄市,三民區,第二安發里延慶街１１３號一樓
FamilyMart 全家高雄明哲店,073506241,高雄市,三民區,明賢路３８號一樓及地下室
FamilyMart 全家高雄鼎中店,073493468,高雄市,三民區,鼎中里金鼎路３５８號
FamilyMart 全家高雄建工店,073924464,高雄市,三民區,建元路１１號１樓
FamilyMart 全家高雄車頭店,072363696,高雄市,三民區,建國二路３１８號Ｂ１西側
FamilyMart 全家高雄學友店,072856640,高雄市,三民區,建國三路１１５號
FamilyMart 全家高雄建武店,073906846,高雄市,三民區,建興路７９號１樓
FamilyMart 全家高雄建德店,073854179,高雄市,三民區,建興路１５１號
FamilyMart 全家高雄建興店,073875891,高雄市,三民區,建興路２７４號
FamilyMart 全家高雄重慶店,073229637,高雄市,三民區,重慶街２６９號
FamilyMart 全家高雄凱歌店,072255938,高雄市,三民區,凱歌路８７號
FamilyMart 全家高雄陽明店,073875240,高雄市,三民區,陽明路１９６號
FamilyMart 全家高雄黃興店,073905476,高雄市,三民區,陽明路４１８號，４２０號
FamilyMart 全家高雄鑫天地店,073924612,高雄市,三民區,順昌街６７號一樓
FamilyMart 全家高雄興融店,073811409,高雄市,三民區,黃興路１６８號１樓
FamilyMart 全家高雄義明店,073854002,高雄市,三民區,寶國里義明街１號３號１樓
FamilyMart 全家高雄鼎勇店,073943089,高雄市,三民區,鼎山街３００號．３０２號１樓
FamilyMart 全家高雄鼎華店,073945405,高雄市,三民區,灣復里鼎山街５９２號一樓
FamilyMart 全家高雄鼎祥店,073463667,高雄市,三民區,鼎祥街７３號
FamilyMart 全家高雄鼎貴店,073475162,高雄市,三民區,鼎盛里鼎貴路２０８號１樓
FamilyMart 全家高雄壽昌店,073854009,高雄市,三民區,壽昌路９３號１樓
FamilyMart 全家高雄清華店,073986587,高雄市,三民區,澄和路６５號１＆２樓
FamilyMart 全家高雄三塊厝店,073231562,高雄市,三民區,熱河二街１５８號
FamilyMart 全家高雄覺禮店,073947337,高雄市,三民區,覺民路３８號
FamilyMart 全家高雄灣美店,073927655,高雄市,三民區,灣復街２４號一樓
FamilyMart 全家高雄土庫店,073537481,高雄市,楠梓區,土庫二路１５２號一樓、二樓
FamilyMart 全家高雄清豐店,073530309,高雄市,楠梓區,土庫路６１號一樓
FamilyMart 全家高雄樂高店,073649853,高雄市,楠梓區,大學東路１７１號
FamilyMart 全家高雄大西店,073650776,高雄市,楠梓區,大學南路１１８６號１樓
FamilyMart 全家高雄楠梓漢店,073645842,高雄市,楠梓區,大學南路２１８號１樓
FamilyMart 全家高雄高大店,073644465,高雄市,楠梓區,大學路７００號
FamilyMart 全家日月光十一店,073640091,高雄市,楠梓區,高雄市楠梓加工區中央路２２號十一樓
FamilyMart 全家日月光十二店,073649535,高雄市,楠梓區,高雄市楠梓加工出口區內環北路１１５號
FamilyMart 全家日月光七店,073640010,高雄市,楠梓區,高雄市楠梓加工出口區內環北路１０９號２樓
FamilyMart 全家高雄經武店,073648387,高雄市,楠梓區,內環北路１０１號１樓－光寶科技１０１室
FamilyMart 全家高雄加宏店,073656976,高雄市,楠梓區,加宏路１２０＆１２２號
FamilyMart 全家高雄右昌店,073609679,高雄市,楠梓區,右昌街２２１號
FamilyMart 全家日月光八店,073646310,高雄市,楠梓區,西五街１０號Ｂ１
FamilyMart 全家高雄後新店,073645759,高雄市,楠梓區,後昌新路１－１號
FamilyMart 全家高雄後勁店,073657187,高雄市,楠梓區,後昌路１３１號１樓
FamilyMart 全家高雄德祥店,073650715,高雄市,楠梓區,海專路４０１號
FamilyMart 全家高雄藍田店,073658958,高雄市,楠梓區,高雄大學路３７５號
FamilyMart 全家高雄常德店,073521889,高雄市,楠梓區,常德路３２０號一樓與二樓四坪空間
FamilyMart 全家高雄創金店,073533658,高雄市,楠梓區,創新路８９０之１號
FamilyMart 全家高雄新創店,073539693,高雄市,楠梓區,創新路８６號
FamilyMart 全家高雄惠正店,073644225,高雄市,楠梓區,惠正街１４５號
FamilyMart 全家高雄德昌店,073606402,高雄市,楠梓區,惠民路２２０號
FamilyMart 全家高雄惠豐店,073657425,高雄市,楠梓區,惠豐里惠豐街１６６號１６８號一樓
FamilyMart 全家高雄朝明店,073537537,高雄市,楠梓區,朝明路１０６－１號１樓
FamilyMart 全家日月光九店,073641704,高雄市,楠梓區,高雄市楠梓加工區開發路７３號
FamilyMart 全家日月光三店,073654946,高雄市,楠梓區,高雄市楠梓加工出口區開發路４７號
FamilyMart 全家高雄鑫昌店,073636041,高雄市,楠梓區,新昌街３９－１號
FamilyMart 全家高雄高富店,073651679,高雄市,楠梓區,經三路８０號
FamilyMart 全家日月光一店,073655126,高雄市,楠梓區,高雄市楠梓加工區經三路２６號地下一層
FamilyMart 全家日月光五店,073624493,高雄市,楠梓區,高雄市楠梓加工區經六路６６號
FamilyMart 全家高雄屏信店,073643093,高雄市,楠梓區,翠屏路８８號１及２樓（部份）如圖
FamilyMart 全家高雄水漾店,073646408,高雄市,楠梓區,翠屏路１２５號
FamilyMart 全家高雄德中店,075911758,高雄市,楠梓區,德中路１１０號
FamilyMart 全家高雄民昌店,073635456,高雄市,楠梓區,德民路９８９之２號一樓
FamilyMart 全家高雄東賢店,073606800,高雄市,楠梓區,德賢路３８２、３８４號
FamilyMart 全家高雄興德店,073535902,高雄市,楠梓區,興楠路１４９—１號１樓
FamilyMart 全家高雄興楠店,073541426,高雄市,楠梓區,興楠路３５４號１樓
FamilyMart 全家高雄藍天店,073659782,高雄市,楠梓區,藍昌路３５８號
FamilyMart 全家高雄民益店,078016432,高雄市,小港區,二苓路２４６號
FamilyMart 全家高雄機場店,078068559,高雄市,小港區,中山四路２號一樓部分
FamilyMart 全家高雄飛翔店,078070895,高雄市,小港區,中山四路２號１樓
FamilyMart 全家高雄金安店,077930984,高雄市,小港區,中安路８５３號
FamilyMart 全家高雄立群店,078053137,高雄市,小港區,立群路２７號一樓
FamilyMart 全家高雄山明店,078062353,高雄市,小港區,松和路２號
FamilyMart 全家高雄沿海店,078070902,高雄市,小港區,沿海一路３９７之５號
FamilyMart 全家高雄桂陽店,077934389,高雄市,小港區,桂陽路２１０號
FamilyMart 全家高雄大坪頂店,078912787,高雄市,小港區,高坪二十二路４７１號一樓
FamilyMart 全家高雄崇明店,078314833,高雄市,小港區,港明里崇明街１６０號１樓
FamilyMart 全家高雄康莊店,078070804,高雄市,小港區,康莊路１８３號
FamilyMart 全家高雄港福店,078219460,高雄市,小港區,港平路１８號
FamilyMart 全家高雄敬業店,078069568,高雄市,小港區,華山路６３號
FamilyMart 全家高雄中安店,077932921,高雄市,小港區,廈莊一街１６８號
FamilyMart 全家高雄漢民店,078032604,高雄市,小港區,漢民路５０１號１樓
FamilyMart 全家高雄漢苓店,078023983,高雄市,小港區,漢民路１６９號
FamilyMart 全家高雄宏光店,078067310,高雄市,小港區,漢民路７８６號
FamilyMart 全家高雄港安店,078419919,高雄市,小港區,漢威街６８號
FamilyMart 全家高雄大林蒲店,078715898,高雄市,小港區,鳳林路９９號一樓
FamilyMart 全家高雄金鋼店,078222473,高雄市,小港區,鋼平街１５０號
FamilyMart 全家高雄蓮潭店,075852747,高雄市,左營區,孔營路２５號
FamilyMart 全家高雄文自店,073504496,高雄市,左營區,文自路４１１號
FamilyMart 全家高雄文萊店,073503463,高雄市,左營區,文萊路３２５號
FamilyMart 全家高雄左大店,075882327,高雄市,左營區,左營大路２４８號．２５０號
FamilyMart 全家高雄立信店,075565617,高雄市,左營區,立信路２０９號
FamilyMart 全家高雄光興店,075565991,高雄市,左營區,光興街６０號
FamilyMart 全家高雄致勝店,075884022,高雄市,左營區,先勝路２５號
FamilyMart 全家高雄先鋒店,075889767,高雄市,左營區,先鋒路４２５號一樓、夾層
FamilyMart 全家高雄花賞店,075561878,高雄市,左營區,辛亥路２５０號一樓
FamilyMart 全家高雄孟子店,073105707,高雄市,左營區,新光里孟子路５１５號一樓
FamilyMart 全家高雄孟立店,073500492,高雄市,左營區,菜公里孟子路１０９號一樓
FamilyMart 全家高雄孟文店,073453208,高雄市,左營區,孟子路３６５號一樓
FamilyMart 全家高雄富華店,075567836,高雄市,左營區,明華一路１９９號１樓
FamilyMart 全家高雄果豐店,075888743,高雄市,左營區,果峰街１２巷４２號
FamilyMart 全家高雄新勝店,075226814,高雄市,左營區,南屏路３１３號
FamilyMart 全家高雄光昌店,073655968,高雄市,左營區,後昌路６６９號一樓及貳樓
FamilyMart 全家高雄重和店,073502958,高雄市,左營區,重和路１９１號
FamilyMart 全家高雄重愛店,073462436,高雄市,左營區,重愛路２０８號
FamilyMart 全家高雄新海店,075882056,高雄市,左營區,海功路２號１樓
FamilyMart 全家高雄新左營店,075889698,高雄市,左營區,高雄市左營區尾北里站前北路１號
FamilyMart 全家高雄菜公店,075882590,高雄市,左營區,站前南路２７號１樓
FamilyMart 全家高雄市集店,073506156,高雄市,左營區,高鐵路１１５號
FamilyMart 全家高雄富城店,075508483,高雄市,左營區,富民路２３號
FamilyMart 全家高雄富裕店,075509859,高雄市,左營區,富國路４２０號
FamilyMart 全家高雄富國店,075590732,高雄市,左營區,新上里富國路４８號一樓
FamilyMart 全家高雄曾德店,073503824,高雄市,左營區,曾子路５０１號１樓
FamilyMart 全家高雄文川店,073502659,高雄市,左營區,曾子路３００號（配送用）
FamilyMart 全家高雄華夏店,073454328,高雄市,左營區,華夏路１１６８號１樓
FamilyMart 全家高雄華山店,073418769,高雄市,左營區,華夏路１７６１號壹樓
FamilyMart 全家高雄華珍店,073412687,高雄市,左營區,新莊一路１４３號
FamilyMart 全家高雄桃子園店,075858969,高雄市,左營區,鼓山三路３８９號
FamilyMart 全家高雄紅樓店,073494269,高雄市,左營區,榮總路５２２巷１９號一樓（配送用）
FamilyMart 全家高雄福榮店,073508483,高雄市,左營區,榮總路２２５號
FamilyMart 全家仁武五和店,073741557,高雄市,仁武區,八德西路１７８５號
FamilyMart 全家仁武吉仁店,073747959,高雄市,仁武區,仁孝路３３９號
FamilyMart 全家仁武仁龍店,073720423,高雄市,仁武區,烏林里仁林路１９０號壹樓
FamilyMart 全家仁武新大灣店,073749873,高雄市,仁武區,仁雄路９２－６號
FamilyMart 全家仁武仁德店,073732142,高雄市,仁武區,仁德巷６８號
FamilyMart 全家仁武仁塑店,073747416,高雄市,仁武區,竹後里水管路１８１號
FamilyMart 全家仁武永樂店,073739347,高雄市,仁武區,永仁街１６５號一樓
FamilyMart 全家仁武快樂店,073731735,高雄市,仁武區,安樂一街１３５號
FamilyMart 全家仁武大道店,073737859,高雄市,仁武區,鳳仁路１０６號
FamilyMart 全家仁武鳳仁店,073741130,高雄市,仁武區,鳳仁路４５號
FamilyMart 全家仁武澄觀店,073724926,高雄市,仁武區,澄觀路一段１１１１號
FamilyMart 全家大社保元店,073539656,高雄市,大社區,大社里中正路９５號及前方停車場
FamilyMart 全家大社神龍店,073511798,高雄市,大社區,金龍路９５之１、２、３號
FamilyMart 全家大社萬津店,073536737,高雄市,大社區,萬金路八號一樓
FamilyMart 全家大社棗安店,073539916,高雄市,大社區,翠屏路８６－６號一樓
FamilyMart 全家岡山飛行店,076254866,高雄市,岡山區,久和路１之１號
FamilyMart 全家岡山彩虹店,076218608,高雄市,岡山區,大德三路８８號
FamilyMart 全家岡山竹圍店,076227977,高雄市,岡山區,中山北路１５８號１樓＆２樓
FamilyMart 全家岡山前峰店,076256073,高雄市,岡山區,公園西路三段８８號１樓
FamilyMart 全家岡山新樂店,076210446,高雄市,岡山區,成功路２５號
FamilyMart 全家岡山忠誠店,076217220,高雄市,岡山區,成功路９７號一樓
FamilyMart 全家岡山竹東店,076214752,高雄市,岡山區,竹圍東街１６７號
FamilyMart 全家岡山平和店,076214732,高雄市,岡山區,岡山路２７７之１號１樓
FamilyMart 全家岡山岡燕店,076228970,高雄市,岡山區,岡燕路２８９號一至二樓
FamilyMart 全家岡山壽峰店,076258232,高雄市,岡山區,前峰路１３０－４號
FamilyMart 全家岡山柳橋店,076259480,高雄市,岡山區,柳橋西路一段２７號
FamilyMart 全家岡山影城店,076250836,高雄市,岡山區,捷安路１巷２號
FamilyMart 全家岡山全嘉店,076212407,高雄市,岡山區,嘉新東路２之２５號
FamilyMart 全家岡山嘉興店,076211081,高雄市,岡山區,嘉興路３７４之１０號１號
FamilyMart 全家路竹一甲店,076970649,高雄市,路竹區,大仁路３２６號１樓
FamilyMart 全家路竹竹東店,076964823,高雄市,路竹區,中山路７１１號
FamilyMart 全家台鋼科大店,076966437,高雄市,路竹區,中山路１８２１號（第三宿舍餐廳一樓）
FamilyMart 全家路竹中興宜店,076961279,高雄市,路竹區,中興路１４０號
FamilyMart 全家路竹樹人店,076074623,高雄市,路竹區,甲南里２１鄰環球路４５２號
FamilyMart 全家阿蓮雙蓮店,076317781,高雄市,阿蓮區,民生路１４２號
FamilyMart 全家阿蓮忠孝店,076311535,高雄市,阿蓮區,忠孝路２３２號。２３６號１樓
FamilyMart 全家燕巢深水店,076151595,高雄市,燕巢區,大仁路２之５號
FamilyMart 全家燕巢新民店,076142940,高雄市,燕巢區,中民路５３５號一樓
FamilyMart 全家燕巢安招店,076142800,高雄市,燕巢區,安招里安招路５９３之１號
FamilyMart 全家燕巢興師大店,076153818,高雄市,燕巢區,深中路６２號
FamilyMart 全家燕巢義大店,076152029,高雄市,燕巢區,義大路８號
FamilyMart 全家義大醫院店,076156587,高雄市,燕巢區,義大路１號Ｂ１
FamilyMart 全家橋頭建樹店,076128915,高雄市,橋頭區,成功北路６５、６７、６９號１樓
FamilyMart 全家橋頭合興店,076119030,高雄市,橋頭區,樹德路７５－８號
FamilyMart 全家橋頭鳳凰店,076117356,高雄市,橋頭區,橋新三路５３１號
FamilyMart 全家橋頭糖廠店,076118547,高雄市,橋頭區,糖廠路２－１號一樓
FamilyMart 全家梓官大舍東店,076105797,高雄市,梓官區,大舍東路２３７之１號
FamilyMart 全家梓官蚵發店,076106760,高雄市,梓官區,赤崁南路１２７號１樓
FamilyMart 全家梓官梓興店,076103981,高雄市,梓官區,進學路２７號１樓
FamilyMart 全家梓官蚵仔寮店,076107313,高雄市,梓官區,漁港二路１３號
FamilyMart 全家彌陀公園店,076107858,高雄市,彌陀區,中正西路２３９號
FamilyMart 全家彌陀虱目魚店,076101475,高雄市,彌陀區,中正路５０號一樓
FamilyMart 全家永安保安店,076914009,高雄市,永安區,保安路１３０－２號
FamilyMart 全家湖內大湖店,076930921,高雄市,湖內區,大湖里中山路一段４９３號
FamilyMart 全家湖內正億店,076936985,高雄市,湖內區,正義一路２１０號
FamilyMart 全家湖內保昇店,076998269,高雄市,湖內區,信義路３４８號壹樓
FamilyMart 全家湖內昇華店,076998073,高雄市,湖內區,保生路１００號
FamilyMart 全家鳳山三誠店,078154389,高雄市,鳳山區,三誠路９９號
FamilyMart 全家鳳山東德店,077196797,高雄市,鳳山區,和德里大東二路４３之１號
FamilyMart 全家鳳山忠義店,077471958,高雄市,鳳山區,中山西路３６６，３６８號
FamilyMart 全家鳳山埤頂店,077021821,高雄市,鳳山區,中山東路５４５號一樓
FamilyMart 全家鳳山鳳翔店,077022294,高雄市,鳳山區,中山東路２３４巷５３號
FamilyMart 全家鳳山鳳埤店,077031187,高雄市,鳳山區,中山東路２９２號
FamilyMart 全家鳳山繁華店,077406974,高雄市,鳳山區,中山路１５１號壹樓
FamilyMart 全家鳳山中崙店,077535784,高雄市,鳳山區,中崙四路１號
FamilyMart 全家鳳山光華店,077901684,高雄市,鳳山區,五甲一路１４９號
FamilyMart 全家鳳山甲二店,077685159,高雄市,鳳山區,五甲二路９９號
FamilyMart 全家鳳山新福店,077689717,高雄市,鳳山區,五福二路１１５號
FamilyMart 全家鳳山天興店,078230826,高雄市,鳳山區,天興街５３號
FamilyMart 全家鳳山衡濱店,077775735,高雄市,鳳山區,文衡路４３９、４４１號一樓
FamilyMart 全家鳳山牛稠埔店,077352756,高雄市,鳳山區,文龍東路１７０號
FamilyMart 全家鳳山文濱店,077776390,高雄市,鳳山區,文濱路１４３號１樓
FamilyMart 全家鳳山平等店,077408446,高雄市,鳳山區,平等路４１－１號
FamilyMart 全家鳳山聖王店,077191152,高雄市,鳳山區,光復路一段５２號一樓
FamilyMart 全家鳳山興仁店,077194539,高雄市,鳳山區,光華路６７號
FamilyMart 全家鳳山自強店,078314209,高雄市,鳳山區,自強二路１４７號，１４９號
FamilyMart 全家鳳山御丰景店,077160679,高雄市,鳳山區,武營路１３６號
FamilyMart 全家鳳山文山店,077778107,高雄市,鳳山區,青年路二段４６０號一樓
FamilyMart 全家鳳山文華店,077805255,高雄市,鳳山區,青年路二段１７１號
FamilyMart 全家鳳山華興店,077260571,高雄市,鳳山區,南華路１７１號１樓
FamilyMart 全家鳳山南華店,077277379,高雄市,鳳山區,南華路８３號
FamilyMart 全家鳳山善美店,077160451,高雄市,鳳山區,善美里南榮路８３號一樓
FamilyMart 全家鳳山朝鳳店,077965131,高雄市,鳳山區,紅毛港路１００號壹樓
FamilyMart 全家鳳山海洋店,077666342,高雄市,鳳山區,海洋一路１２７號，１２９號
FamilyMart 全家鳳山興昌店,077455277,高雄市,鳳山區,國光路５０號
FamilyMart 全家鳳山武營店,077671475,高雄市,鳳山區,凱旋路４３７號１樓
FamilyMart 全家鳳山凱旋店,077636049,高雄市,鳳山區,凱旋路２６５號
FamilyMart 全家鳳山新強店,077675827,高雄市,鳳山區,新富路２１０號
FamilyMart 全家鳳山新富店,077668853,高雄市,鳳山區,新富路３９８號１樓
FamilyMart 全家鳳山瑞興店,077191407,高雄市,鳳山區,瑞興路１２０號
FamilyMart 全家鳳山工協店,077035069,高雄市,鳳山區,瑞興路４７７號
FamilyMart 全家鳳山力行店,077100523,高雄市,鳳山區,經武路３１６號
FamilyMart 全家鳳山誠義店,077406564,高雄市,鳳山區,誠義路１１９號
FamilyMart 全家鳳山頂庄店,077925213,高雄市,鳳山區,過勇路１１１號
FamilyMart 全家鳳山鎮北店,077337069,高雄市,鳳山區,鳳北路６３號１樓。２樓
FamilyMart 全家鳳山鳳彥店,077926356,高雄市,鳳山區,鳳甲路４１８號
FamilyMart 全家鳳山老爺店,077170515,高雄市,鳳山區,鳳南路１９號
FamilyMart 全家鳳山鳳庄店,077918768,高雄市,鳳山區,鳳頂路１８１號
FamilyMart 全家大發中庄店,077031937,高雄市,大寮區,八德路３２號
FamilyMart 全家和發廣場店,077870504,高雄市,大寮區,上發二路６５號１樓
FamilyMart 全家大發大來店,077011868,高雄市,大寮區,大漢路３５２號
FamilyMart 全家大發上發店,077880696,高雄市,大寮區,大寮路９６１號
FamilyMart 全家大發開封店,077888382,高雄市,大寮區,大寮里大寮路６３０號６３２號１樓
FamilyMart 全家大發仁忠店,077874328,高雄市,大寮區,仁忠路１０３號
FamilyMart 全家大發仁愛店,077012590,高雄市,大寮區,仁愛路２２號
FamilyMart 全家大發內厝店,077827898,高雄市,大寮區,內厝路３０８號（配送用）
FamilyMart 全家大發四維店,077031279,高雄市,大寮區,四維路２８６號
FamilyMart 全家大發翁園店,077835977,高雄市,大寮區,巷尾路２之１號
FamilyMart 全家大發輔大二店,077826753,高雄市,大寮區,進學路１５１號
FamilyMart 全家大發萬翁店,077832602,高雄市,大寮區,永芳里萬丹路５４５號
FamilyMart 全家大發新發店,077835368,高雄市,大寮區,鳳林三路４０５號
FamilyMart 全家大發江山店,077019527,高雄市,大寮區,鳳屏二路４６號
FamilyMart 全家林園文林店,076417056,高雄市,林園區,東林西路１３７號
FamilyMart 全家林園鑫園店,076417592,高雄市,林園區,林園北路４３９號一樓
FamilyMart 全家林園海洋店,076410558,高雄市,林園區,漁港路８７號
FamilyMart 全家林園鳳林店,076436091,高雄市,林園區,鳳林路一段９２號
FamilyMart 全家鳥松大仁店,077353830,高雄市,鳥松區,鳥松里大仁南路１號一樓
FamilyMart 全家鳥松高庚店,077355028,高雄市,鳥松區,鳥松區大華里大埤路１２３號Ｂ１
FamilyMart 全家鳥松濱湖店,077352906,高雄市,鳥松區,文前路３巷２１－１號
FamilyMart 全家鳥松志榛店,073707758,高雄市,鳥松區,本館路１００號１樓
FamilyMart 全家鳥松觀湖店,077354728,高雄市,鳥松區,松埔北巷４－２０５號
FamilyMart 全家鳥松大華店,073709772,高雄市,鳥松區,球場路７５號１樓
FamilyMart 全家鳥松仁美店,077333641,高雄市,鳥松區,學堂路９１－１號
FamilyMart 全家大樹水興店,076526780,高雄市,大樹區,水寮里中山路１７４號
FamilyMart 全家大樹旺萊店,076527877,高雄市,大樹區,中正一路２３９號
FamilyMart 全家大樹虹荔店,076562768,高雄市,大樹區,溪埔路４號
FamilyMart 全家大樹鳳荔店,076520498,高雄市,大樹區,實踐路６１號（一二三四間）
FamilyMart 全家大樹義大三店,076567562,高雄市,大樹區,學城路一段１號（教學大樓３樓）
FamilyMart 全家大樹義城店,076568076,高雄市,大樹區,學城路一段１２號（商店街１２，１３號）
FamilyMart 全家大樹義邦店,076568082,高雄市,大樹區,三和里學城路１段１２號Ｃ３Ｆ０８
FamilyMart 全家大樹義大一店,076578913,高雄市,大樹區,學城路一段１號（學生活動中心）
FamilyMart 全家大樹義大二店,076577938,高雄市,大樹區,學城路一段８巷２號地下１樓
FamilyMart 全家旗山車站店,076626300,高雄市,旗山區,大同街２３號
FamilyMart 全家美濃泰安店,076812061,高雄市,美濃區,中正路一段５３號
FamilyMart 全家六龜農會店,076891095,高雄市,六龜區,光復路１０９號
FamilyMart 全家內門羅漢門店,076672369,高雄市,內門區,南屏路２３５號
FamilyMart 全家杉林農會店,076774509,高雄市,杉林區,清水路４５號
FamilyMart 全家甲仙雅雪店,076751568,高雄市,甲仙區,新興路９２號
FamilyMart 全家桃源梅蘭店,076866068,高雄市,桃源區,拉芙蘭里南橫公路五段１８５號
FamilyMart 全家茄萣民治店,076988573,高雄市,茄萣區,民治路１０１號１＆２＆３樓
FamilyMart 全家茄萣白砂崙店,076903182,高雄市,茄萣區,白砂路２４３號１樓
FamilyMart 全家屏東鑫翊聖店,087324736,屏東縣,屏東市,崇蘭９８－２４號
FamilyMart 全家屏東大崇店,087327312,屏東縣,屏東市,大同北路１０２號
FamilyMart 全家屏東車頭店,087518198,屏東縣,屏東市,擇仁里公勇路６２號１樓
FamilyMart 全家屏東愛園店,087329836,屏東縣,屏東市,公園路２１號１樓
FamilyMart 全家屏東商大店,087217393,屏東縣,屏東市,民生東路５１號（圖資大樓一樓）
FamilyMart 全家屏東民榮店,087224302,屏東縣,屏東市,民生路１２－２．１２－３號
FamilyMart 全家屏東大埔店,087326415,屏東縣,屏東市,民族路３０３號一樓
FamilyMart 全家屏東華盛店,087517627,屏東縣,屏東市,崇武里永大路６６號一樓
FamilyMart 全家屏東長安店,087321979,屏東縣,屏東市,光復路３４８號一樓
FamilyMart 全家屏東安心店,087215756,屏東縣,屏東市,安心四橫巷４４９號
FamilyMart 全家屏東中華店,087361342,屏東縣,屏東市,自由路４２２號
FamilyMart 全家屏東醫院店,087366829,屏東縣,屏東市,自由路２７０號
FamilyMart 全家屏東民享店,087217523,屏東縣,屏東市,林森路２３號１樓
FamilyMart 全家屏東武成店,087515082,屏東縣,屏東市,武成街８２－５號
FamilyMart 全家屏東昌賢店,087514933,屏東縣,屏東市,建民路６３號
FamilyMart 全家屏東龍躍店,087516239,屏東縣,屏東市,建國路２３０號約室內６５坪及前方停車場
FamilyMart 全家屏東交流道店,087363868,屏東縣,屏東市,海豐街２－２５號
FamilyMart 全家屏東頭前溪店,087511257,屏東縣,屏東市,清溪路７３號１樓
FamilyMart 全家屏東華敬店,087364107,屏東縣,屏東市,莊敬街一段２９號
FamilyMart 全家屏東徐州店,087322293,屏東縣,屏東市,勝利路１９７之６．１９７之７號
FamilyMart 全家屏東瑞光店,087210590,屏東縣,屏東市,瑞光路二段８６號
FamilyMart 全家屏東榮總店,087515358,屏東縣,屏東市,榮總東路１號
FamilyMart 全家屏東福光店,087519167,屏東縣,屏東市,廣東南路９０號１樓
FamilyMart 全家屏東豐榮店,087364252,屏東縣,屏東市,廣東路４５８號一樓
FamilyMart 全家屏東廣興店,087364763,屏東縣,屏東市,廣東路７２２號
FamilyMart 全家屏東崇蘭店,087328478,屏東縣,屏東市,廣東路１４８８號
FamilyMart 全家屏東廣民店,087210439,屏東縣,屏東市,廣東路１２５號ㄧ樓、二樓
FamilyMart 全家屏東公館店,087518978,屏東縣,屏東市,龍華路１７８號
FamilyMart 全家屏東歸來店,087214149,屏東縣,屏東市,湖南里歸義巷３４號一樓
FamilyMart 全家三地門恆美店,087991877,屏東縣,三地門鄉,中正路二段１６號
FamilyMart 全家九如東寧店,087397995,屏東縣,九如鄉,東寧路２１５號
FamilyMart 全家里港豪吉店,087733165,屏東縣,里港鄉,三和路１２１之５號
FamilyMart 全家里港永樂店,087756890,屏東縣,里港鄉,永樂路４＆６號
FamilyMart 全家高樹農會店,087967540,屏東縣,高樹鄉,南興路１４１－５號
FamilyMart 全家鹽埔高朗店,087930385,屏東縣,鹽埔鄉,高朗村三民路８０－１號
FamilyMart 全家鹽埔豐年店,087936175,屏東縣,鹽埔鄉,光復路８９號
FamilyMart 全家鹽埔大仁店,087628180,屏東縣,鹽埔鄉,維新路２０號（學生餐廳）
FamilyMart 全家鹽埔新圍店,087937325,屏東縣,鹽埔鄉,維新路９０之２號ㄧ樓
FamilyMart 全家長治繁華店,087620282,屏東縣,長治鄉,繁華村中山路１１－１號
FamilyMart 全家長治交流店,087626098,屏東縣,長治鄉,繁華村水源路１９５號
FamilyMart 全家長治大江店,087626797,屏東縣,長治鄉,德和村神農路１２號
FamilyMart 全家長治公園店,087215226,屏東縣,長治鄉,瑞源路２５０號
FamilyMart 全家長治德和店,087625826,屏東縣,長治鄉,德和路６６號
FamilyMart 全家長治合潭店,087216029,屏東縣,長治鄉,潭頭路１９２－５號。１９２－６號
FamilyMart 全家麟洛麟趾店,087212575,屏東縣,麟洛鄉,中山路４１７號
FamilyMart 全家竹田農會店,087713117,屏東縣,竹田鄉,中正路７６－５號
FamilyMart 全家內埔豐田店,087783743,屏東縣,內埔鄉,中正路４５３號
FamilyMart 全家內埔文化店,087782022,屏東縣,內埔鄉,中興路９２號１樓
FamilyMart 全家內埔光明店,087789851,屏東縣,內埔鄉,內埔村光明路６１３號１樓
FamilyMart 全家內埔水門店,087992982,屏東縣,內埔鄉,自力路６８號一樓
FamilyMart 全家內埔昌宏店,087780658,屏東縣,內埔鄉,昌宏路１７９號部份
FamilyMart 全家內埔埔勝店,087784118,屏東縣,內埔鄉,南寧路１６４－１號
FamilyMart 全家內埔榮總店,087701769,屏東縣,內埔鄉,昭勝路安平１巷１號
FamilyMart 全家內埔壽比店,087709493,屏東縣,內埔鄉,老埤村壽比路７４２號
FamilyMart 全家內埔學苑店,087785950,屏東縣,內埔鄉,壽比路２２８號一樓
FamilyMart 全家內埔屏科大店,087740519,屏東縣,內埔鄉,學府路１號
FamilyMart 全家內埔笠頂店,087990132,屏東縣,內埔鄉,老埤村環山路５７０號及其停車場如圖
FamilyMart 全家萬丹萬鑫店,087760552,屏東縣,萬丹鄉,萬丹路一段３６７號
FamilyMart 全家潮州三林店,087898807,屏東縣,潮州鎮,三林路１８５號一樓
FamilyMart 全家潮州八老爺店,087897961,屏東縣,潮州鎮,大同路８２之２號
FamilyMart 全家潮州公園店,087898128,屏東縣,潮州鎮,公園路１５７號一樓部分如附圖
FamilyMart 全家潮州長興店,087895965,屏東縣,潮州鎮,長興路２６號
FamilyMart 全家潮州文化店,087899969,屏東縣,潮州鎮,朝昇路１９０－１號一樓及二樓１５坪
FamilyMart 全家潮州三和店,087892217,屏東縣,潮州鎮,朝昇路３４６號鐵皮屋約１２０坪範圍
FamilyMart 全家潮州福星店,087882133,屏東縣,潮州鎮,福星路３５１、３５３號１樓
FamilyMart 全家潮州樂活店,087899538,屏東縣,潮州鎮,潮義路５９８號
FamilyMart 全家萬巒豬腳店,087813228,屏東縣,萬巒鄉,民和路５號一樓、二樓部份
FamilyMart 全家崁頂文化店,088635750,屏東縣,崁頂鄉,中正路１８８號
FamilyMart 全家新埤屏鵝店,087972105,屏東縣,新埤鄉,新民路３號
FamilyMart 全家南州庄頭店,088642843,屏東縣,南州鄉,三民路５２之３號
FamilyMart 全家南州壽元店,088643455,屏東縣,南州鄉,勝利路５－１０號１樓
FamilyMart 全家林邊中林店,088750150,屏東縣,林邊鄉,中林路７９號
FamilyMart 全家東港大鵬店,088327389,屏東縣,東港鎮,船頭里大成路５７號（如圖）
FamilyMart 全家東港潭灣店,088327368,屏東縣,東港鎮,大潭路６之１５號（配送用）
FamilyMart 全家東港東隆店,088339381,屏東縣,東港鎮,中正路５５號１樓
FamilyMart 全家東港大船店,088322879,屏東縣,東港鎮,中正路１７５號一、二、三、四樓
FamilyMart 全家東港安泰店,088339579,屏東縣,東港鎮,中正路一段２１０號（安泰教學醫院）
FamilyMart 全家東港東王店,088326923,屏東縣,東港鎮,東新里文昌街１７０、１７２號一樓
FamilyMart 全家東港長春店,088323957,屏東縣,東港鎮,長春一路９３號
FamilyMart 全家東港東光店,088326703,屏東縣,東港鎮,長春二路２０６號
FamilyMart 全家東港碼頭店,088323947,屏東縣,東港鎮,朝隆路６號
FamilyMart 全家東港鮪魚店,088326592,屏東縣,東港鎮,順漁路１２９號
FamilyMart 全家東港興東店,088338646,屏東縣,東港鎮,興東路４９之２號
FamilyMart 全家琉球白沙店,088611797,屏東縣,琉球鄉,民生路２之６號
FamilyMart 全家佳冬廣惠店,088667881,屏東縣,佳冬鄉,中山路１１２號
FamilyMart 全家佳冬佳和店,088666903,屏東縣,佳冬鄉,佳和路１０３號一樓及其停車場（如圖）
FamilyMart 全家新園新東店,088683432,屏東縣,新園鄉,新東路１號
FamilyMart 全家新園興隆店,088325028,屏東縣,新園鄉,鹽埔村鹽龍路１５８號。１６０號
FamilyMart 全家枋寮愛琴海店,088786267,屏東縣,枋寮鄉,枋寮村中山路２４３號一、二樓
FamilyMart 全家枋寮北店,088716692,屏東縣,枋寮鄉,中山路二段１８０號
FamilyMart 全家枋寮大嚮店,088713070,屏東縣,枋寮鄉,中山路三段３９號及其停車場
FamilyMart 全家枋寮建興店,088712053,屏東縣,枋寮鄉,建興路２４６號
FamilyMart 全家枋寮隆山店,088787017,屏東縣,枋寮鄉,隆山路８０號
FamilyMart 全家枋寮臨海店,088660321,屏東縣,枋寮鄉,臨海路二段８９號
FamilyMart 全家枋山觀海店,088761895,屏東縣,枋山鄉,南和路８０號
FamilyMart 全家春日勇士店,088791979,屏東縣,春日鄉,自強二路１７號
FamilyMart 全家獅子金流店,088701236,屏東縣,獅子鄉,草埔村１０鄰草埔６巷３６號
FamilyMart 全家車城風車店,088825476,屏東縣,車城鄉,中山路２－１號
FamilyMart 全家恆春麗園店,088880643,屏東縣,恆春鎮,中正路１２８號
FamilyMart 全家恆春恆楠店,088881028,屏東縣,恆春鎮,恆南路１３－２號及其停車場
FamilyMart 全家恆春北恆店,088880565,屏東縣,恆春鎮,省北路３７號
FamilyMart 全家恆春海角店,088882856,屏東縣,恆春鎮,福德路１０７號與停車場如圖
FamilyMart 全家墾丁大街店,088861658,屏東縣,恆春鎮,墾丁路１４８號
FamilyMart 全家滿州豐盈店,088802383,屏東縣,滿州鄉,中山路３０號（配送用）
FamilyMart 全家宜蘭大福店,039301476,宜蘭縣,宜蘭市,大福路一段４３號，４５號
FamilyMart 全家宜蘭學府店,039359495,宜蘭縣,宜蘭市,女中路三段２３９號一樓
FamilyMart 全家宜蘭縣府店,039253048,宜蘭縣,宜蘭市,中山路一段３４６號一至二樓
FamilyMart 全家宜蘭女中店,039330739,宜蘭縣,宜蘭市,中山路二段１０７號１樓
FamilyMart 全家宜蘭中山店,039312463,宜蘭縣,宜蘭市,中山路三段２１０號一樓
FamilyMart 全家宜蘭南館店,039367350,宜蘭縣,宜蘭市,中山路三段２０、２２號１樓
FamilyMart 全家宜蘭新吳沙店,039289296,宜蘭縣,宜蘭市,中山路五段８１號一樓
FamilyMart 全家宜蘭凱旋店,039255043,宜蘭縣,宜蘭市,公園路１號
FamilyMart 全家宜蘭文昌店,039356428,宜蘭縣,宜蘭市,文昌路１２０號
FamilyMart 全家宜蘭民族店,039334306,宜蘭縣,宜蘭市,民族路２８１號一樓
FamilyMart 全家宜蘭新月店,039324619,宜蘭縣,宜蘭市,民權路二段３８巷６號【新月廣場１樓】
FamilyMart 全家宜蘭車站店,039310485,宜蘭縣,宜蘭市,光復路１號
FamilyMart 全家宜蘭新延平店,039373446,宜蘭縣,宜蘭市,延平路３８之４１號
FamilyMart 全家宜蘭國道店,039387674,宜蘭縣,宜蘭市,東港路一段２５０號一樓
FamilyMart 全家宜蘭東港店,039373859,宜蘭縣,宜蘭市,中興里東港路二段５５２號、５５６號１樓
FamilyMart 全家宜蘭進士店,039253745,宜蘭縣,宜蘭市,南橋路４２７號
FamilyMart 全家宜蘭陽大店,039385194,宜蘭縣,宜蘭市,校舍路１６９號Ｂ１
FamilyMart 全家宜蘭轉運站店,039387932,宜蘭縣,宜蘭市,校舍路１９０號
FamilyMart 全家宜蘭福泰店,039324868,宜蘭縣,宜蘭市,泰山路８３號
FamilyMart 全家宜蘭新泰山店,039313137,宜蘭縣,宜蘭市,泰山路５３５號１樓
FamilyMart 全家宜蘭神農店,039313478,宜蘭縣,宜蘭市,神農路一段１０２號；農權路２５７，２５
FamilyMart 全家宜蘭嵐峰店,039326479,宜蘭縣,宜蘭市,嵐峰路１段１１０號１樓
FamilyMart 全家宜蘭陽明店,039324729,宜蘭縣,宜蘭市,新民路１４８號
FamilyMart 全家頭城車頭店,039782455,宜蘭縣,頭城鎮,民鋒路３２號
FamilyMart 全家宜蘭二城店,039870089,宜蘭縣,頭城鎮,青雲路一段２３８號１樓
FamilyMart 全家頭城省道店,039870631,宜蘭縣,頭城鎮,二城里青雲路一段１號
FamilyMart 全家頭城梗枋店,039771430,宜蘭縣,頭城鎮,濱海路三段１２號全部
FamilyMart 全家宜蘭大溪店,039781195,宜蘭縣,頭城鎮,大溪里濱海路五段４７０號４７２號
FamilyMart 全家宜蘭礁溪店,039870468,宜蘭縣,礁溪鄉,中山路二段１４４號
FamilyMart 全家礁溪滿意店,039881671,宜蘭縣,礁溪鄉,中山路二段５７號一樓
FamilyMart 全家礁溪仁愛店,039872033,宜蘭縣,礁溪鄉,仁愛路１６號１樓
FamilyMart 全家礁溪玉田店,039871971,宜蘭縣,礁溪鄉,玉龍路一段５５０號
FamilyMart 全家礁溪健康店,039874587,宜蘭縣,礁溪鄉,健康路５０號１樓之１
FamilyMart 全家礁溪關帝店,039880064,宜蘭縣,礁溪鄉,礁溪路４段２６號１＆２樓
FamilyMart 全家壯圍功勞店,039305772,宜蘭縣,壯圍鄉,功勞路１９之１號１樓
FamilyMart 全家壯圍吉祥店,039388144,宜蘭縣,壯圍鄉,壯五路２７８號１樓
FamilyMart 全家壯圍濱海店,039308929,宜蘭縣,壯圍鄉,壯濱路三段３０６－１號
FamilyMart 全家壯圍美功店,039309263,宜蘭縣,壯圍鄉,美功路一段１６８號
FamilyMart 全家宜蘭內城店,039230814,宜蘭縣,員山鄉,內城路４５５號１樓
FamilyMart 全家宜蘭員山店,039233360,宜蘭縣,員山鄉,員山路一段１２２號１樓
FamilyMart 全家員山農會店,039233267,宜蘭縣,員山鄉,員山路一段２８１號
FamilyMart 全家員山惠民店,039225049,宜蘭縣,員山鄉,惠民路１３４號
FamilyMart 全家宜蘭內員山店,039233004,宜蘭縣,員山鄉,溫泉路１０號、１０之１號
FamilyMart 全家羅東中榮店,039603394,宜蘭縣,羅東鎮,中山路二段２８３號及２８５號壹樓
FamilyMart 全家羅東南豪店,039578051,宜蘭縣,羅東鎮,中正南路１９號壹樓
FamilyMart 全家羅東南門店,039574266,宜蘭縣,羅東鎮,中正路１號
FamilyMart 全家羅東公正店,039511509,宜蘭縣,羅東鎮,公正路５５１號．５５３號．５５５號
FamilyMart 全家羅東站前店,039561480,宜蘭縣,羅東鎮,公正路６１號
FamilyMart 全家羅東車站店,039565416,宜蘭縣,羅東鎮,公正路２號
FamilyMart 全家羅東民族店,039542728,宜蘭縣,羅東鎮,公園路５０號
FamilyMart 全家羅東北城店,039616687,宜蘭縣,羅東鎮,四育路７１號
FamilyMart 全家羅東天祥店,039534547,宜蘭縣,羅東鎮,南昌東街３９號１樓
FamilyMart 全家羅東新興東店,039545949,宜蘭縣,羅東鎮,純精路一段２３６號一樓
FamilyMart 全家羅東鑫復興店,039553056,宜蘭縣,羅東鎮,復興路二段２６６號
FamilyMart 全家羅東倉前店,039578240,宜蘭縣,羅東鎮,公正里興東路１６１號一樓
FamilyMart 全家羅東金鼎店,039578277,宜蘭縣,羅東鎮,興東路８之１號１樓
FamilyMart 全家宜蘭天送埤店,039894021,宜蘭縣,三星鄉,三星路七段３２２號
FamilyMart 全家三星大洲店,039557313,宜蘭縣,三星鄉,上將路二段４３５號部份
FamilyMart 全家大同南山店,039809056,宜蘭縣,大同鄉,泰雅路七段１３７號
FamilyMart 全家五結國道店,039604824,宜蘭縣,五結鄉,中興路一段１７７號１樓
FamilyMart 全家宜蘭五結店,039603371,宜蘭縣,五結鄉,五結中路１７、１９號
FamilyMart 全家五結興盛店,039553470,宜蘭縣,五結鄉,五結路三段７５１號１Ｆ
FamilyMart 全家五結濱海店,039503632,宜蘭縣,五結鄉,季新村五濱路二段２３０號一樓
FamilyMart 全家五結鑫利成店,039603740,宜蘭縣,五結鄉,利成路一段５－１號
FamilyMart 全家五結利澤店,039604483,宜蘭縣,五結鄉,利澤村利成路二段３９０號一樓
FamilyMart 全家宜蘭薪傳店,039601397,宜蘭縣,五結鄉,傳藝路二段１５６號一樓及停車場
FamilyMart 全家冬山中心店,039592744,宜蘭縣,冬山鄉,冬山路１０８號一樓
FamilyMart 全家冬山群英店,039583538,宜蘭縣,冬山鄉,冬山路三段５９５號
FamilyMart 全家冬山永興店,039587433,宜蘭縣,冬山鄉,永興路一段１號１樓
FamilyMart 全家冬山梅花店,039614408,宜蘭縣,冬山鄉,廣興村梅花路２８０號壹樓
FamilyMart 全家冬山義新店,039587507,宜蘭縣,冬山鄉,義成路三段４０９號
FamilyMart 全家冬山義成店,039585625,宜蘭縣,冬山鄉,義成路三段三一六號一樓
FamilyMart 全家宜蘭廣源店,039517357,宜蘭縣,冬山鄉,廣興路４８號
FamilyMart 全家宜蘭廣鑫店,039518485,宜蘭縣,冬山鄉,廣興路２６７號
FamilyMart 全家蘇澳馬賽店,039909822,宜蘭縣,蘇澳鎮,大同路７號１樓
FamilyMart 全家蘇澳車頭店,039952603,宜蘭縣,蘇澳鎮,蘇南里中山路一段６３號一樓
FamilyMart 全家蘇澳聖湖店,039954216,宜蘭縣,蘇澳鎮,聖湖里中山路二段３１號一樓
FamilyMart 全家宜蘭鑫南澳店,039984217,宜蘭縣,蘇澳鎮,蘇花路二段３２０號一樓
FamilyMart 全家蘇澳國道店,039596621,宜蘭縣,蘇澳鎮,新城里蘇新路８１號１樓
FamilyMart 全家宜蘭東澳店,039986229,宜蘭縣,南澳鄉,東岳村蘇花路三段２０１號一樓
FamilyMart 全家花蓮富強店,038465247,花蓮縣,花蓮市,中山路７０８號１樓
FamilyMart 全家花蓮國安店,038311590,花蓮縣,花蓮市,中山路４０６－２號
FamilyMart 全家花蓮建中店,038315576,花蓮縣,花蓮市,中山路５４７－２號
FamilyMart 全家花蓮大愛店,038466456,花蓮縣,花蓮市,中央路三段７０７號（大愛樓地下室超商）
FamilyMart 全家花蓮慈濟店,038571610,花蓮縣,花蓮市,中央路三段７０７號３樓
FamilyMart 全家花蓮榮正店,038336312,花蓮縣,花蓮市,中正路２０７號．２０９號
FamilyMart 全家花蓮正義店,038326265,花蓮縣,花蓮市,中正路４１３號１樓
FamilyMart 全家花蓮正明店,038335750,花蓮縣,花蓮市,中正路６３３號
FamilyMart 全家花蓮正國店,038358084,花蓮縣,花蓮市,中正路５６９號
FamilyMart 全家花蓮中福店,038320342,花蓮縣,花蓮市,中正路２６８號１樓
FamilyMart 全家花蓮新美店,038236890,花蓮縣,花蓮市,中興路１８２號１樓
FamilyMart 全家花蓮光復店,038316381,花蓮縣,花蓮市,民國路１２１號
FamilyMart 全家花蓮遠百店,038310861,花蓮縣,花蓮市,林森路１９１號１樓
FamilyMart 全家花蓮博愛店,038352319,花蓮縣,花蓮市,林森路２５０號
FamilyMart 全家花蓮慈安店,038463933,花蓮縣,花蓮市,建國路二段８７６號
FamilyMart 全家花蓮車站店,038311943,花蓮縣,花蓮市,國聯一路１００號１樓
FamilyMart 全家花蓮國盛店,038328037,花蓮縣,花蓮市,國聯五路１２６、１２８號１樓
FamilyMart 全家花蓮國興店,038322092,花蓮縣,花蓮市,國聯五路５９號
FamilyMart 全家花蓮德順店,038337071,花蓮縣,花蓮市,德安一街２２３號１樓
FamilyMart 全家新城佳山店,038268488,花蓮縣,新城鄉,佳林村佳林１０５號
FamilyMart 全家新城富山店,038611479,花蓮縣,新城鄉,北三棧１１９號
FamilyMart 全家新城光隆店,038264920,花蓮縣,新城鄉,康樂村加灣１之２號
FamilyMart 全家新城望海店,038233371,花蓮縣,新城鄉,七星街１１０號
FamilyMart 全家新城北埔店,038269462,花蓮縣,新城鄉,北埔路１５９號一樓
FamilyMart 全家新城青宅店,038262087,花蓮縣,新城鄉,北埔路３３９號
FamilyMart 全家新城嘉新店,038226046,花蓮縣,新城鄉,嘉新村花師街３７號一樓
FamilyMart 全家新城康樂店,038262100,花蓮縣,新城鄉,康樂村康樂路２７９號
FamilyMart 全家新城太魯閣店,038610632,花蓮縣,新城鄉,新城村新興路５３號１樓
FamilyMart 全家新城嘉平店,038267086,花蓮縣,新城鄉,嘉里村嘉里三街８０之１號
FamilyMart 全家新城民益店,038225610,花蓮縣,新城鄉,嘉新村嘉新路４５號
FamilyMart 全家秀林崇德店,038621419,花蓮縣,秀林鄉,崇德村海濱７號１樓
FamilyMart 全家秀林銅蘭店,038641847,花蓮縣,秀林鄉,文蘭１－１號
FamilyMart 全家秀林和平店,038682172,花蓮縣,秀林鄉,和平村和平路１８７號一樓
FamilyMart 全家吉安宜安店,038540386,花蓮縣,吉安鄉,中山路二段７１之２號
FamilyMart 全家吉安慶豐店,038521566,花蓮縣,吉安鄉,慶豐村中山路三段４５０號一樓
FamilyMart 全家吉安仁里店,038546913,花蓮縣,吉安鄉,仁里村中正路１段１５３號，１５５號１樓
FamilyMart 全家吉安仁安店,038546601,花蓮縣,吉安鄉,仁里五街４８－１號
FamilyMart 全家吉安昌吉店,038460019,花蓮縣,吉安鄉,吉安路一段２０號
FamilyMart 全家吉安鑫莊敬店,038561115,花蓮縣,吉安鄉,自強路６０３號
FamilyMart 全家吉安和平店,038564431,花蓮縣,吉安鄉,自強路３９５號之１
FamilyMart 全家吉安自強店,038514770,花蓮縣,吉安鄉,勝安村自強路１２９號一樓１３１號
FamilyMart 全家吉安東海店,038544347,花蓮縣,吉安鄉,東海十街１４２號１樓
FamilyMart 全家吉安福興店,038541041,花蓮縣,吉安鄉,福興路２３２－１號
FamilyMart 全家壽豐東華店,038630021,花蓮縣,壽豐鄉,大學路二段１號（東華大學六期學生宿舍）
FamilyMart 全家壽豐東華二店,038630329,花蓮縣,壽豐鄉,大學路二段１號（多容館）
FamilyMart 全家壽豐東湖店,038630177,花蓮縣,壽豐鄉,志學村大學路２段１號（湖畔之心）
FamilyMart 全家壽豐豐田店,038652750,花蓮縣,壽豐鄉,豐山村中山路１９５號
FamilyMart 全家壽豐農會店,038653896,花蓮縣,壽豐鄉,中山路五段６０號
FamilyMart 全家壽豐志學店,038664996,花蓮縣,壽豐鄉,志學村中正路１７號
FamilyMart 全家光復省道店,038702528,花蓮縣,光復鄉,大全村中山路一段５２號
FamilyMart 全家光復車站店,038701110,花蓮縣,光復鄉,中山路二段２２３號
FamilyMart 全家瑞穗車站店,038875375,花蓮縣,瑞穗鄉,瑞穗村中正北路１號一樓
FamilyMart 全家瑞穗瑞雄店,038873982,花蓮縣,瑞穗鄉,溫泉路三段１７９．１８１號
FamilyMart 全家玉里中山店,038883433,花蓮縣,玉里鎮,中山路二段５４號
FamilyMart 全家玉里玉溪店,038980425,花蓮縣,玉里鎮,中華路１７７號
FamilyMart 全家富里御皇米店,038861715,花蓮縣,富里鄉,東里村大莊路１之１號
